id,slug,name,category,tagline,tags,neighborhood,address,city,country,lat,lng,maps_url,website,phone,url,logo_url,hero_url,image_credit,image_source_url,hours_raw,description,about_short,about_long,price_range,pricing,amenities,cuisines,meals,rating_overall,sub_food_quality,sub_service,sub_ambience,sub_value,sub_accessibility,review_count,review_source,review_insight,last_updated,catering_types,per_person_price_range,min_order,tastings_available,delivery_fee,equipment_rental,menu_url
ChIJd_7ialH_kT4RLfvWJDrMe5s,a2z-light,A2Z LIGHT اضاءات,Catering Services,,catering;events;food service,,"18th November St, Muscat 130, Oman",Muscat,Oman,23.602488,58.368294,https://www.google.com/maps/place/?q=place_id:ChIJd_7ialH_kT4RLfvWJDrMe5s,https://a2zlight.com/,,https://a2zlight.com/,,,,,,,,,,,,,,4.8,,,,,,71,Google,,10/4/2025,,,,,,,
ChIJc0oQ29D5kT4RBJArybmBeoc,aa-group,AA Group,Catering Services,,catering;events;food service,,"HGXX+F35, Muscat 112, Oman",Muscat,Oman,23.598636,58.547721,https://www.google.com/maps/place/?q=place_id:ChIJc0oQ29D5kT4RBJArybmBeoc,http://www.aaoman.com.om/,+968 24 769800,http://www.aaoman.com.om/,,,,,,,,,,,,,,4.1,,,,,,46,Google,,10/4/2025,,,,,,,
ChIJx6NFQwPjjT4RoRCRDSFIAiA,abraj-phones,ABRAJ PHONES,Catering Services,,catering;events;food service,,"Al Khoudh St, Sib 131, Oman",Muscat,Oman,23.595769,58.154921,https://www.google.com/maps/place/?q=place_id:ChIJx6NFQwPjjT4RoRCRDSFIAiA,https://www.google.com/maps/place/?q=place_id:ChIJx6NFQwPjjT4RoRCRDSFIAiA,+968 7725 1551,https://www.google.com/maps/place/?q=place_id:ChIJx6NFQwPjjT4RoRCRDSFIAiA,,,,,,,,,,,,,,,,,,,,,,,10/4/2025,,,,,,,
ChIJYyQMv5P5kT4RFzr1Eotzt_Y,adada-restaurant-cafe,ADADA Restaurant & Cafe,Catering Services,,catering;events;food service,,"Shop No. 1, Building No. 136, Way No. 37, Muscat 112, Oman",Muscat,Oman,23.590513,58.546293,https://www.google.com/maps/place/?q=place_id:ChIJYyQMv5P5kT4RFzr1Eotzt_Y,https://www.google.com/maps/place/?q=place_id:ChIJYyQMv5P5kT4RFzr1Eotzt_Y,+968 9667 4773,https://www.google.com/maps/place/?q=place_id:ChIJYyQMv5P5kT4RFzr1Eotzt_Y,,,,,,,,,,,,,,4.2,,,,,,143,Google,,10/4/2025,,,,,,,
ChIJcZbN-R7njT4RDm65YNQXOzM,abu-fajar-mobile,Abu Fajar Mobile,Catering Services,,catering;events;food service,,"Ma'abilah Industrial Area, Ma'abilah 122, Oman",Muscat,Oman,23.649102,58.094062,https://www.google.com/maps/place/?q=place_id:ChIJcZbN-R7njT4RDm65YNQXOzM,https://www.google.com/maps/place/?q=place_id:ChIJcZbN-R7njT4RDm65YNQXOzM,+968 9419 6929,https://www.google.com/maps/place/?q=place_id:ChIJcZbN-R7njT4RDm65YNQXOzM,,,,,,,,,,,,,,,,,,,,,,,10/4/2025,,,,,,,
ChIJue9VhU8Ajj4RlF3eb61LsAs,al-athnain-company,Al Athnain Company شركة الإثنين,Catering Services,,catering;events;food service,,"Muscat, Oman",Muscat,Oman,23.570335,58.339682,https://www.google.com/maps/place/?q=place_id:ChIJue9VhU8Ajj4RlF3eb61LsAs,http://www.alathnaincatering.com/,+968 24 503173,http://www.alathnaincatering.com/,,,,,,,,,,,,,,4.1,,,,,,125,Google,,10/4/2025,,,,,,,
ChIJV_PP1iUAjj4RW5wnelIk10E,al-jarwani-hospitality,Al Jarwani Hospitality الجرواني للضيافة,Catering Services,,catering;events;food service,,"H9H8+H56, Ghala As Sinaiyyah St, Muscat 436, Oman",Muscat,Oman,23.578907,58.365395,https://www.google.com/maps/place/?q=place_id:ChIJV_PP1iUAjj4RW5wnelIk10E,https://www.google.com/maps/place/?q=place_id:ChIJV_PP1iUAjj4RW5wnelIk10E,+968 22 082270,https://www.google.com/maps/place/?q=place_id:ChIJV_PP1iUAjj4RW5wnelIk10E,,,,,,,,,,,,,,3.6,,,,,,83,Google,,10/4/2025,,,,,,,
ChIJd8qkSHH9jT4RmUx1n_cbjMw,al-jood-restaurant-al-hail,Al Jood Restaurant Al Hail مطعم الجود اللبناني الحيل,Catering Services,,catering;events;food service,,"Al Kharais St, Sib, Oman",Muscat,Oman,23.627206,58.247098,https://www.google.com/maps/place/?q=place_id:ChIJd8qkSHH9jT4RmUx1n_cbjMw,https://www.google.com/maps/place/?q=place_id:ChIJd8qkSHH9jT4RmUx1n_cbjMw,+968 9515 1461,https://www.google.com/maps/place/?q=place_id:ChIJd8qkSHH9jT4RmUx1n_cbjMw,,,,,,,,,$$,,,,,4.6,,,,,,2515,Google,,10/4/2025,,,,,,,
ChIJDU_4zcP5kT4RCivtd5q0ro0,al-mawada-various-food,Al Mawada Various Food,Catering Services,,catering;events;food service,,"HGPQ+M5W, Muscat, Oman",Muscat,Oman,23.586739,58.537955,https://www.google.com/maps/place/?q=place_id:ChIJDU_4zcP5kT4RCivtd5q0ro0,https://www.google.com/maps/place/?q=place_id:ChIJDU_4zcP5kT4RCivtd5q0ro0,+968 9888 1224,https://www.google.com/maps/place/?q=place_id:ChIJDU_4zcP5kT4RCivtd5q0ro0,,,,,,,,,,,,,,5,,,,,,2,Google,,10/4/2025,,,,,,,
ChIJvcCgUUoAjj4R7TGu-nEb-1k,al-nab-a-supplies-and-catering-services-l-l-c,Al Nab'a Supplies and Catering Services L.L.C. النبع للإمداد و التموين,Catering Services,,catering;events;food service,,"H88W+3JM, Muscat, Oman",Muscat,Oman,23.565212,58.346542,https://www.google.com/maps/place/?q=place_id:ChIJvcCgUUoAjj4R7TGu-nEb-1k,https://www.google.com/maps/place/?q=place_id:ChIJvcCgUUoAjj4R7TGu-nEb-1k,+968 24 629995,https://www.google.com/maps/place/?q=place_id:ChIJvcCgUUoAjj4R7TGu-nEb-1k,,,,,,,,,,,,,,4,,,,,,82,Google,,10/4/2025,,,,,,,
ChIJ9W9xfQABjj4RBS9p_0iDYy4,amoun,Amoun,Catering Services,,catering;events;food service,,"Ghala Heights Complex, Al Maardih St, Muscat 111, Oman",Muscat,Oman,23.588166,58.359526,https://www.google.com/maps/place/?q=place_id:ChIJ9W9xfQABjj4RBS9p_0iDYy4,https://movenpick.accor.com/en/middle-east/oman/muscat/hotel-and-apartments-ghala-muscat/restaurants/amoun.html,+968 22 719999,https://movenpick.accor.com/en/middle-east/oman/muscat/hotel-and-apartments-ghala-muscat/restaurants/amoun.html,,,,,,,,,,,,,,5,,,,,,14,Google,,10/4/2025,,,,,,,
ChIJqzTrukn_kT4RUxwKhCZlbLU,away,Away,Catering Services,,catering;events;food service,,"Level، Souq Al Madina، Muscat 115, Oman",Muscat,Oman,23.599954,58.455048,https://www.google.com/maps/place/?q=place_id:ChIJqzTrukn_kT4RUxwKhCZlbLU,https://www.instagram.com/away.om?igsh=ZGNjOWZkYTE3MQ==,+968 9197 8838,https://www.instagram.com/away.om?igsh=ZGNjOWZkYTE3MQ==,,,,,,,,,,,,,,3.9,,,,,,295,Google,,10/4/2025,,,,,,,
ChIJTUS-BfH_kT4RCGWgPH71pVE,axis-events,Axis events,Catering Services,,catering;events;food service,,"Villa 9, building number 1785, way number 1526, Madinat 112, Oman",Muscat,Oman,23.608136,58.465864,https://www.google.com/maps/place/?q=place_id:ChIJTUS-BfH_kT4RCGWgPH71pVE,https://www.axisoman.com/,+968 9987 8414,https://www.axisoman.com/,,,,,,,,,,,,,,5,,,,,,6,Google,,10/4/2025,,,,,,,
ChIJbaary7P_kT4RHFJf0N1sCZc,ayko,Ayko,Catering Services,,catering;events;food service,,"شارع ١٨ نوفمبر ٣، مسقط،،, مسقط، Oman",Muscat,Oman,23.59959,58.380874,https://www.google.com/maps/place/?q=place_id:ChIJbaary7P_kT4RHFJf0N1sCZc,https://www.google.com/maps/place/?q=place_id:ChIJbaary7P_kT4RHFJf0N1sCZc,,https://www.google.com/maps/place/?q=place_id:ChIJbaary7P_kT4RHFJf0N1sCZc,,,,,,,,,,,,,,4,,,,,,1,Google,,10/4/2025,,,,,,,
ChIJ64KASKv_kT4RLBUKtsXXMLE,azayem-catering-events,Azayem Catering & Events عزايم لتموين المناسبات,Catering Services,,catering;events;food service,,"HCG7+X5J, Muscat, Oman",Muscat,Oman,23.577468,58.412886,https://www.google.com/maps/place/?q=place_id:ChIJ64KASKv_kT4RLBUKtsXXMLE,https://www.google.com/maps/place/?q=place_id:ChIJ64KASKv_kT4RLBUKtsXXMLE,+968 9211 7125,https://www.google.com/maps/place/?q=place_id:ChIJ64KASKv_kT4RLBUKtsXXMLE,,,,,,,,,,,,,,4,,,,,,25,Google,,10/4/2025,,,,,,,
ChIJNb_eDun8jT4ReEZpAPiVANA,azima-catering,Azima Catering,Catering Services,,catering;events;food service,,J6J8+QCP، السيب‎، Oman,Muscat,Oman,23.631959,58.216083,https://www.google.com/maps/place/?q=place_id:ChIJNb_eDun8jT4ReEZpAPiVANA,https://www.google.com/maps/place/?q=place_id:ChIJNb_eDun8jT4ReEZpAPiVANA,+968 9901 8258,https://www.google.com/maps/place/?q=place_id:ChIJNb_eDun8jT4ReEZpAPiVANA,,,,,,,,,,,,,,4.7,,,,,,76,Google,,10/4/2025,,,,,,,
ChIJq6Q-gSb9jT4Rcoog5XSXb9Y,azzam-kitchen-catering,Azzam Kitchen & Catering,Catering Services,,catering;events;food service,,"Al Hail South, Seeb 110, Oman",Muscat,Oman,23.626779,58.219504,https://www.google.com/maps/place/?q=place_id:ChIJq6Q-gSb9jT4Rcoog5XSXb9Y,https://www.google.com/maps/place/?q=place_id:ChIJq6Q-gSb9jT4Rcoog5XSXb9Y,+968 9487 6536,https://www.google.com/maps/place/?q=place_id:ChIJq6Q-gSb9jT4Rcoog5XSXb9Y,,,,,,,,,,,,,,5,,,,,,2,Google,,10/4/2025,,,,,,,
ChIJC6xihFn5kT4RR1Su-WOE87g,ba-ban,Ba Ban,Catering Services,,catering;events;food service,,"Oman, Muscat, Al Kharjiya Street103",Muscat,Oman,23.617809,58.466274,https://www.google.com/maps/place/?q=place_id:ChIJC6xihFn5kT4RR1Su-WOE87g,https://www.marriott.com/hotels/travel/mctwh-w-muscat/,+968 7191 9122,https://www.marriott.com/hotels/travel/mctwh-w-muscat/,,,,,,,,,,,,,,4.5,,,,,,154,Google,,10/4/2025,,,,,,,
ChIJX_4ToLf_kT4RUL77A8YH23I,bait-al-sahwa-trading-ent,Bait Al Sahwa Trading Ent. بيت الصحوة للتجارة,Catering Services,,catering;events;food service,,"Muscat, Oman",Muscat,Oman,23.587487,58.371094,https://www.google.com/maps/place/?q=place_id:ChIJX_4ToLf_kT4RUL77A8YH23I,http://www.baitalsahwa.com/,+968 24 590388,http://www.baitalsahwa.com/,,,,,,,,,,,,,,5,,,,,,9,Google,,10/4/2025,,,,,,,
ChIJLab_UEj_kT4RiCMwh8wzk2s,bar-b-q-tonight-oman,Bar.B.Q Tonight - Oman,Catering Services,,catering;events;food service,,"Muscat Vision Building 3009، As Saruj St, Muscat, Oman",Muscat,Oman,23.609512,58.453975,https://www.google.com/maps/place/?q=place_id:ChIJLab_UEj_kT4RiCMwh8wzk2s,https://barbqtonight-oman.com/,+968 9767 3304,https://barbqtonight-oman.com/,,,,,,,,,$$,,,,,4,,,,,,1460,Google,,10/4/2025,,,,,,,
ChIJPWMkwUj_kT4ROsfsWlPM0f0,bella-s-kitchen,Bella’s Kitchen,Catering Services,,catering;events;food service,,"Souq Al Madina First floor، Muscat, Oman",Muscat,Oman,23.60005,58.455052,https://www.google.com/maps/place/?q=place_id:ChIJPWMkwUj_kT4ROsfsWlPM0f0,https://www.instagram.com/bellaskitchen.om/,+968 9698 0202,https://www.instagram.com/bellaskitchen.om/,,,,,,,,,,,,,,4.6,,,,,,152,Google,,10/4/2025,,,,,,,
ChIJO3c3LNT5kT4RyHz8MC-S2Cc,beyond-kitchen-dine-in-catering-buffet,"Beyond Kitchen - Dine-In, Catering & Buffet",Catering Services,,catering;events;food service,,"1116, Mumtaz Heights, مسقط 112, Oman",Muscat,Oman,23.602408,58.533302,https://www.google.com/maps/place/?q=place_id:ChIJO3c3LNT5kT4RyHz8MC-S2Cc,https://www.google.com/maps/place/?q=place_id:ChIJO3c3LNT5kT4RyHz8MC-S2Cc,+968 9276 5681,https://www.google.com/maps/place/?q=place_id:ChIJO3c3LNT5kT4RyHz8MC-S2Cc,,,,,,,,,,,,,,4.4,,,,,,243,Google,,10/4/2025,,,,,,,
ChIJD1cF7C3_kT4RRhuXpkvSfJ4,bhai-kadai,Bhai Kadai,Catering Services,,catering;events;food service,,"Al Azaiba South, Muscat, Oman",Muscat,Oman,23.585081,58.373005,https://www.google.com/maps/place/?q=place_id:ChIJD1cF7C3_kT4RRhuXpkvSfJ4,https://www.google.com/maps/place/?q=place_id:ChIJD1cF7C3_kT4RRhuXpkvSfJ4,+968 9920 0484,https://www.google.com/maps/place/?q=place_id:ChIJD1cF7C3_kT4RRhuXpkvSfJ4,,,,,,,,,$,,,,,4.2,,,,,,1087,Google,,10/4/2025,,,,,,,
ChIJi8rdeNL5kT4RlWS5vISvY-8,bombay-chaat-corner-restaurant-a-unit-of-bombay-sweets,Bombay Chaat Corner & Restaurant (A Unit Of Bombay Sweets),Catering Services,,catering;events;food service,,"Rex Road، Muscat 112, Oman",Muscat,Oman,23.603069,58.543117,https://www.google.com/maps/place/?q=place_id:ChIJi8rdeNL5kT4RlWS5vISvY-8,http://www.bombaysweets.biz/,+968 24 796042,http://www.bombaysweets.biz/,,,,,,,,,$$,,,,,3.8,,,,,,390,Google,,10/4/2025,,,,,,,
ChIJhdhF7h0Ijj4RMiSUpsFSxpc,como,COMO,Catering Services,,catering;events;food service,,"Seeb, Oman",Muscat,Oman,23.565796,58.176097,https://www.google.com/maps/place/?q=place_id:ChIJhdhF7h0Ijj4RMiSUpsFSxpc,http://comooman.com/,+968 24 448649,http://comooman.com/,,,,,,,,,,,,,,4.1,,,,,,122,Google,,10/4/2025,,,,,,,
ChIJ_R5n9SMBjj4RYALVa0ty9gA,csk-restaurant-ghala,CSK Restaurant Ghala,Catering Services,,catering;events;food service,,"Building No - 1//522, Way No 5005, Block No - 250, Muscat 130, Oman",Muscat,Oman,23.583811,58.369661,https://www.google.com/maps/place/?q=place_id:ChIJ_R5n9SMBjj4RYALVa0ty9gA,https://www.google.com/maps/place/?q=place_id:ChIJ_R5n9SMBjj4RYALVa0ty9gA,+968 22 570055,https://www.google.com/maps/place/?q=place_id:ChIJ_R5n9SMBjj4RYALVa0ty9gA,,,,,,,,,,,,,,3.8,,,,,,204,Google,,10/4/2025,,,,,,,
ChIJsYA-FAoAjj4Rq7iyb5wPQhQ,cafe-farah,Cafe Farah,Catering Services,,catering;events;food service,,"Al Azaybah North, Muscat, Oman",Muscat,Oman,23.605014,58.353414,https://www.google.com/maps/place/?q=place_id:ChIJsYA-FAoAjj4Rq7iyb5wPQhQ,https://www.google.com/maps/place/?q=place_id:ChIJsYA-FAoAjj4Rq7iyb5wPQhQ,+968 9045 4545,https://www.google.com/maps/place/?q=place_id:ChIJsYA-FAoAjj4Rq7iyb5wPQhQ,,,,,,,,,$,,,,,4.4,,,,,,2804,Google,,10/4/2025,,,,,,,
ChIJa0jtJoD_kT4Rx9wQCRe7270,cake-creations-al-khuwair,Cake Creations - Al Khuwair,Catering Services,,catering;events;food service,,"HCMF+58P, Al Maha St, Muscat, Oman",Muscat,Oman,23.582967,58.423327,https://www.google.com/maps/place/?q=place_id:ChIJa0jtJoD_kT4Rx9wQCRe7270,https://www.google.com/maps/place/?q=place_id:ChIJa0jtJoD_kT4Rx9wQCRe7270,+968 7202 0015,https://www.google.com/maps/place/?q=place_id:ChIJa0jtJoD_kT4Rx9wQCRe7270,,,,,,,,,$$,,,,,4.2,,,,,,287,Google,,10/4/2025,,,,,,,
ChIJLf2YrPb-kT4RUkG3sPuyUNg,caravans-catering,Caravans Catering,Catering Services,,catering;events;food service,,"Caravans Catering، Muscat, Oman",Muscat,Oman,23.565301,58.420254,https://www.google.com/maps/place/?q=place_id:ChIJLf2YrPb-kT4RUkG3sPuyUNg,https://www.google.com/maps/place/?q=place_id:ChIJLf2YrPb-kT4RUkG3sPuyUNg,+968 9961 1570,https://www.google.com/maps/place/?q=place_id:ChIJLf2YrPb-kT4RUkG3sPuyUNg,,,,,,,,,$$,,,,,4.2,,,,,,196,Google,,10/4/2025,,,,,,,
ChIJHzywqaD9jT4RzJP-xheSBwg,cater-kitchen,Cater Kitchen,Catering Services,,catering;events;food service,,"2755 Way, Sib, Oman",Muscat,Oman,23.632279,58.214917,https://www.google.com/maps/place/?q=place_id:ChIJHzywqaD9jT4RzJP-xheSBwg,https://cater-kitchen.com/,+968 9018 2274,https://cater-kitchen.com/,,,,,,,,,,,,,,5,,,,,,9,Google,,10/4/2025,,,,,,,
ChIJTQnR7d__kT4RaOyKSErzdHc,catering-services,Catering Services,Catering Services,,catering;events;food service,,"Sultan Qaboos street مسقط OM، Muscat 111, Oman",Muscat,Oman,23.590882,58.373168,https://www.google.com/maps/place/?q=place_id:ChIJTQnR7d__kT4RaOyKSErzdHc,https://www.google.com/maps/place/?q=place_id:ChIJTQnR7d__kT4RaOyKSErzdHc,+968 9596 6321,https://www.google.com/maps/place/?q=place_id:ChIJTQnR7d__kT4RaOyKSErzdHc,,,,,,,,,,,,,,3,,,,,,2,Google,,10/4/2025,,,,,,,
ChIJjy8zJDQAjj4R3H7uv1d1HuA,catering-solutions-trading-llc-muscat-oman,"Catering Solutions Trading LLC, Muscat, Oman حلول التموين للتجارة",Catering Services,,catering;events;food service,,"H993+72H, Muscat, Oman",Muscat,Oman,23.568184,58.352623,https://www.google.com/maps/place/?q=place_id:ChIJjy8zJDQAjj4R3H7uv1d1HuA,https://www.google.com/maps/place/?q=place_id:ChIJjy8zJDQAjj4R3H7uv1d1HuA,+968 22 060236,https://www.google.com/maps/place/?q=place_id:ChIJjy8zJDQAjj4R3H7uv1d1HuA,,,,,,,,,,,,,,4.9,,,,,,13,Google,,10/4/2025,,,,,,,
ChIJyYpwP8P9jT4Rk-pTZBpG7hA,cuisiner,Cuisiner,Catering Services,,catering;events;food service,,"Al Mauj St, Muscat, Oman",Muscat,Oman,23.619829,58.258444,https://www.google.com/maps/place/?q=place_id:ChIJyYpwP8P9jT4Rk-pTZBpG7hA,https://instagram.com/cuisiner.om?igshid=YmM0MjE2YWMzOA==,+968 9273 3371,https://instagram.com/cuisiner.om?igshid=YmM0MjE2YWMzOA==,,,,,,,,,,,,,,4.5,,,,,,28,Google,,10/4/2025,,,,,,,
ChIJszsGe1X-kT4RFiz539o_edA,dan-fresh,Dan Fresh بقالة دان فريش - الخوير,Catering Services,,catering;events;food service,,"Muscat, Oman",Muscat,Oman,23.575635,58.41694,https://www.google.com/maps/place/?q=place_id:ChIJszsGe1X-kT4RFiz539o_edA,https://www.google.com/maps/place/?q=place_id:ChIJszsGe1X-kT4RFiz539o_edA,,https://www.google.com/maps/place/?q=place_id:ChIJszsGe1X-kT4RFiz539o_edA,,,,,,,,,,,,,,3.9,,,,,,319,Google,,10/4/2025,,,,,,,
ChIJS4NMmLP_kT4RHv3qsR5iZKU,dhofari-dar-restaurant,Dhofari Dar Restaurant,Catering Services,,catering;events;food service,,"HCW9+H82, 3521 Way, Muscat, Oman",Muscat,Oman,23.596384,58.418261,https://www.google.com/maps/place/?q=place_id:ChIJS4NMmLP_kT4RHv3qsR5iZKU,https://www.google.com/maps/place/?q=place_id:ChIJS4NMmLP_kT4RHv3qsR5iZKU,+968 9882 3901,https://www.google.com/maps/place/?q=place_id:ChIJS4NMmLP_kT4RHv3qsR5iZKU,,,,,,,,,,,,,,4.4,,,,,,74,Google,,10/4/2025,,,,,,,
ChIJ3ylNmsb3kT4RYbRJlqxAe34,diwan-fort-restaurant,Diwan Fort Restaurant مطعم ديوان القلعة للماكولات العمانية,Catering Services,,catering;events;food service,,"جنب مستشفى الخولة جنب بنك مسقط, wuttaya, Oman",Muscat,Oman,23.608447,58.514312,https://www.google.com/maps/place/?q=place_id:ChIJ3ylNmsb3kT4RYbRJlqxAe34,https://www.gcon.om/,+968 7711 6601,https://www.gcon.om/,,,,,,,,,,,,,,3.8,,,,,,80,Google,,10/4/2025,,,,,,,
ChIJ47bfaVABjj4RfoglrW95Tpk,dwarkadhish-restaurant-coffee-shop,Dwarkadhish Restaurant & Coffee Shop,Catering Services,,catering;events;food service,,"Grand Mosque St, Muscat, Oman",Muscat,Oman,23.584339,58.371555,https://www.google.com/maps/place/?q=place_id:ChIJ47bfaVABjj4RfoglrW95Tpk,https://www.google.com/maps/place/?q=place_id:ChIJ47bfaVABjj4RfoglrW95Tpk,+968 9944 3907,https://www.google.com/maps/place/?q=place_id:ChIJ47bfaVABjj4RfoglrW95Tpk,,,,,,,,,,,,,,4.4,,,,,,170,Google,,10/4/2025,,,,,,,
ChIJH3ATPsb_kT4RNRAmEWUWQU8,eventique-by-al-hayki-events,Eventique (by Al Hayki Events) افراح وحلويات مسقط,Catering Services,,catering;events;food service,,"Office/Shop #1, Block 240, Building 4006, Muscat, Oman",Muscat,Oman,23.586831,58.405336,https://www.google.com/maps/place/?q=place_id:ChIJH3ATPsb_kT4RNRAmEWUWQU8,http://instagram.com/alhayki.om,+968 9177 8928,http://instagram.com/alhayki.om,,,,,,,,,,,,,,4.5,,,,,,26,Google,,10/4/2025,,,,,,,
ChIJsVXdA__5kT4RZ4FbEVuRKK4,events-catering,Events & Catering,Catering Services,,catering;events;food service,,"OM, مسقط 123, Oman",Muscat,Oman,23.629746,58.494404,https://www.google.com/maps/place/?q=place_id:ChIJsVXdA__5kT4RZ4FbEVuRKK4,https://www.google.com/maps/place/?q=place_id:ChIJsVXdA__5kT4RZ4FbEVuRKK4,+968 7157 0002,https://www.google.com/maps/place/?q=place_id:ChIJsVXdA__5kT4RZ4FbEVuRKK4,,,,,,,,,,,,,,,,,,,,,,,10/4/2025,,,,,,,
ChIJk4LmaVf_kT4RSGx_M7a1Ceo,excellent-catering-services,Excellent Catering Services,Catering Services,,catering;events;food service,,"H9MW+VVV, Muscat, Oman",Muscat,Oman,23.584737,58.397178,https://www.google.com/maps/place/?q=place_id:ChIJk4LmaVf_kT4RSGx_M7a1Ceo,https://www.google.com/maps/place/?q=place_id:ChIJk4LmaVf_kT4RSGx_M7a1Ceo,+968 9477 7312,https://www.google.com/maps/place/?q=place_id:ChIJk4LmaVf_kT4RSGx_M7a1Ceo,,,,,,,,,,,,,,3,,,,,,3,Google,,10/4/2025,,,,,,,
ChIJHXw8L1sBjj4RBwgAXlJVt_4,fhms-facility-hospitality-management-services,FHMS-Facility & Hospitality Management Services,Catering Services,,catering;events;food service,,"Muscat 112, Oman",Muscat,Oman,23.573224,58.336398,https://www.google.com/maps/place/?q=place_id:ChIJHXw8L1sBjj4RBwgAXlJVt_4,https://fhmsoman.com/,+968 9655 9747,https://fhmsoman.com/,,,,,,,,,,,,,,5,,,,,,5,Google,,10/4/2025,,,,,,,
ChIJ3wMStNb5kT4Re4T0ZSPuzCw,filipino-restaurant-in-ruwi,FILIPINO RESTAURANT IN RUWI.,Catering Services,,catering;events;food service,,"Ruwi Uke center, Muscat 112, Oman",Muscat,Oman,23.593001,58.543245,https://www.google.com/maps/place/?q=place_id:ChIJ3wMStNb5kT4Re4T0ZSPuzCw,https://www.google.com/maps/place/?q=place_id:ChIJ3wMStNb5kT4Re4T0ZSPuzCw,+968 9399 4489,https://www.google.com/maps/place/?q=place_id:ChIJ3wMStNb5kT4Re4T0ZSPuzCw,,,,,,,,,,,,,,4.8,,,,,,25,Google,,10/4/2025,,,,,,,
ChIJrSUIW5poK4cRD3PQTxCKWvk,fat-freddy-s-catering,Fat Freddy's Catering,Catering Services,,catering;events;food service,,"2201 W Melinda Ln #1, Phoenix, AZ 85027, USA",Muscat,Oman,33.681634,-112.106688,https://www.google.com/maps/place/?q=place_id:ChIJrSUIW5poK4cRD3PQTxCKWvk,https://www.fatfreddyscatering.com/,+1 623-580-4653,https://www.fatfreddyscatering.com/,,,,,,,,,,,,,,4.9,,,,,,240,Google,,10/4/2025,,,,,,,
ChIJQW0NJiP-jT4RRtMRBsrun7s,flight-catering,Flight Catering تموين الطائرات - مطار مسقط,Catering Services,,catering;events;food service,,"J844+3H7, Muscat, Oman",Muscat,Oman,23.605154,58.306424,https://www.google.com/maps/place/?q=place_id:ChIJQW0NJiP-jT4RRtMRBsrun7s,https://www.google.com/maps/place/?q=place_id:ChIJQW0NJiP-jT4RRtMRBsrun7s,+968 24 519452,https://www.google.com/maps/place/?q=place_id:ChIJQW0NJiP-jT4RRtMRBsrun7s,,,,,,,,,,,,,,4.5,,,,,,37,Google,,10/4/2025,,,,,,,
ChIJqW7_Ggz_kT4RryFDJdgUyBM,foodlands-al-khuwair,Foodlands Al Khuwair - فودلاندز الخوير,Catering Services,,catering;events;food service,,"3513 Way, Muscat 130, Oman",Muscat,Oman,23.595891,58.423924,https://www.google.com/maps/place/?q=place_id:ChIJqW7_Ggz_kT4RryFDJdgUyBM,http://www.foodlandsoman.com/,+968 9911 7821,http://www.foodlandsoman.com/,,,,,,,,,$$,,,,,4.1,,,,,,3769,Google,,10/4/2025,,,,,,,
ChIJ4ZW00Kr9jT4RMovSkSZI_m4,french-cuisine,French Cuisine,Catering Services,,catering;events;food service,,"North Seeb, Near Muscat Furniture, السيب‎ 112, Oman",Muscat,Oman,23.641883,58.22431,https://www.google.com/maps/place/?q=place_id:ChIJ4ZW00Kr9jT4RMovSkSZI_m4,https://www.google.com/maps/place/?q=place_id:ChIJ4ZW00Kr9jT4RMovSkSZI_m4,+968 9191 9152,https://www.google.com/maps/place/?q=place_id:ChIJ4ZW00Kr9jT4RMovSkSZI_m4,,,,,,,,,,,,,,4.7,,,,,,74,Google,,10/4/2025,,,,,,,
ChIJRcb229z5kT4RPcyxjo5TU5g,golden-baskets-foodstuff-division,GOLDEN BASKETS - FOODSTUFF DIVISION,Catering Services,,catering;events;food service,,"39 Way, Muscat 405, Oman",Muscat,Oman,23.588192,58.543796,https://www.google.com/maps/place/?q=place_id:ChIJRcb229z5kT4RPcyxjo5TU5g,https://www.google.com/maps/place/?q=place_id:ChIJRcb229z5kT4RPcyxjo5TU5g,+968 9956 9922,https://www.google.com/maps/place/?q=place_id:ChIJRcb229z5kT4RPcyxjo5TU5g,,,,,,,,,,,,,,4.2,,,,,,60,Google,,10/4/2025,,,,,,,
ChIJ91GWvWb5kT4RT5WS8XR0RB8,gaurang-bhavan-pure-vegetarian-cafe,Gaurang Bhavan Pure Vegetarian Cafe,Catering Services,,catering;events;food service,,"Al Mujamma St, Muscat, Oman",Muscat,Oman,23.611372,58.543171,https://www.google.com/maps/place/?q=place_id:ChIJ91GWvWb5kT4RT5WS8XR0RB8,https://www.google.com/maps/place/?q=place_id:ChIJ91GWvWb5kT4RT5WS8XR0RB8,+968 7896 4848,https://www.google.com/maps/place/?q=place_id:ChIJ91GWvWb5kT4RT5WS8XR0RB8,,,,,,,,,,,,,,4.3,,,,,,120,Google,,10/4/2025,,,,,,,
ChIJr1Em_qIAjj4R3BubucdasI4,ginger-all-day-dining,Ginger All Day Dining,Catering Services,,catering;events;food service,,"OM, Airport Heights، شارع المعارض، مسقط 113, Oman",Muscat,Oman,23.584963,58.300221,https://www.google.com/maps/place/?q=place_id:ChIJr1Em_qIAjj4R3BubucdasI4,https://www.google.com/maps/place/?q=place_id:ChIJr1Em_qIAjj4R3BubucdasI4,+968 24 511873,https://www.google.com/maps/place/?q=place_id:ChIJr1Em_qIAjj4R3BubucdasI4,,,,,,,,,,,,,,4.2,,,,,,127,Google,,10/4/2025,,,,,,,
ChIJ5d0FVH7_kT4Ru7n9jOj0M-o,golden-flame-restaurant,Golden Flame Restaurant,Catering Services,,catering;events;food service,,"3521 Al Khuwair St, Muscat 133, Oman",Muscat,Oman,23.596328,58.41783,https://www.google.com/maps/place/?q=place_id:ChIJ5d0FVH7_kT4Ru7n9jOj0M-o,https://www.facebook.com/profile.php?id=61550873204040,+968 9662 3861,https://www.facebook.com/profile.php?id=61550873204040,,,,,,,,,,,,,,4.7,,,,,,3387,Google,,10/4/2025,,,,,,,
ChIJ3WzgeIb5kT4RL_buteJStvc,grill-zaika,Grill Zaika,Catering Services,,catering;events;food service,,"Al Wallaj street, Muscat, Oman",Muscat,Oman,23.614928,58.497455,https://www.google.com/maps/place/?q=place_id:ChIJ3WzgeIb5kT4RL_buteJStvc,https://www.google.com/maps/place/?q=place_id:ChIJ3WzgeIb5kT4RL_buteJStvc,+968 9223 9903,https://www.google.com/maps/place/?q=place_id:ChIJ3WzgeIb5kT4RL_buteJStvc,,,,,,,,,,,,,,4.1,,,,,,26,Google,,10/4/2025,,,,,,,
ChIJVXSs-9v3kT4RUVtpiTiGvKg,helping-hands-catering-services,Helping Hands Catering Services,Catering Services,,catering;events;food service,,"Al Fursan St, Muscat 100, Oman",Muscat,Oman,23.580333,58.56109,https://www.google.com/maps/place/?q=place_id:ChIJVXSs-9v3kT4RUVtpiTiGvKg,http://www.helpinghands.om/,+968 9802 7116,http://www.helpinghands.om/,,,,,,,,,,,,,,4.9,,,,,,15,Google,,10/4/2025,,,,,,,
ChIJ98Zk5jL_kT4RIKdTfqTdvBI,horizon-media-trading,Horizon Media Trading,Catering Services,,catering;events;food service,,"Bousher, South, 233 Al Khuwair St, Muscat, Oman",Muscat,Oman,23.595415,58.439682,https://www.google.com/maps/place/?q=place_id:ChIJ98Zk5jL_kT4RIKdTfqTdvBI,https://www.google.com/maps/place/?q=place_id:ChIJ98Zk5jL_kT4RIKdTfqTdvBI,+968 9450 0480,https://www.google.com/maps/place/?q=place_id:ChIJ98Zk5jL_kT4RIKdTfqTdvBI,,,,,,,,,,,,,,,,,,,,,,,10/4/2025,,,,,,,
ChIJkVf7QAT_kT4RVS5dGrEx1do,hyderabadi-special-food-al-khuwair,Hyderabadi Special Food Al Khuwair,Catering Services,,catering;events;food service,,"HCPF+GVJ, Al Kuleiah St, Muscat, Oman",Muscat,Oman,23.586326,58.424625,https://www.google.com/maps/place/?q=place_id:ChIJkVf7QAT_kT4RVS5dGrEx1do,https://www.google.com/maps/place/?q=place_id:ChIJkVf7QAT_kT4RVS5dGrEx1do,+968 24 472268,https://www.google.com/maps/place/?q=place_id:ChIJkVf7QAT_kT4RVS5dGrEx1do,,,,,,,,,$$,,,,,3.9,,,,,,1138,Google,,10/4/2025,,,,,,,
ChIJibGU6VjjjT4Rd7YEoHW0sZQ,ido-events-oman,IDo Events Oman,Catering Services,,catering;events;food service,,"Muscat Hills, Muscat 123, Oman",Muscat,Oman,23.574019,58.305907,https://www.google.com/maps/place/?q=place_id:ChIJibGU6VjjjT4Rd7YEoHW0sZQ,https://www.instagram.com/idoeventsoman/,+968 7928 3728,https://www.instagram.com/idoeventsoman/,,,,,,,,,,,,,,5,,,,,,34,Google,,10/4/2025,,,,,,,
ChIJS9cUhmaHG4wRZEEB-I4Wabo,idea-planet-events,Idea Planet Events,Catering Services,,catering;events;food service,,"Regus Al Khuwair, Muscat 133, Oman",Muscat,Oman,23.593606,58.426714,https://www.google.com/maps/place/?q=place_id:ChIJS9cUhmaHG4wRZEEB-I4Wabo,https://ideaplanetevents.com/,+968 7707 4330,https://ideaplanetevents.com/,,,,,,,,,,,,,,5,,,,,,1,Google,,10/4/2025,,,,,,,
ChIJ-9xI1TL8jT4RBAdTc3Qs0EE,indigo-events,Indigo Events,Catering Services,,catering;events;food service,,"No. 110, 1st Floor, Al، Manal Building، Muscat, Oman",Muscat,Oman,23.596818,58.448326,https://www.google.com/maps/place/?q=place_id:ChIJ-9xI1TL8jT4RBAdTc3Qs0EE,http://www.indigo-oman.com/,+968 7151 0370,http://www.indigo-oman.com/,,,,,,,,,,,,,,4.9,,,,,,27,Google,,10/4/2025,,,,,,,
ChIJnzCLjib_kT4R9kudfnwvhpU,intelligent-catering-llc,Intelligent Catering LLC,Catering Services,,catering;events;food service,,"Al Dhayafa Street Opp Al Kazimi Lab, Ali Shaihani B3 Al Dhayafa Street Ghubra North، Muscat 130, Oman",Muscat,Oman,23.589702,58.396334,https://www.google.com/maps/place/?q=place_id:ChIJnzCLjib_kT4R9kudfnwvhpU,https://intelligentoman.com/,+968 9139 1300,https://intelligentoman.com/,,,,,,,,,,,,,,4.1,,,,,,228,Google,,10/4/2025,,,,,,,
ChIJWbUKEd7_kT4RiFl3bfV_Xzo,intelligent-events-oman,Intelligent Events Oman,Catering Services,,catering;events;food service,,"Ali Shaihani B3 Building، Al Dhayafa St, Muscat 131, Oman",Muscat,Oman,23.589747,58.396361,https://www.google.com/maps/place/?q=place_id:ChIJWbUKEd7_kT4RiFl3bfV_Xzo,https://intelligentoman.com/,+968 9139 1300,https://intelligentoman.com/,,,,,,,,,,,,,,4.3,,,,,,122,Google,,10/4/2025,,,,,,,
ChIJ05hIKCn_kT4RLcN-hLHhf7c,intelligent-party-event-rental-store,Intelligent Party & Event Rental Store,Catering Services,,catering;events;food service,,"Al Dhayafa St, Muscat 374, Oman",Muscat,Oman,23.590737,58.397055,https://www.google.com/maps/place/?q=place_id:ChIJ05hIKCn_kT4RLcN-hLHhf7c,https://www.google.com/maps/place/?q=place_id:ChIJ05hIKCn_kT4RLcN-hLHhf7c,+968 9139 1326,https://www.google.com/maps/place/?q=place_id:ChIJ05hIKCn_kT4RLcN-hLHhf7c,,,,,,,,,,,,,,4.6,,,,,,11,Google,,10/4/2025,,,,,,,
ChIJERocjgoBjj4R4JlmfuqfeZg,iris-smart-business,Iris Smart Business,Catering Services,,catering;events;food service,,"Azaiba, Muscat, Oman",Muscat,Oman,23.601299,58.369061,https://www.google.com/maps/place/?q=place_id:ChIJERocjgoBjj4R4JlmfuqfeZg,https://www.google.com/maps/place/?q=place_id:ChIJERocjgoBjj4R4JlmfuqfeZg,+968 9058 8580,https://www.google.com/maps/place/?q=place_id:ChIJERocjgoBjj4R4JlmfuqfeZg,,,,,,,,,,,,,,,,,,,,,,,10/4/2025,,,,,,,
ChIJLcZsPZr5kT4R4QExnDd6Cw4,jilani-sarayi,JILANI SARAYI,Catering Services,,catering;events;food service,,"JG7V+MJ, Muscat 112, Oman",Muscat,Oman,23.614187,58.544063,https://www.google.com/maps/place/?q=place_id:ChIJLcZsPZr5kT4R4QExnDd6Cw4,https://www.google.com/maps/place/?q=place_id:ChIJLcZsPZr5kT4R4QExnDd6Cw4,+968 9112 7513,https://www.google.com/maps/place/?q=place_id:ChIJLcZsPZr5kT4R4QExnDd6Cw4,,,,,,,,,,,,,,5,,,,,,2,Google,,10/4/2025,,,,,,,
ChIJg87d4dv_kT4REe2j2SsYhIY,jay-s-flowers-creation,Jay's Flowers Creation,Catering Services,,catering;events;food service,,"Hormuz Gas Station, 1st Floor, Alkhuwair, Al khuleiyah, 900 Al khuwair, مسقط 112, Oman",Muscat,Oman,23.586889,58.421889,https://www.google.com/maps/place/?q=place_id:ChIJg87d4dv_kT4REe2j2SsYhIY,https://www.google.com/maps/place/?q=place_id:ChIJg87d4dv_kT4REe2j2SsYhIY,+968 7112 0790,https://www.google.com/maps/place/?q=place_id:ChIJg87d4dv_kT4REe2j2SsYhIY,,,,,,,,,,,,,,4.9,,,,,,70,Google,,10/4/2025,,,,,,,
ChIJaYmLYNUHjj4RsSyIApgC0NE,jifnain-mobile-center,Jifnain Mobile Center,Catering Services,,catering;events;food service,,"G5HQ+3QH, Al Jafnayn, Oman",Muscat,Oman,23.527692,58.189491,https://www.google.com/maps/place/?q=place_id:ChIJaYmLYNUHjj4RsSyIApgC0NE,https://www.google.com/maps/place/?q=place_id:ChIJaYmLYNUHjj4RsSyIApgC0NE,+968 9393 1642,https://www.google.com/maps/place/?q=place_id:ChIJaYmLYNUHjj4RsSyIApgC0NE,,,,,,,,,,,,,,3.9,,,,,,91,Google,,10/4/2025,,,,,,,
ChIJ_4641g7_kT4R2aflMUBXxaY,kabab-chi-restaurant,KABAB CHI RESTAURANT مطعم باكستاني,Catering Services,,catering;events;food service,,"4022 Way, Muscat, Oman",Muscat,Oman,23.587583,58.40324,https://www.google.com/maps/place/?q=place_id:ChIJ_4641g7_kT4R2aflMUBXxaY,http://www.tiktok.com/@chapli.kabab59,+968 9730 3547,http://www.tiktok.com/@chapli.kabab59,,,,,,,,,,,,,,4.8,,,,,,20,Google,,10/4/2025,,,,,,,
ChIJ54bCyyj_kT4RiG7vBa0yboc,lahab-kitchen-restaurant,Lahab Kitchen Restaurant,Catering Services,,catering;events;food service,,"OM، Al Marafah St, Muscat 130, Oman",Muscat,Oman,23.590742,58.405615,https://www.google.com/maps/place/?q=place_id:ChIJ54bCyyj_kT4RiG7vBa0yboc,https://lahab-kitchen.com/,+968 7211 1616,https://lahab-kitchen.com/,,,,,,,,,$$,,,,,4.5,,,,,,3590,Google,,10/4/2025,,,,,,,
ChIJGYXJo93_kT4REvCveNEWs5I,laialy-events,Laialy Events,Catering Services,,catering;events;food service,,"18th November St, Muscat, Oman",Muscat,Oman,23.59954,58.389904,https://www.google.com/maps/place/?q=place_id:ChIJGYXJo93_kT4REvCveNEWs5I,http://instagram.com/laialyevents,+968 7705 5426,http://instagram.com/laialyevents,,,,,,,,,,,,,,,,,,,,,,,10/4/2025,,,,,,,
ChIJ840a1yL3kT4RifNqxlaA0qk,lankan-grocery-oman,Lankan Grocery Oman,Catering Services,,catering;events;food service,,"195 Al Fayha Complex, Muscat 112, Oman",Muscat,Oman,23.578854,58.564465,https://www.google.com/maps/place/?q=place_id:ChIJ840a1yL3kT4RifNqxlaA0qk,https://www.instagram.com/lankan_kade/,+968 9217 1875,https://www.instagram.com/lankan_kade/,,,,,,,,,,,,,,4.7,,,,,,30,Google,,10/4/2025,,,,,,,
ChIJ0QsRNv3jjT4RRoL50GVb8_o,lindalia-catering,Lindalia Catering,Catering Services,,catering;events;food service,,"HCG6+7JW, Muscat, Oman",Muscat,Oman,23.575831,58.411664,https://www.google.com/maps/place/?q=place_id:ChIJ0QsRNv3jjT4RRoL50GVb8_o,https://www.google.com/maps/place/?q=place_id:ChIJ0QsRNv3jjT4RRoL50GVb8_o,+968 9902 1555,https://www.google.com/maps/place/?q=place_id:ChIJ0QsRNv3jjT4RRoL50GVb8_o,,,,,,,,,,,,,,5,,,,,,1,Google,,10/4/2025,,,,,,,
ChIJ7RgeMqP_kT4RYlq7YaAtcnc,little-snack-restaurant-qurum,Little Snack Restaurant Qurum مطعم ليتل سناك القرم,Catering Services,,catering;events;food service,,"Beach Commercial Complex, Al Muntazah St, Muscat 123, Oman",Muscat,Oman,23.611943,58.453587,https://www.google.com/maps/place/?q=place_id:ChIJ7RgeMqP_kT4RYlq7YaAtcnc,https://www.instagram.com/little.snack.om?utm_source=ig_web_button_share_sheet&igsh=ZDNlZDc0MzIxNw==,+968 7755 1105,https://www.instagram.com/little.snack.om?utm_source=ig_web_button_share_sheet&igsh=ZDNlZDc0MzIxNw==,,,,,,,,,,,,,,4.9,,,,,,32,Google,,10/4/2025,,,,,,,
ChIJWTuCTysBjj4Rz_H3vmjs3ao,lo-chef-steak-house,Lo Chef Steak House,Catering Services,,catering;events;food service,,"Al Maardih St, مسقط،, Oman",Muscat,Oman,23.583868,58.297971,https://www.google.com/maps/place/?q=place_id:ChIJWTuCTysBjj4Rz_H3vmjs3ao,https://www.google.com/maps/place/?q=place_id:ChIJWTuCTysBjj4Rz_H3vmjs3ao,+968 7954 4307,https://www.google.com/maps/place/?q=place_id:ChIJWTuCTysBjj4Rz_H3vmjs3ao,,,,,,,,,$$,,,,,4.2,,,,,,1102,Google,,10/4/2025,,,,,,,
ChIJq6qqqvf-kT4RrI9Die5YaG4,mast-llc,MAST LLC,Catering Services,,catering;events;food service,,"HC79+8XG, Muscat, Oman",Muscat,Oman,23.56331,58.419942,https://www.google.com/maps/place/?q=place_id:ChIJq6qqqvf-kT4RrI9Die5YaG4,https://www.google.com/maps/place/?q=place_id:ChIJq6qqqvf-kT4RrI9Die5YaG4,+968 24 506131,https://www.google.com/maps/place/?q=place_id:ChIJq6qqqvf-kT4RrI9Die5YaG4,,,,,,,,,,,,,,4,,,,,,5,Google,,10/4/2025,,,,,,,
ChIJL_sta_T9jT4RhaStfFGsFSA,ml-design-studio,ML Design Studio,Catering Services,,catering;events;food service,,"Alkhoud Oasis, asshabab street, Sib 111, Oman",Muscat,Oman,23.621121,58.212074,https://www.google.com/maps/place/?q=place_id:ChIJL_sta_T9jT4RhaStfFGsFSA,https://mldesignstudio.com/,+968 7177 6061,https://mldesignstudio.com/,,,,,,,,,,,,,,5,,,,,,3,Google,,10/4/2025,,,,,,,
ChIJ3UJoX_z_kT4RvYkKsa5R4Ho,maakulati,Maakulati مأكولاتي,Catering Services,,catering;events;food service,,"H9JW+MMH, Muscat, Oman",Muscat,Oman,23.581686,58.396739,https://www.google.com/maps/place/?q=place_id:ChIJ3UJoX_z_kT4RvYkKsa5R4Ho,https://www.google.com/maps/place/?q=place_id:ChIJ3UJoX_z_kT4RvYkKsa5R4Ho,+968 9224 0662,https://www.google.com/maps/place/?q=place_id:ChIJ3UJoX_z_kT4RvYkKsa5R4Ho,,,,,,,,,,,,,,4.4,,,,,,14,Google,,10/4/2025,,,,,,,
ChIJbYc1GDX9jT4RLn-h5Isn-dQ,mama-pasta-al-hail,Mama Pasta (Al Hail),Catering Services,,catering;events;food service,,"https://maps.app.goo.gl/VRVnTmpE8YMtgGvD6?g_st=iwb, Muscat 112, Oman",Muscat,Oman,23.624,58.219816,https://www.google.com/maps/place/?q=place_id:ChIJbYc1GDX9jT4RLn-h5Isn-dQ,https://www.google.com/maps/place/?q=place_id:ChIJbYc1GDX9jT4RLn-h5Isn-dQ,+968 7902 2810,https://www.google.com/maps/place/?q=place_id:ChIJbYc1GDX9jT4RLn-h5Isn-dQ,,,,,,,,,,,,,,4.9,,,,,,25,Google,,10/4/2025,,,,,,,
ChIJu91GVy38jT4RyE5DThhVs6A,mani-s-cafe-al-mouj,Mani's Cafe Al Mouj مقهى مانيز كافيه,Catering Services,,catering;events;food service,,"Marsa 2، Muscat 130, Oman",Muscat,Oman,23.630172,58.269338,https://www.google.com/maps/place/?q=place_id:ChIJu91GVy38jT4RyE5DThhVs6A,https://www.google.com/maps/place/?q=place_id:ChIJu91GVy38jT4RyE5DThhVs6A,+968 9975 5912,https://www.google.com/maps/place/?q=place_id:ChIJu91GVy38jT4RyE5DThhVs6A,,,,,,,,,$$,,,,,4.3,,,,,,421,Google,,10/4/2025,,,,,,,
ChIJIzHTKGj3kT4RHTGjOyMLjQc,mehul-enterprises-l-l-c,Mehul Enterprises L.L.C,Catering Services,,catering;events;food service,,"Al Husaiah St, Muscat, Oman",Muscat,Oman,23.590783,58.568102,https://www.google.com/maps/place/?q=place_id:ChIJIzHTKGj3kT4RHTGjOyMLjQc,http://www.mehul-ent.com/,+968 24 810057,http://www.mehul-ent.com/,,,,,,,,,,,,,,3.8,,,,,,44,Google,,10/4/2025,,,,,,,
ChIJXRXV6Uj_kT4RIt1vQ2F6-hY,melenzane-shati-al-qurum,Melenzane Shati Al Qurum,Catering Services,,catering;events;food service,,"Al Hasoon Building, Ground Floor، Hayy As Saruj، Muscat, Oman",Muscat,Oman,23.61111,58.45348,https://www.google.com/maps/place/?q=place_id:ChIJXRXV6Uj_kT4RIt1vQ2F6-hY,https://www.instagram.com/melenzaneomn/,+968 9126 3340,https://www.instagram.com/melenzaneomn/,,,,,,,,,$$$,,,,,4.3,,,,,,773,Google,,10/4/2025,,,,,,,
ChIJ43dpgWP9kT4R1mFZbBeMniI,mobile-phone-shop-darsait,Mobile phone shop darsait,Catering Services,,catering;events;food service,,"Darsait - al Bustan, Muscat 120, Oman",Muscat,Oman,23.617608,58.546081,https://www.google.com/maps/place/?q=place_id:ChIJ43dpgWP9kT4R1mFZbBeMniI,https://www.google.com/maps/place/?q=place_id:ChIJ43dpgWP9kT4R1mFZbBeMniI,+968 7915 5133,https://www.google.com/maps/place/?q=place_id:ChIJ43dpgWP9kT4R1mFZbBeMniI,,,,,,,,,,,,,,5,,,,,,2,Google,,10/4/2025,,,,,,,
ChIJVTVi0xj_kT4RFc9-1WKmW-4,mooneteta-kitchen,Mooneteta Kitchen مطبخ مونة تيتا,Catering Services,,catering;events;food service,,"Bousher Heights Way 5705 Building 1/332, مسقط 133, Oman",Muscat,Oman,23.563443,58.404797,https://www.google.com/maps/place/?q=place_id:ChIJVTVi0xj_kT4RFc9-1WKmW-4,https://wa.me/c/96879992252,+968 9723 8983,https://wa.me/c/96879992252,,,,,,,,,,,,,,5,,,,,,1,Google,,10/4/2025,,,,,,,
ChIJl2MgB_X_kT4RenEzqHbz89o,murooj-al-alia-llc,Murooj Al Alia LLC,Catering Services,,catering;events;food service,,"Al Ghubrah St, Muscat, Oman",Muscat,Oman,23.586478,58.412844,https://www.google.com/maps/place/?q=place_id:ChIJl2MgB_X_kT4RenEzqHbz89o,http://www.muroojalalia.com/,+968 9600 7714,http://www.muroojalalia.com/,,,,,,,,,,,,,,4.4,,,,,,7,Google,,10/4/2025,,,,,,,
ChIJmXu6VjD_kT4RyhYRo0lweU4,muscat-catering,Muscat Catering,Catering Services,,catering;events;food service,,"HFX3+JHQ, Muscat, Oman",Muscat,Oman,23.599082,58.453972,https://www.google.com/maps/place/?q=place_id:ChIJmXu6VjD_kT4RyhYRo0lweU4,https://www.google.com/maps/place/?q=place_id:ChIJmXu6VjD_kT4RyhYRo0lweU4,+968 22 060085,https://www.google.com/maps/place/?q=place_id:ChIJmXu6VjD_kT4RyhYRo0lweU4,,,,,,,,,,,,,,4,,,,,,1,Google,,10/4/2025,,,,,,,
ChIJ67GieD39jT4RAlgF0WEP8Ok,negar-event,Negar Event,Catering Services,,catering;events;food service,,"Al Hail North, Seeb 315, Oman",Muscat,Oman,23.637128,58.227787,https://www.google.com/maps/place/?q=place_id:ChIJ67GieD39jT4RAlgF0WEP8Ok,https://www.google.com/maps/place/?q=place_id:ChIJ67GieD39jT4RAlgF0WEP8Ok,+968 7732 4002,https://www.google.com/maps/place/?q=place_id:ChIJ67GieD39jT4RAlgF0WEP8Ok,,,,,,,,,,,,,,5,,,,,,2,Google,,10/4/2025,,,,,,,
ChIJfWwLI5D_jT4RywnkUQPub4k,new-catering-unit,New Catering Unit,Catering Services,,catering;events;food service,,"Unnamed Road, J834+PCM، مسقط، Oman",Muscat,Oman,23.604333,58.30604,https://www.google.com/maps/place/?q=place_id:ChIJfWwLI5D_jT4RywnkUQPub4k,https://www.google.com/maps/place/?q=place_id:ChIJfWwLI5D_jT4RywnkUQPub4k,,https://www.google.com/maps/place/?q=place_id:ChIJfWwLI5D_jT4RywnkUQPub4k,,,,,,,,,,,,,,4.6,,,,,,41,Google,,10/4/2025,,,,,,,
ChIJNRYZrhkAjj4RXf3IK8tJUOo,oua-retail-scs-azaiba,OUA Retail - SCS Azaiba,Catering Services,,catering;events;food service,,"Sultan Qaboos St, Muscat, Oman",Muscat,Oman,23.589741,58.362459,https://www.google.com/maps/place/?q=place_id:ChIJNRYZrhkAjj4RXf3IK8tJUOo,http://ouaoman.com/,+968 24 495157,http://ouaoman.com/,,,,,,,,,,,,,,4.2,,,,,,148,Google,,10/4/2025,,,,,,,
ChIJa91HyGsBjj4R1hCPfjHJkDE,oceania-trading-corporation,Oceania Trading Corporation أوشينيا,Catering Services,,catering;events;food service,,"Way 6211 Building 836, Airport Heights, مسقط 211, Oman",Muscat,Oman,23.580768,58.337175,https://www.google.com/maps/place/?q=place_id:ChIJa91HyGsBjj4R1hCPfjHJkDE,http://oceania.om/,+968 24 200004,http://oceania.om/,,,,,,,,,,,,,,3.5,,,,,,2,Google,,10/4/2025,,,,,,,
ChIJV6ihGnT3kT4RwlmNxP6XyIQ,oman-catering-company,Oman Catering Company,Catering Services,,catering;events;food service,,"Unnamed Road, Muscat, Oman",Muscat,Oman,23.594577,58.555189,https://www.google.com/maps/place/?q=place_id:ChIJV6ihGnT3kT4RwlmNxP6XyIQ,https://www.google.com/maps/place/?q=place_id:ChIJV6ihGnT3kT4RwlmNxP6XyIQ,,https://www.google.com/maps/place/?q=place_id:ChIJV6ihGnT3kT4RwlmNxP6XyIQ,,,,,,,,,,,,,,4.7,,,,,,18,Google,,10/4/2025,,,,,,,
ChIJFbR0U5D_kT4ROhgRo-8BtiU,oman-events-company-events-and-wedding-planner-in-oman,Oman Events Company | Events and Wedding planner in Oman,Catering Services,,catering;events;food service,,"4726 Al Khuwair St, Muscat 117, Oman",Muscat,Oman,23.596486,58.434366,https://www.google.com/maps/place/?q=place_id:ChIJFbR0U5D_kT4ROhgRo-8BtiU,https://omaneventscompany.com/,+968 9709 8681,https://omaneventscompany.com/,,,,,,,,,,,,,,5,,,,,,7,Google,,10/4/2025,,,,,,,
ChIJrehUmE7_kT4R6e9x8YrAMKY,orbit-leading-projects-llc,Orbit Leading Projects LLC,Catering Services,,catering;events;food service,,"1st Floor, MIC Building, Al Khuwair St, Muscat 133, Oman",Muscat,Oman,23.596503,58.428116,https://www.google.com/maps/place/?q=place_id:ChIJrehUmE7_kT4R6e9x8YrAMKY,http://orbit-events.com/,+968 9249 5757,http://orbit-events.com/,,,,,,,,,,,,,,5,,,,,,2,Google,,10/4/2025,,,,,,,
ChIJ8yFsue__kT4R7jACmvJ6WeA,prestige-event-management-services,PRESTIGE EVENT MANAGEMENT SERVICES برستيج لخدمات إدارة الفعاليات,Catering Services,,catering;events;food service,,"44St. Azaiba, Sultanate of Oman, مسقط 111, Oman",Muscat,Oman,23.600817,58.385025,https://www.google.com/maps/place/?q=place_id:ChIJ8yFsue__kT4R7jACmvJ6WeA,https://www.google.com/maps/place/?q=place_id:ChIJ8yFsue__kT4R7jACmvJ6WeA,+968 24 492500,https://www.google.com/maps/place/?q=place_id:ChIJ8yFsue__kT4R7jACmvJ6WeA,,,,,,,,,,,,,,4.1,,,,,,22,Google,,10/4/2025,,,,,,,
ChIJdVEYdu74kT4Riwdqzo15KbE,pizza-hut,Pizza Hut,Catering Services,,catering;events;food service,,"Building No, 5214 Al Nahdah St, Muscat 113, Oman",Muscat,Oman,23.611394,58.495393,https://www.google.com/maps/place/?q=place_id:ChIJdVEYdu74kT4Riwdqzo15KbE,https://www.oman.pizzahut.me/?utm_source=Google&utm_medium=Yext&utm_campaign=OM021,+968 24 822500,https://www.oman.pizzahut.me/?utm_source=Google&utm_medium=Yext&utm_campaign=OM021,,,,,,,,,$$,,,,,4.2,,,,,,1271,Google,,10/4/2025,,,,,,,
ChIJ9YZLWqj_kT4RnA2rmHsNY_s,pizza-hut,Pizza Hut,Catering Services,,catering;events;food service,,"Rex Road, Shop No:127, شارع البرج، مسقط 113, Oman",Muscat,Oman,23.603193,58.539848,https://www.google.com/maps/place/?q=place_id:ChIJ9YZLWqj_kT4RnA2rmHsNY_s,https://www.oman.pizzahut.me/?utm_source=Google&utm_medium=Yext&utm_campaign=OM007,+968 24 822500,https://www.oman.pizzahut.me/?utm_source=Google&utm_medium=Yext&utm_campaign=OM007,,,,,,,,,$$,,,,,4.1,,,,,,353,Google,,10/4/2025,,,,,,,
ChIJ6cj_McD5kT4R09_2ZMbRr5Y,pizza-modo-ruwi,Pizza Modo Ruwi,Catering Services,,catering;events;food service,,"2996 Way, Muscat 112, Oman",Muscat,Oman,23.595601,58.544611,https://www.google.com/maps/place/?q=place_id:ChIJ6cj_McD5kT4R09_2ZMbRr5Y,https://pizzamodo.com/,+968 7119 8684,https://pizzamodo.com/,,,,,,,,,,,,,,4.4,,,,,,189,Google,,10/4/2025,,,,,,,
ChIJPXFwERD_kT4RXjjgsuMJTnk,pure-food-filipino-restaurant-catering,Pure Food Filipino Restaurant & Catering,Catering Services,,catering;events;food service,,"HCRH+WPQ, Muscat, Oman",Muscat,Oman,23.592326,58.429367,https://www.google.com/maps/place/?q=place_id:ChIJPXFwERD_kT4RXjjgsuMJTnk,https://www.google.com/maps/place/?q=place_id:ChIJPXFwERD_kT4RXjjgsuMJTnk,+968 9063 8375,https://www.google.com/maps/place/?q=place_id:ChIJPXFwERD_kT4RXjjgsuMJTnk,,,,,,,,,,,,,,4.2,,,,,,46,Google,,10/4/2025,,,,,,,
ChIJ-aZS9ZP_kT4R3ymr9n8KYN4,quarter-plate-hospitality-llc,Quarter Plate Hospitality LLC,Catering Services,,catering;events;food service,,"Alliance Business Centers Network 22 706906, Muscat, Oman",Muscat,Oman,23.610222,58.497436,https://www.google.com/maps/place/?q=place_id:ChIJ-aZS9ZP_kT4R3ymr9n8KYN4,https://www.quarterplateoman.com/,+968 7927 7487,https://www.quarterplateoman.com/,,,,,,,,,,,,,,4.8,,,,,,16,Google,,10/4/2025,,,,,,,
ChIJeaJ2lCL5kT4RZwBiMWrX9XM,ramssa-omani-restaurant,Ramssa Omani Restaurant,Catering Services,,catering;events;food service,,"2050 Way 2241 Muscat PC, مسقط 114, Oman",Muscat,Oman,23.625821,58.486508,https://www.google.com/maps/place/?q=place_id:ChIJeaJ2lCL5kT4RZwBiMWrX9XM,http://www.ramssa.com/,+968 9653 3112,http://www.ramssa.com/,,,,,,,,,$,,,,,4.7,,,,,,3447,Google,,10/4/2025,,,,,,,
ChIJMXv9U8j9jT4ReUkcelWXWBI,rayan-food-court,Rayan Food Court,Catering Services,,catering;events;food service,,"Dema, Seeb 111, Oman",Muscat,Oman,23.654199,58.227569,https://www.google.com/maps/place/?q=place_id:ChIJMXv9U8j9jT4ReUkcelWXWBI,https://instgram.com/Rayanfood_court,+968 7913 1000,https://instgram.com/Rayanfood_court,,,,,,,,,,,,,,4.4,,,,,,13,Google,,10/4/2025,,,,,,,
ChIJ1YrGwxb_kT4R0I2uX3S-_rU,rayan-snacks,Rayan Snacks,Catering Services,,catering;events;food service,,"Bousher, Muscat 200, Oman",Muscat,Oman,23.556043,58.400413,https://www.google.com/maps/place/?q=place_id:ChIJ1YrGwxb_kT4R0I2uX3S-_rU,https://www.instagram.com/rayan_snacks?igsh=MXBzazR5OW11Z3ZnYg%3D%3D&utm_source=qr,+968 9298 1977,https://www.instagram.com/rayan_snacks?igsh=MXBzazR5OW11Z3ZnYg%3D%3D&utm_source=qr,,,,,,,,,,,,,,2.3,,,,,,9,Google,,10/4/2025,,,,,,,
ChIJBcISIbcBjj4RLUpHyYMnFhE,remas-group-of-companies,Remas Group Of Companies,Catering Services,,catering;events;food service,,"Near Old OMANTEL OFFICES MAWELA, مسقط، Oman",Muscat,Oman,23.579853,58.297549,https://www.google.com/maps/place/?q=place_id:ChIJBcISIbcBjj4RLUpHyYMnFhE,https://www.google.com/maps/place/?q=place_id:ChIJBcISIbcBjj4RLUpHyYMnFhE,+968 9410 6189,https://www.google.com/maps/place/?q=place_id:ChIJBcISIbcBjj4RLUpHyYMnFhE,,,,,,,,,,,,,,1,,,,,,1,Google,,10/4/2025,,,,,,,
ChIJvdep39n5kT4ROZCfVJSfjmw,renaissance-services-saog,Renaissance Services SAOG,Catering Services,,catering;events;food service,,"PO Box 1676, مسقط 114, Oman",Muscat,Oman,23.596957,58.550275,https://www.google.com/maps/place/?q=place_id:ChIJvdep39n5kT4ROZCfVJSfjmw,http://www.renaissanceservices.com/,+968 24 765900,http://www.renaissanceservices.com/,,,,,,,,,,,,,,4.5,,,,,,161,Google,,10/4/2025,,,,,,,
ChIJhWiMbVz3kT4Rvav5UhSOVdc,renaissance-services-saog-wadi-kabir,"Renaissance Services SAOG, Wadi kabir",Catering Services,,catering;events;food service,,"HHM6+QP6, Muscat, Oman",Muscat,Oman,23.584404,58.561778,https://www.google.com/maps/place/?q=place_id:ChIJhWiMbVz3kT4Rvav5UhSOVdc,https://www.google.com/maps/place/?q=place_id:ChIJhWiMbVz3kT4Rvav5UhSOVdc,+968 24 700127,https://www.google.com/maps/place/?q=place_id:ChIJhWiMbVz3kT4Rvav5UhSOVdc,,,,,,,,,,,,,,4,,,,,,37,Google,,10/4/2025,,,,,,,
ChIJ_0JjD5z_kT4R2Jcujqmc1pg,renaissance-catering-and-services-rcs,Renaissance catering and services ( RCS ),Catering Services,,catering;events;food service,,"HCVG+CQ7, Muscat, Oman",Muscat,Oman,23.593537,58.426911,https://www.google.com/maps/place/?q=place_id:ChIJ_0JjD5z_kT4R2Jcujqmc1pg,https://www.google.com/maps/place/?q=place_id:ChIJ_0JjD5z_kT4R2Jcujqmc1pg,+968 24 478121,https://www.google.com/maps/place/?q=place_id:ChIJ_0JjD5z_kT4R2Jcujqmc1pg,,,,,,,,,,,,,,4.7,,,,,,28,Google,,10/4/2025,,,,,,,
ChIJA3YoNlf_kT4RfY71PWG6yaQ,restaurant-author-s-cuisine,Restaurant Author's Cuisine,Catering Services,,catering;events;food service,,"Bldg.3359A, 3938 Way, Muscat 112, Oman",Muscat,Oman,23.590323,58.544351,https://www.google.com/maps/place/?q=place_id:ChIJA3YoNlf_kT4RfY71PWG6yaQ,https://www.google.com/maps/place/?q=place_id:ChIJA3YoNlf_kT4RfY71PWG6yaQ,+968 9283 3381,https://www.google.com/maps/place/?q=place_id:ChIJA3YoNlf_kT4RfY71PWG6yaQ,,,,,,,,,,,,,,4.6,,,,,,36,Google,,10/4/2025,,,,,,,
ChIJLX_qw_D5kT4RYsggAH6HwTI,restofair-oman,Restofair Oman,Catering Services,,catering;events;food service,,"Al Harthy complex Near Sultan Center, مسقط، Oman",Muscat,Oman,23.606783,58.500618,https://www.google.com/maps/place/?q=place_id:ChIJLX_qw_D5kT4RYsggAH6HwTI,http://www.restofair.om/,+968 9403 0863,http://www.restofair.om/,,,,,,,,,,,,,,4.2,,,,,,43,Google,,10/4/2025,,,,,,,
ChIJRb3MBI75kT4Rrd_lVjsgdDo,richy-dine-restaurant,Richy Dine Restaurant.,Catering Services,,catering;events;food service,,"Bait Al Falaj St, Muscat 112, Oman",Muscat,Oman,23.610557,58.548685,https://www.google.com/maps/place/?q=place_id:ChIJRb3MBI75kT4Rrd_lVjsgdDo,https://www.google.com/maps/place/?q=place_id:ChIJRb3MBI75kT4Rrd_lVjsgdDo,+968 7931 2023,https://www.google.com/maps/place/?q=place_id:ChIJRb3MBI75kT4Rrd_lVjsgdDo,,,,,,,,,,,,,,4.3,,,,,,42,Google,,10/4/2025,,,,,,,
ChIJsRuGUef_kT4Rn9nuIflC0NU,rolls-rice,Rolls & Rice مطعم رولز اند رايس,Catering Services,,catering;events;food service,,"Sultan Qaboos St, Muscat, Oman",Muscat,Oman,23.590533,58.377893,https://www.google.com/maps/place/?q=place_id:ChIJsRuGUef_kT4Rn9nuIflC0NU,http://www.bombaysweets.biz/,+968 24 120777,http://www.bombaysweets.biz/,,,,,,,,,,,,,,3.8,,,,,,80,Google,,10/4/2025,,,,,,,
ChIJo3l8lrn_kT4Rwo63tyUUm-s,royal-catering-muscat,Royal Catering Muscat,Catering Services,,catering;events;food service,,"Building No 484 OM, Way No 5007, 113 Al Hirmal St, مسقط، Oman",Muscat,Oman,23.580766,58.371869,https://www.google.com/maps/place/?q=place_id:ChIJo3l8lrn_kT4Rwo63tyUUm-s,https://www.google.com/maps/place/?q=place_id:ChIJo3l8lrn_kT4Rwo63tyUUm-s,,https://www.google.com/maps/place/?q=place_id:ChIJo3l8lrn_kT4Rwo63tyUUm-s,,,,,,,,,,,,,,4.3,,,,,,7,Google,,10/4/2025,,,,,,,
ChIJ4yUV3Un9jT4Rur2yUWJGmZA,s-j-abed-al-sulaimi-catering-group-llc,S.J.Abed & Al Sulaimi Catering Group LLC,Catering Services,,catering;events;food service,,"J6VQ+3CV, Seeb, Oman",Muscat,Oman,23.642736,58.23854,https://www.google.com/maps/place/?q=place_id:ChIJ4yUV3Un9jT4Rur2yUWJGmZA,http://www.sjabedalsulaimi.com/,+968 24 495005,http://www.sjabedalsulaimi.com/,,,,,,,,,,,,,,4.5,,,,,,30,Google,,10/4/2025,,,,,,,
ChIJJ5NB-Aj5kT4Rr65uVt46Eyw,saj-restaurant,SAJ RESTAURANT,Catering Services,,catering;events;food service,,"Building No.4857, Street: Rex road, Way No. 2945, Opposite Outer space restaurant, Area:, مسقط 112, Oman",Muscat,Oman,23.600143,58.541317,https://www.google.com/maps/place/?q=place_id:ChIJJ5NB-Aj5kT4Rr65uVt46Eyw,https://www.google.com/maps/place/?q=place_id:ChIJJ5NB-Aj5kT4Rr65uVt46Eyw,+968 9808 2328,https://www.google.com/maps/place/?q=place_id:ChIJJ5NB-Aj5kT4Rr65uVt46Eyw,,,,,,,,,,,,,,4.5,,,,,,71,Google,,10/4/2025,,,,,,,
ChIJp24M9fX5kT4Rjrohnnv2LIY,sk1010-events,SK1010 Events,Catering Services,,catering;events;food service,,"Ruwi, Muscat 112, Oman",Muscat,Oman,23.599831,58.545117,https://www.google.com/maps/place/?q=place_id:ChIJp24M9fX5kT4Rjrohnnv2LIY,https://www.google.com/maps/place/?q=place_id:ChIJp24M9fX5kT4Rjrohnnv2LIY,+968 9854 4366,https://www.google.com/maps/place/?q=place_id:ChIJp24M9fX5kT4Rjrohnnv2LIY,,,,,,,,,,,,,,4,,,,,,4,Google,,10/4/2025,,,,,,,
ChIJXZFPf-kBjj4RGBCYgjewB9s,sr-events,SR Events,Catering Services,,catering;events;food service,,"Grand Mosque St, Muscat 133, Oman",Muscat,Oman,23.580577,58.33693,https://www.google.com/maps/place/?q=place_id:ChIJXZFPf-kBjj4RGBCYgjewB9s,https://www.instagram.com/srevents.om/,+968 9591 2312,https://www.instagram.com/srevents.om/,,,,,,,,,,,,,,4.9,,,,,,33,Google,,10/4/2025,,,,,,,
ChIJNw2DDiTxkT4ROqHPODkkMpQ,salaam-space,Salaam Space,Catering Services,,catering;events;food service,,"242 Way No 7705 Muscat OM, 100, Oman",Muscat,Oman,23.562536,58.62912,https://www.google.com/maps/place/?q=place_id:ChIJNw2DDiTxkT4ROqHPODkkMpQ,http://www.salaamspace.com/,+968 9421 5946,http://www.salaamspace.com/,,,,,,,,,,,,,,4.8,,,,,,35,Google,,10/4/2025,,,,,,,
ChIJ_1jkMQD9jT4RO0Xrme8v3dc,salim-hassan-s-kings-park,Salim Hassan's KINGS PARK,Catering Services,,catering;events;food service,,"Al Hail North, Muscat, Oman",Muscat,Oman,23.633237,58.232363,https://www.google.com/maps/place/?q=place_id:ChIJ_1jkMQD9jT4RO0Xrme8v3dc,https://www.google.com/maps/place/?q=place_id:ChIJ_1jkMQD9jT4RO0Xrme8v3dc,+968 7719 0654,https://www.google.com/maps/place/?q=place_id:ChIJ_1jkMQD9jT4RO0Xrme8v3dc,,,,,,,,,,,,,,3.5,,,,,,144,Google,,10/4/2025,,,,,,,
ChIJq_U0QMX_kT4RU09pSDf_md8,sky-catering,Sky catering,Catering Services,,catering;events;food service,,"Muscat 133, Oman",Muscat,Oman,23.581489,58.376125,https://www.google.com/maps/place/?q=place_id:ChIJq_U0QMX_kT4RU09pSDf_md8,https://www.google.com/maps/place/?q=place_id:ChIJq_U0QMX_kT4RU09pSDf_md8,+968 9204 7266,https://www.google.com/maps/place/?q=place_id:ChIJq_U0QMX_kT4RU09pSDf_md8,,,,,,,,,,,,,,5,,,,,,1,Google,,10/4/2025,,,,,,,
ChIJZ4OXhSX_kT4RERKqmbDribE,sodexo-socat-llc,Sodexo Socat LLC,Catering Services,,catering;events;food service,,"Muscat, Oman",Muscat,Oman,23.592822,58.451094,https://www.google.com/maps/place/?q=place_id:ChIJZ4OXhSX_kT4RERKqmbDribE,http://middleeast.sodexo.com/,+968 24 400700,http://middleeast.sodexo.com/,,,,,,,,,,,,,,4,,,,,,74,Google,,10/4/2025,,,,,,,
ChIJQ8skrhkAjj4R9vcbARS6XOw,sohar-catering-services,Sohar Catering Services,Catering Services,,catering;events;food service,,"H9Q6+WXH, Muscat, Oman",Muscat,Oman,23.589804,58.362492,https://www.google.com/maps/place/?q=place_id:ChIJQ8skrhkAjj4R9vcbARS6XOw,https://www.google.com/maps/place/?q=place_id:ChIJQ8skrhkAjj4R9vcbARS6XOw,,https://www.google.com/maps/place/?q=place_id:ChIJQ8skrhkAjj4R9vcbARS6XOw,,,,,,,,,,,,,,4.8,,,,,,10,Google,,10/4/2025,,,,,,,
ChIJKT2zeGH_kT4RCHNFpVixHi0,tasty-foods-coffee-shop-resturent-idli-dosa-ideappam-available,"TASTY FOODS coffee shop& RESTURENT(idli,dosa,ideappam available)",Catering Services,,catering;events;food service,,"HCWF+67G, 3517 Way, Muscat, Oman",Muscat,Oman,23.595567,58.423198,https://www.google.com/maps/place/?q=place_id:ChIJKT2zeGH_kT4RCHNFpVixHi0,https://www.google.com/maps/place/?q=place_id:ChIJKT2zeGH_kT4RCHNFpVixHi0,+968 9119 7503,https://www.google.com/maps/place/?q=place_id:ChIJKT2zeGH_kT4RCHNFpVixHi0,,,,,,,,,$,,,,,3.9,,,,,,239,Google,,10/4/2025,,,,,,,
ChIJFd_L2W_5kT4RFVnO9TGxamo,takara-muscat,Takara Muscat,Catering Services,,catering;events;food service,,"Qurum, Muscat, Oman",Muscat,Oman,23.616189,58.465232,https://www.google.com/maps/place/?q=place_id:ChIJFd_L2W_5kT4RFVnO9TGxamo,https://www.instagram.com/takaramuscat/,,https://www.instagram.com/takaramuscat/,,,,,,,,,,,,,,4.7,,,,,,701,Google,,10/4/2025,,,,,,,
ChIJhXw3alb_kT4R1qKElmN-qDc,tamam-restaurant-and-catering,Tamam Restaurant and Catering مطعم تمام,Catering Services,,catering;events;food service,,"Right behind KFC, Jollibee & Mustafa Sultan beside Venus Hotel, Al Khuwair North, مسقط 133, Oman",Muscat,Oman,23.595967,58.426726,https://www.google.com/maps/place/?q=place_id:ChIJhXw3alb_kT4R1qKElmN-qDc,https://www.google.com/maps/place/?q=place_id:ChIJhXw3alb_kT4R1qKElmN-qDc,+968 7839 9767,https://www.google.com/maps/place/?q=place_id:ChIJhXw3alb_kT4R1qKElmN-qDc,,,,,,,,,$$,,,,,4,,,,,,321,Google,,10/4/2025,,,,,,,
ChIJPQbhjcr9jT4R07CgGBLwxB4,tely-restaurant,Tely Restaurant,Catering Services,,catering;events;food service,,"opp.Nesto Hyper Market, Sib 112, Oman",Muscat,Oman,23.621901,58.243414,https://www.google.com/maps/place/?q=place_id:ChIJPQbhjcr9jT4R07CgGBLwxB4,https://www.google.com/maps/place/?q=place_id:ChIJPQbhjcr9jT4R07CgGBLwxB4,+968 9650 0137,https://www.google.com/maps/place/?q=place_id:ChIJPQbhjcr9jT4R07CgGBLwxB4,,,,,,,,,,,,,,4.4,,,,,,218,Google,,10/4/2025,,,,,,,
ChIJ-3_m861ykFQRlE1MUZw4iqc,the-catering-company,The Catering Company,Catering Services,,catering;events;food service,,"13613 NE 126th Pl # 350, Kirkland, WA 98034, USA",Muscat,Oman,47.713064,-122.158322,https://www.google.com/maps/place/?q=place_id:ChIJ-3_m861ykFQRlE1MUZw4iqc,http://www.ordercatering.com/,+1 425-825-7230,http://www.ordercatering.com/,,,,,,,,,,,,,,4.9,,,,,,243,Google,,10/4/2025,,,,,,,
ChIJwdXVxjv4kT4Re9ukfDS9Y8Q,the-cave,The Cave,Catering Services,,catering;events;food service,,"1952 way, Darsyt Park, Darsyt, Muscat, Darsyt/Muscat 112, Oman",Muscat,Oman,23.616516,58.534471,https://www.google.com/maps/place/?q=place_id:ChIJwdXVxjv4kT4Re9ukfDS9Y8Q,https://www.google.com/maps/place/?q=place_id:ChIJwdXVxjv4kT4Re9ukfDS9Y8Q,,https://www.google.com/maps/place/?q=place_id:ChIJwdXVxjv4kT4Re9ukfDS9Y8Q,,,,,,,,,$$$,,,,,4.1,,,,,,2909,Google,,10/4/2025,,,,,,,
ChIJ6eSTUQH_kT4RiTJ3NihxhMw,the-dried-lemon,The Dried Lemon,Catering Services,,catering;events;food service,,"Al Maha Street, Muscat, Al Khuwair 133, Oman",Muscat,Oman,23.583934,58.422457,https://www.google.com/maps/place/?q=place_id:ChIJ6eSTUQH_kT4RiTJ3NihxhMw,https://www.google.com/maps/place/?q=place_id:ChIJ6eSTUQH_kT4RiTJ3NihxhMw,+968 9675 5050,https://www.google.com/maps/place/?q=place_id:ChIJ6eSTUQH_kT4RiTJ3NihxhMw,,,,,,,,,,,,,,4,,,,,,14,Google,,10/4/2025,,,,,,,
ChIJt0FCRcb5kT4R6ViOQ8M-3Hk,the-kook-restaurant-cafe,The Kook Restaurant & Cafe,Catering Services,,catering;events;food service,,"Ruwi High St, Muscat 112, Oman",Muscat,Oman,23.59417,58.544607,https://www.google.com/maps/place/?q=place_id:ChIJt0FCRcb5kT4R6ViOQ8M-3Hk,https://www.google.com/maps/place/?q=place_id:ChIJt0FCRcb5kT4R6ViOQ8M-3Hk,+968 7191 6006,https://www.google.com/maps/place/?q=place_id:ChIJt0FCRcb5kT4R6ViOQ8M-3Hk,,,,,,,,,,,,,,3.9,,,,,,32,Google,,10/4/2025,,,,,,,
ChIJE4NsBp7_kT4RoIFX-O0jkmU,tiara-events,Tiara Events,Catering Services,,catering;events;food service,,"1947 Way, Muscat, Oman",Muscat,Oman,23.60715,58.458664,https://www.google.com/maps/place/?q=place_id:ChIJE4NsBp7_kT4RoIFX-O0jkmU,http://tiaraoman.com/,+968 9740 0040,http://tiaraoman.com/,,,,,,,,,,,,,,4,,,,,,5,Google,,10/4/2025,,,,,,,
ChIJ9QIbm3X5kT4RLvjd2YO8AM0,tikka-twist,Tikka Twist,Catering Services,,catering;events;food service,,"1116, Mumtaz Heights, مسقط 112, Oman",Muscat,Oman,23.602414,58.533216,https://www.google.com/maps/place/?q=place_id:ChIJ9QIbm3X5kT4RLvjd2YO8AM0,https://www.google.com/maps/place/?q=place_id:ChIJ9QIbm3X5kT4RLvjd2YO8AM0,+968 9246 7118,https://www.google.com/maps/place/?q=place_id:ChIJ9QIbm3X5kT4RLvjd2YO8AM0,,,,,,,,,,,,,,5,,,,,,3,Google,,10/4/2025,,,,,,,
ChIJx5VM3rT4kT4Rmnp9inhaflE,ubhar-restaurant,Ubhar Restaurant,Catering Services,,catering;events;food service,,"Al Kharjiyah St مسقط OM, مسقط 100, Oman",Muscat,Oman,23.612509,58.464311,https://www.google.com/maps/place/?q=place_id:ChIJx5VM3rT4kT4Rmnp9inhaflE,https://ubharoman.com/,+968 24 699826,https://ubharoman.com/,,,,,,,,,$$,,,,,4.5,,,,,,826,Google,,10/4/2025,,,,,,,
ChIJC4eSSakBjj4RtNx_uvL9Jt4,urban-tadka-restaurant-ghala,Urban Tadka Restaurant - Ghala,Catering Services,,catering;events;food service,,"Nr Bank Muscat Bldg, Muscat 111, Oman",Muscat,Oman,23.587056,58.364131,https://www.google.com/maps/place/?q=place_id:ChIJC4eSSakBjj4RtNx_uvL9Jt4,https://www.google.com/maps/place/?q=place_id:ChIJC4eSSakBjj4RtNx_uvL9Jt4,+968 7724 1314,https://www.google.com/maps/place/?q=place_id:ChIJC4eSSakBjj4RtNx_uvL9Jt4,,,,,,,,,,,,,,4.9,,,,,,66,Google,,10/4/2025,,,,,,,
ChIJ0Vv1KQD9jT4R5OWf1U_puPo,vodafone,Vodafone,Catering Services,,catering;events;food service,,"M643+FMJ, Seeb, Oman",Muscat,Oman,23.656219,58.204131,https://www.google.com/maps/place/?q=place_id:ChIJ0Vv1KQD9jT4R5OWf1U_puPo,https://www.google.com/maps/place/?q=place_id:ChIJ0Vv1KQD9jT4R5OWf1U_puPo,,https://www.google.com/maps/place/?q=place_id:ChIJ0Vv1KQD9jT4R5OWf1U_puPo,,,,,,,,,,,,,,,,,,,,,,,10/4/2025,,,,,,,
ChIJD9LxfaGt4qcRVDBHt39CuS0,wings-oman-for-hospitality-cleaning-services,WINGS Oman for Hospitality & Cleaning Services,Catering Services,,catering;events;food service,,"Al Maha St, Muscat 900, Oman",Muscat,Oman,23.573324,58.415986,https://www.google.com/maps/place/?q=place_id:ChIJD9LxfaGt4qcRVDBHt39CuS0,https://www.instagram.com/wingsoman/,+968 9139 3760,https://www.instagram.com/wingsoman/,,,,,,,,,,,,,,5,,,,,,2,Google,,10/4/2025,,,,,,,
ChIJTzGSwND5kT4RBoVOQ2YW-_k,woodlands-restaurant,Woodlands Restaurant مطعم ودلاندز,Catering Services,,catering;events;food service,,"JF23+9XR, Muscat, Oman",Muscat,Oman,23.60104,58.454713,https://www.google.com/maps/place/?q=place_id:ChIJTzGSwND5kT4RBoVOQ2YW-_k,https://woodlands.co.om/,+968 22 842444,https://woodlands.co.om/,,,,,,,,,$$,,,,,4.2,,,,,,1538,Google,,10/4/2025,,,,,,,
ChIJWwiLN7n5kT4RSSksH0za3Lg,zip-bites,Zip Bites,Catering Services,,catering;events;food service,,"shop#6 Bus Stand, Way#2994, Muscat 112, Oman",Muscat,Oman,23.595432,58.545602,https://www.google.com/maps/place/?q=place_id:ChIJWwiLN7n5kT4RSSksH0za3Lg,https://www.google.com/maps/place/?q=place_id:ChIJWwiLN7n5kT4RSSksH0za3Lg,+968 9812 0212,https://www.google.com/maps/place/?q=place_id:ChIJWwiLN7n5kT4RSSksH0za3Lg,,,,,,,,,,,,,,4.6,,,,,,21,Google,,10/4/2025,,,,,,,
ChIJ5RDdVm37kT4Rxmi_FsjeCv4,irice-restaurant-catering,iRice Restaurant & Catering,Catering Services,,catering;events;food service,,"FFWP+W6G, Al Amarat, Oman",Muscat,Oman,23.497322,58.485577,https://www.google.com/maps/place/?q=place_id:ChIJ5RDdVm37kT4Rxmi_FsjeCv4,https://www.google.com/maps/place/?q=place_id:ChIJ5RDdVm37kT4Rxmi_FsjeCv4,+968 24 524939,https://www.google.com/maps/place/?q=place_id:ChIJ5RDdVm37kT4Rxmi_FsjeCv4,,,,,,,,,,,,,,4,,,,,,63,Google,,10/4/2025,,,,,,,
ChIJYYo1XAf_kT4Rcc7uuIXSqBk,nuun-events,nuun events,Catering Services,,catering;events;food service,,"Bait Al Hail, Muscat 111, Oman",Muscat,Oman,23.593622,58.432516,https://www.google.com/maps/place/?q=place_id:ChIJYYo1XAf_kT4Rcc7uuIXSqBk,https://www.google.com/maps/place/?q=place_id:ChIJYYo1XAf_kT4Rcc7uuIXSqBk,+968 9906 6570,https://www.google.com/maps/place/?q=place_id:ChIJYYo1XAf_kT4Rcc7uuIXSqBk,,,,,,,,,,,,,,4,,,,,,1,Google,,10/4/2025,,,,,,,
ChIJsSFlMiIBjj4RPPTpnw_gUIQ,al-marsa,المرسى للولائم والضيافة Al Marsa,Catering Services,,catering;events;food service,,"4839 Al-Azaiba Heights Street, Muscat, Oman",Muscat,Oman,23.593566,58.371566,https://www.google.com/maps/place/?q=place_id:ChIJsSFlMiIBjj4RPPTpnw_gUIQ,https://instagram.com/almarsa.om?igshid=MDM4ZDc5MmU,+968 9522 2909,https://instagram.com/almarsa.om?igshid=MDM4ZDc5MmU,,,,,,,,,,,,,,4.6,,,,,,34,Google,,10/4/2025,,,,,,,
ChIJPRr7sDbzkT4RfLeqTvvfTEU,,طبق الدار,Catering Services,,catering;events;food service,,"Yiti, Oman",Muscat,Oman,23.506935,58.655275,https://www.google.com/maps/place/?q=place_id:ChIJPRr7sDbzkT4RfLeqTvvfTEU,https://instagram.com/tabaq_aldaar,+968 9091 9112,https://instagram.com/tabaq_aldaar,,,,,,,,,,,,,,5,,,,,,5,Google,,10/4/2025,,,,,,,
ChIJue3yoFj9jT4RTu67A6gXxPg,,قاعة القصر,Catering Services,,catering;events;food service,,"Street Oman, Sib, Oman",Muscat,Oman,23.596193,58.21559,https://www.google.com/maps/place/?q=place_id:ChIJue3yoFj9jT4RTu67A6gXxPg,https://www.google.com/maps/place/?q=place_id:ChIJue3yoFj9jT4RTu67A6gXxPg,+968 7117 2222,https://www.google.com/maps/place/?q=place_id:ChIJue3yoFj9jT4RTu67A6gXxPg,,,,,,,,,,,,,,4.5,,,,,,54,Google,,10/4/2025,,,,,,,
ChIJu7moucn9jT4RHF4HQr9Yh7o,,لندن شوكليت للتوريدات,Catering Services,,catering;events;food service,,"Seeb, Oman",Muscat,Oman,23.621536,58.202349,https://www.google.com/maps/place/?q=place_id:ChIJu7moucn9jT4RHF4HQr9Yh7o,https://www.google.com/maps/place/?q=place_id:ChIJu7moucn9jT4RHF4HQr9Yh7o,+968 9170 5922,https://www.google.com/maps/place/?q=place_id:ChIJu7moucn9jT4RHF4HQr9Yh7o,,,,,,,,,,,,,,3.6,,,,,,5,Google,,10/4/2025,,,,,,,
ChIJ0zojlcQHjj4RTF0bhuo2tBc,,مطبخ الدار وديوان للضيافة,Catering Services,,catering;events;food service,,"Manumah, السيب‎ 111, Oman",Muscat,Oman,23.693697,58.058828,https://www.google.com/maps/place/?q=place_id:ChIJ0zojlcQHjj4RTF0bhuo2tBc,https://www.google.com/maps/place/?q=place_id:ChIJ0zojlcQHjj4RTF0bhuo2tBc,+968 9932 3643,https://www.google.com/maps/place/?q=place_id:ChIJ0zojlcQHjj4RTF0bhuo2tBc,,,,,,,,,,,,,,4.4,,,,,,38,Google,,10/4/2025,,,,,,,
ChIJ8ei-PQD_kT4R9ta35P_M0FE,mr-bukhari-restaurant,مطعم مستر بخاري - Mr.bukhari restaurant,Catering Services,,catering;events;food service,,"Muscat 968, Oman",Muscat,Oman,23.559003,58.403106,https://www.google.com/maps/place/?q=place_id:ChIJ8ei-PQD_kT4R9ta35P_M0FE,https://www.google.com/maps/place/?q=place_id:ChIJ8ei-PQD_kT4R9ta35P_M0FE,+968 9833 0545,https://www.google.com/maps/place/?q=place_id:ChIJ8ei-PQD_kT4R9ta35P_M0FE,,,,,,,,,,,,,,4.9,,,,,,71,Google,,10/4/2025,,,,,,,
