id,slug,name,category,tagline,tags,neighborhood,address,city,country,lat,lng,maps_url,website,phone,url,logo_url,hero_url,image_credit,image_source_url,hours_raw,description,about_short,about_long,price_range,pricing,amenities,cuisines,meals,rating_overall,sub_food_quality,sub_service,sub_ambience,sub_value,sub_accessibility,review_count,review_source,review_insight,last_updated,services,specialties,service_area,min_budget,lead_time,venue_affiliations,portfolio_url,languages,years_in_business,license_no,whatsapp
ChIJKRXFQgD_kT4RCQozSx8a66c,a2z-events,A2Z Events,Events,,events;event planner;wedding;corporate,,"HCV9+526, Muscat, Oman",Muscat,Oman,23.594209,58.418257,https://www.google.com/maps/place/?q=place_id:ChIJKRXFQgD_kT4RCQozSx8a66c,http://www.a2zeventoman.com/,+968 7900 7333,http://www.a2zeventoman.com/,https://www.google.com/s2/favicons?domain=www.a2zeventoman.com&sz=128,,,,,,,,,,,,,3.00,,,,,,2,Google,,2025-10-04,,,,,,,,,,,
ChIJ5f_cGS39jT4R5JTS083uJj0,as-gallery,AS Gallery,Events,,events;event planner;wedding;corporate,,"J6G9+RQ4, 2719 Way, Sib, Oman",Muscat,Oman,23.627094,58.219319,https://www.google.com/maps/place/?q=place_id:ChIJ5f_cGS39jT4R5JTS083uJj0,https://instagram.com/as.gallery.om?igshid=MWI4MTIyMDE=,+968 7921 7555,https://instagram.com/as.gallery.om?igshid=MWI4MTIyMDE=,https://www.google.com/s2/favicons?domain=instagram.com&sz=128,,,,,,,,,,,,,5.00,,,,,,2,Google,,2025-10-04,,,,,,,,,,,
ChIJlwaw0JLljT4RbDvTCsuBkhA,abu-sara-events-planner,Abu Sara Events Planner,Events,,events;event planner;wedding;corporate,,"Souq St, Sib, Oman",Muscat,Oman,23.680171,58.184927,https://www.google.com/maps/place/?q=place_id:ChIJlwaw0JLljT4RbDvTCsuBkhA,https://www.google.com/maps/place/?q=place_id:ChIJlwaw0JLljT4RbDvTCsuBkhA,+968 9611 6018,https://www.google.com/maps/place/?q=place_id:ChIJlwaw0JLljT4RbDvTCsuBkhA,https://www.google.com/s2/favicons?domain=www.google.com&sz=128,,,,,,,,,,,,,,,,,,,,,,2025-10-04,,,,,,,,,,,
ChIJAyZx7dr_kT4RjVmRSqyl9t8,al-amri-tent-wedding-service,Al Amri tent wedding service,Events,,events;event planner;wedding;corporate,,"Seeb souk, Sib 121, Oman",Muscat,Oman,23.588031,58.382872,https://www.google.com/maps/place/?q=place_id:ChIJAyZx7dr_kT4RjVmRSqyl9t8,https://www.google.com/maps/place/?q=place_id:ChIJAyZx7dr_kT4RjVmRSqyl9t8,+968 9436 9133,https://www.google.com/maps/place/?q=place_id:ChIJAyZx7dr_kT4RjVmRSqyl9t8,https://www.google.com/s2/favicons?domain=www.google.com&sz=128,,,,,,,,,,,,,,,,,,,,,,2025-10-04,,,,,,,,,,,
ChIJvxpvPMj_kT4RpIGrI-pUah0,al-khayalee-grand-wedding,Al Khayalee Grand Wedding الخيالي,Events,,events;event planner;wedding;corporate,,"Villa No. 800, Muscat 111, Oman",Muscat,Oman,23.607272,58.453050,https://www.google.com/maps/place/?q=place_id:ChIJvxpvPMj_kT4RpIGrI-pUah0,https://alkhayaleeintl.com/,,https://alkhayaleeintl.com/,https://www.google.com/s2/favicons?domain=alkhayaleeintl.com&sz=128,,,,,,,,,,,,,5.00,,,,,,2,Google,,2025-10-04,,,,,,,,,,,
ChIJTexXOFXnjT4RSfspr4WDCtU,al-khaylee-grand-wedding-warehouse,Al Khaylee Grand Wedding Warehouse,Events,,events;event planner;wedding;corporate,,"Near Naseem garden, الشخاخيط، Oman",Muscat,Oman,23.670584,58.040204,https://www.google.com/maps/place/?q=place_id:ChIJTexXOFXnjT4RSfspr4WDCtU,https://www.google.com/maps/place/?q=place_id:ChIJTexXOFXnjT4RSfspr4WDCtU,+968 9760 0044,https://www.google.com/maps/place/?q=place_id:ChIJTexXOFXnjT4RSfspr4WDCtU,https://www.google.com/s2/favicons?domain=www.google.com&sz=128,,,,,,,,,,,,,5.00,,,,,,1,Google,,2025-10-04,,,,,,,,,,,
ChIJLXgv15X7kT4Rk37x_yGSHnY,al-noor-occasions,Al Noor Occasions,Events,,events;event planner;wedding;corporate,,"Al Amarat, Oman",Muscat,Oman,23.521907,58.503513,https://www.google.com/maps/place/?q=place_id:ChIJLXgv15X7kT4Rk37x_yGSHnY,https://www.google.com/maps/place/?q=place_id:ChIJLXgv15X7kT4Rk37x_yGSHnY,+968 9971 3926,https://www.google.com/maps/place/?q=place_id:ChIJLXgv15X7kT4Rk37x_yGSHnY,https://www.google.com/s2/favicons?domain=www.google.com&sz=128,,,,,,,,,,,,,5.00,,,,,,1,Google,,2025-10-04,,,,,,,,,,,
ChIJHwSQ9-j_kT4RO3lXLZBAYoU,alasrar-wedding-planner,Alasrar Wedding Planner,Events,,events;event planner;wedding;corporate,,"Muscat, Oman",Muscat,Oman,23.594565,58.385155,https://www.google.com/maps/place/?q=place_id:ChIJHwSQ9-j_kT4RO3lXLZBAYoU,https://www.google.com/maps/place/?q=place_id:ChIJHwSQ9-j_kT4RO3lXLZBAYoU,+968 9921 5154,https://www.google.com/maps/place/?q=place_id:ChIJHwSQ9-j_kT4RO3lXLZBAYoU,https://www.google.com/s2/favicons?domain=www.google.com&sz=128,,,,,,,,,,,,,3.00,,,,,,2,Google,,2025-10-04,,,,,,,,,,,
ChIJk5EFRf__kT4RtDh-m1CnghY,ali-al-hayki-events-planing-officie,Ali Al-hayki events planing officie,Events,,events;event planner;wedding;corporate,,"J92G+8R2, 18th November St, alathiba, Oman",Muscat,Oman,23.600774,58.377018,https://www.google.com/maps/place/?q=place_id:ChIJk5EFRf__kT4RtDh-m1CnghY,https://www.google.com/maps/place/?q=place_id:ChIJk5EFRf__kT4RtDh-m1CnghY,+968 9927 7196,https://www.google.com/maps/place/?q=place_id:ChIJk5EFRf__kT4RtDh-m1CnghY,https://www.google.com/s2/favicons?domain=www.google.com&sz=128,,,,,,,,,,,,,,,,,,,,,,2025-10-04,,,,,,,,,,,
ChIJK2fm11rljT4R9m9gaVvLp4Y,alrafi-events,Alrafi Events,Events,,events;event planner;wedding;corporate,,"Sib, شارع السوق، Muscat 121, Oman",Muscat,Oman,23.678769,58.186784,https://www.google.com/maps/place/?q=place_id:ChIJK2fm11rljT4R9m9gaVvLp4Y,https://www.instagram.com/alrafi.events/,+968 9722 1336,https://www.instagram.com/alrafi.events/,https://www.google.com/s2/favicons?domain=www.instagram.com&sz=128,,,,,,,,,,,,,,,,,,,,,,2025-10-04,,,,,,,,,,,
ChIJeYxyYYj_kT4Rvl6qNSRIqAc,alshabaka-tents-oman,Alshabaka Tents Oman,Events,,events;event planner;wedding;corporate,,"18th November St, Muscat, Oman",Muscat,Oman,23.600864,58.377045,https://www.google.com/maps/place/?q=place_id:ChIJeYxyYYj_kT4Rvl6qNSRIqAc,https://www.google.com/maps/place/?q=place_id:ChIJeYxyYYj_kT4Rvl6qNSRIqAc,+973 3963 3919,https://www.google.com/maps/place/?q=place_id:ChIJeYxyYYj_kT4Rvl6qNSRIqAc,https://www.google.com/s2/favicons?domain=www.google.com&sz=128,,,,,,,,,,,,,,,,,,,,,,2025-10-04,,,,,,,,,,,
ChIJ703iRQ7_kT4RbSMYYjYttZA,althuriya-international,Althuriya International,Events,,events;event planner;wedding;corporate,,"HCVG+JQ4, Muscat, Oman",Muscat,Oman,23.594009,58.426957,https://www.google.com/maps/place/?q=place_id:ChIJ703iRQ7_kT4RbSMYYjYttZA,https://www.google.com/maps/place/?q=place_id:ChIJ703iRQ7_kT4RbSMYYjYttZA,+968 24 478933,https://www.google.com/maps/place/?q=place_id:ChIJ703iRQ7_kT4RbSMYYjYttZA,https://www.google.com/s2/favicons?domain=www.google.com&sz=128,,,,,,,,,,,,,,,,,,,,,,2025-10-04,,,,,,,,,,,
ChIJjX-rcJ_5kT4RVORxQcdyU9E,alwadi-events,Alwadi events,Events,,events;event planner;wedding;corporate,,"Hillat as saad, Muscat 112, Oman",Muscat,Oman,23.590613,58.531883,https://www.google.com/maps/place/?q=place_id:ChIJjX-rcJ_5kT4RVORxQcdyU9E,https://www.google.com/maps/place/?q=place_id:ChIJjX-rcJ_5kT4RVORxQcdyU9E,+968 7637 1698,https://www.google.com/maps/place/?q=place_id:ChIJjX-rcJ_5kT4RVORxQcdyU9E,https://www.google.com/s2/favicons?domain=www.google.com&sz=128,,,,,,,,,,,,,,,,,,,,,,2025-10-04,,,,,,,,,,,
ChIJ5SMgv0v5kT4RpJ9FQmNOqTs,areej-events-marketing,Areej Events & Marketing,Events,,events;event planner;wedding;corporate,,"CBD Area, Muscat 114, Oman",Muscat,Oman,23.597234,58.553223,https://www.google.com/maps/place/?q=place_id:ChIJ5SMgv0v5kT4RpJ9FQmNOqTs,https://www.google.com/maps/place/?q=place_id:ChIJ5SMgv0v5kT4RpJ9FQmNOqTs,+968 9923 6803,https://www.google.com/maps/place/?q=place_id:ChIJ5SMgv0v5kT4RpJ9FQmNOqTs,https://www.google.com/s2/favicons?domain=www.google.com&sz=128,,,,,,,,,,,,,,,,,,,,,,2025-10-04,,,,,,,,,,,
ChIJxQpmCZPljT4RCFIHvSa2Npk,areena-muscat,Areena Muscat,Events,,events;event planner;wedding;corporate,,"M4CX+5WR, Seeb, Oman",Muscat,Oman,23.670495,58.149767,https://www.google.com/maps/place/?q=place_id:ChIJxQpmCZPljT4RCFIHvSa2Npk,https://www.google.com/maps/place/?q=place_id:ChIJxQpmCZPljT4RCFIHvSa2Npk,,https://www.google.com/maps/place/?q=place_id:ChIJxQpmCZPljT4RCFIHvSa2Npk,https://www.google.com/s2/favicons?domain=www.google.com&sz=128,,,,,,,,,,,,,4.40,,,,,,210,Google,,2025-10-04,,,,,,,,,,,
ChIJR33ggFvljT4R2p8DaVzeLOo,asfand-events-planner,Asfand Events planner,Events,,events;event planner;wedding;corporate,,"M5HP+FHseeb, Seeb, Oman",Muscat,Oman,23.678694,58.186485,https://www.google.com/maps/place/?q=place_id:ChIJR33ggFvljT4R2p8DaVzeLOo,https://instagram.com/asfandwedding?r=nametag,+968 9279 9049,https://instagram.com/asfandwedding?r=nametag,https://www.google.com/s2/favicons?domain=instagram.com&sz=128,,,,,,,,,,,,,5.00,,,,,,1,Google,,2025-10-04,,,,,,,,,,,
ChIJTUS-BfH_kT4RCGWgPH71pVE,axis-events,Axis events,Events,,events;event planner;wedding;corporate,,"Villa 9, building number 1785, way number 1526, Madinat 112, Oman",Muscat,Oman,23.608136,58.465864,https://www.google.com/maps/place/?q=place_id:ChIJTUS-BfH_kT4RCGWgPH71pVE,https://www.axisoman.com/,+968 9987 8414,https://www.axisoman.com/,https://www.google.com/s2/favicons?domain=www.axisoman.com&sz=128,,,,,,,,,,,,,5.00,,,,,,6,Google,,2025-10-04,,,,,,,,,,,
ChIJRXT5dgD5kT4R_8xCnyW0gMs,azzera-events,Azzera Events,Events,,events;event planner;wedding;corporate,,"JG2V+PC9, Muscat 112, Oman",Muscat,Oman,23.601800,58.543600,https://www.google.com/maps/place/?q=place_id:ChIJRXT5dgD5kT4R_8xCnyW0gMs,https://www.azzeraevents.com/,+968 9294 9310,https://www.azzeraevents.com/,https://www.google.com/s2/favicons?domain=www.azzeraevents.com&sz=128,,,,,,,,,,,,,5.00,,,,,,2,Google,,2025-10-04,,,,,,,,,,,
ChIJSfZrcfTljT4RB7EnuFR3c-w,badar-yusuf-for-event-planning,Badar Yusuf for event planning بدر يوسف لتنظيم الحفلات,Events,,events;event planner;wedding;corporate,,"Al, شارع السوق، السيب‎، Oman",Muscat,Oman,23.683268,58.178178,https://www.google.com/maps/place/?q=place_id:ChIJSfZrcfTljT4RB7EnuFR3c-w,https://www.google.com/maps/place/?q=place_id:ChIJSfZrcfTljT4RB7EnuFR3c-w,+968 9900 8421,https://www.google.com/maps/place/?q=place_id:ChIJSfZrcfTljT4RB7EnuFR3c-w,https://www.google.com/s2/favicons?domain=www.google.com&sz=128,,,,,,,,,,,,,3.00,,,,,,1,Google,,2025-10-04,,,,,,,,,,,
ChIJv2Esiun_kT4R-5J4zrf5JNA,balalino,Balalino,Events,,events;event planner;wedding;corporate,,"alsarooj, Al Kharjiyah St, Muscat, Oman",Muscat,Oman,23.604733,58.450706,https://www.google.com/maps/place/?q=place_id:ChIJv2Esiun_kT4R-5J4zrf5JNA,https://www.instagram.com/balalinooman/,+968 9700 0770,https://www.instagram.com/balalinooman/,https://www.google.com/s2/favicons?domain=www.instagram.com&sz=128,,,,,,,,,,,,,4.50,,,,,,99,Google,,2025-10-04,,,,,,,,,,,
ChIJ-fJ0Y9z_kT4Rjt-1lX8TdN4,balloon-city-oman,Balloon City Oman,Events,,events;event planner;wedding;corporate,,"Al Sarooj Street, Shop No - 14, Al Masa Mall, مسقط 133, Oman",Muscat,Oman,23.608673,58.454855,https://www.google.com/maps/place/?q=place_id:ChIJ-fJ0Y9z_kT4Rjt-1lX8TdN4,https://instagram.com/ballooncityoman?igshid=MzMyNGUyNmU2YQ==,+968 9779 2642,https://instagram.com/ballooncityoman?igshid=MzMyNGUyNmU2YQ==,https://www.google.com/s2/favicons?domain=instagram.com&sz=128,,,,,,,,,,,,,4.80,,,,,,12,Google,,2025-10-04,,,,,,,,,,,
ChIJ5ZdRLxD_kT4RTxtV9qS3--o,balloon-haven-events,Balloon Haven & Events,Events,,events;event planner;wedding;corporate,,"HCVP+R3X, Dauhat Al Adab St, Muscat, Oman",Muscat,Oman,23.594622,58.435246,https://www.google.com/maps/place/?q=place_id:ChIJ5ZdRLxD_kT4RTxtV9qS3--o,https://www.google.com/maps/place/?q=place_id:ChIJ5ZdRLxD_kT4RTxtV9qS3--o,+968 9920 0628,https://www.google.com/maps/place/?q=place_id:ChIJ5ZdRLxD_kT4RTxtV9qS3--o,https://www.google.com/s2/favicons?domain=www.google.com&sz=128,,,,,,,,,,,,,4.50,,,,,,17,Google,,2025-10-04,,,,,,,,,,,
ChIJQyWwxK__kT4RcehcWrWPR14,choice-events,Choice Events,Events,,events;event planner;wedding;corporate,,"HCV2+3JW, Muscat, Oman",Muscat,Oman,23.592731,58.401572,https://www.google.com/maps/place/?q=place_id:ChIJQyWwxK__kT4RcehcWrWPR14,https://www.google.com/maps/place/?q=place_id:ChIJQyWwxK__kT4RcehcWrWPR14,+968 9716 2650,https://www.google.com/maps/place/?q=place_id:ChIJQyWwxK__kT4RcehcWrWPR14,https://www.google.com/s2/favicons?domain=www.google.com&sz=128,,,,,,,,,,,,,4.00,,,,,,2,Google,,2025-10-04,,,,,,,,,,,
ChIJiRjDoej5kT4RH3f09WP_QbI,corner-events-oman,Corner Events Oman,Events,,events;event planner;wedding;corporate,,"HGXR+VWR near Fathima Supermarket, 2985 Way, Muscat 114, Oman",Muscat,Oman,23.599735,58.542272,https://www.google.com/maps/place/?q=place_id:ChIJiRjDoej5kT4RH3f09WP_QbI,https://www.google.com/maps/place/?q=place_id:ChIJiRjDoej5kT4RH3f09WP_QbI,+968 9099 7778,https://www.google.com/maps/place/?q=place_id:ChIJiRjDoej5kT4RH3f09WP_QbI,https://www.google.com/s2/favicons?domain=www.google.com&sz=128,,,,,,,,,,,,,4.00,,,,,,2,Google,,2025-10-04,,,,,,,,,,,
ChIJDRbFwkP-kT4RbX_0UsblM3w,creative-international-events-llc,Creative International Events LLC,Events,,events;event planner;wedding;corporate,,"HC42+Q94, Muscat, Oman",Muscat,Oman,23.556895,58.400954,https://www.google.com/maps/place/?q=place_id:ChIJDRbFwkP-kT4RbX_0UsblM3w,https://www.google.com/maps/place/?q=place_id:ChIJDRbFwkP-kT4RbX_0UsblM3w,+968 24 228854,https://www.google.com/maps/place/?q=place_id:ChIJDRbFwkP-kT4RbX_0UsblM3w,https://www.google.com/s2/favicons?domain=www.google.com&sz=128,,,,,,,,,,,,,3.50,,,,,,2,Google,,2025-10-04,,,,,,,,,,,
ChIJGe4lviH9jT4RxYX95nkaY14,djrk,DJRK دي جى خالد الرويضي,Events,,events;event planner;wedding;corporate,,"Al Khoudh St, Sib 112, Oman",Muscat,Oman,23.626557,58.196295,https://www.google.com/maps/place/?q=place_id:ChIJGe4lviH9jT4RxYX95nkaY14,https://www.instagram.com/djkhalid.rk?igsh=M3M4bHhvd2szMHhl&utm_source=qr,+968 9538 3816,https://www.instagram.com/djkhalid.rk?igsh=M3M4bHhvd2szMHhl&utm_source=qr,https://www.google.com/s2/favicons?domain=www.instagram.com&sz=128,,,,,,,,,,,,,5.00,,,,,,2,Google,,2025-10-04,,,,,,,,,,,
ChIJIwFZzMj9jT4RlL0Vx9OCnQM,dj-t-254-sound-entertainment,DJ_T_254 sound Entertainment,Events,,events;event planner;wedding;corporate,,"Al Hail North, Muscat, Oman",Muscat,Oman,23.633402,58.238353,https://www.google.com/maps/place/?q=place_id:ChIJIwFZzMj9jT4RlL0Vx9OCnQM,https://www.google.com/maps/place/?q=place_id:ChIJIwFZzMj9jT4RlL0Vx9OCnQM,+968 7727 4941,https://www.google.com/maps/place/?q=place_id:ChIJIwFZzMj9jT4RlL0Vx9OCnQM,https://www.google.com/s2/favicons?domain=www.google.com&sz=128,,,,,,,,,,,,,,,,,,,,,,2025-10-04,,,,,,,,,,,
ChIJgYhb74z_kT4R-HZhIk6HvqA,dar-alwasim,Dar Alwasim,Events,,events;event planner;wedding;corporate,,"18th November St, Muscat 132, Oman",Muscat,Oman,23.598675,58.385540,https://www.google.com/maps/place/?q=place_id:ChIJgYhb74z_kT4R-HZhIk6HvqA,https://instagram.com/dar_alwasim2022?igshid=YmMyMTA2M2Y=,+968 9111 0285,https://instagram.com/dar_alwasim2022?igshid=YmMyMTA2M2Y=,https://www.google.com/s2/favicons?domain=instagram.com&sz=128,,,,,,,,,,,,,4.80,,,,,,31,Google,,2025-10-04,,,,,,,,,,,
ChIJXVRTKBn9jT4RwlkSv_Qf3DI,dazzle-events,Dazzle Events,Events,,events;event planner;wedding;corporate,,"J92H+79W, Seeb, Oman",Muscat,Oman,23.600732,58.378469,https://www.google.com/maps/place/?q=place_id:ChIJXVRTKBn9jT4RwlkSv_Qf3DI,https://www.google.com/maps/place/?q=place_id:ChIJXVRTKBn9jT4RwlkSv_Qf3DI,+968 9588 1858,https://www.google.com/maps/place/?q=place_id:ChIJXVRTKBn9jT4RwlkSv_Qf3DI,https://www.google.com/s2/favicons?domain=www.google.com&sz=128,,,,,,,,,,,,,4.40,,,,,,11,Google,,2025-10-04,,,,,,,,,,,
ChIJn4nMEe__kT4RDTts1UdS0Ls,dentsu-m21,Dentsu M21,Events,,events;event planner;wedding;corporate,,"Majan Building 1 Office No 603, Muscat, Oman",Muscat,Oman,23.583332,58.369315,https://www.google.com/maps/place/?q=place_id:ChIJn4nMEe__kT4RDTts1UdS0Ls,http://m21world.com/,+968 24 128646,http://m21world.com/,https://www.google.com/s2/favicons?domain=m21world.com&sz=128,,,,,,,,,,,,,4.60,,,,,,9,Google,,2025-10-04,,,,,,,,,,,
ChIJ8w4SmIlQJEYRzWX2m-6c2sk,discovery-business-llc,Discovery Business LLC,Events,,events;event planner;wedding;corporate,,"Busines Center, Al Khuwair St, Muscat 111, Oman",Muscat,Oman,23.595478,58.440023,https://www.google.com/maps/place/?q=place_id:ChIJ8w4SmIlQJEYRzWX2m-6c2sk,https://discoveryom.com/,+968 9336 6187,https://discoveryom.com/,https://www.google.com/s2/favicons?domain=discoveryom.com&sz=128,,,,,,,,,,,,,5.00,,,,,,1,Google,,2025-10-04,,,,,,,,,,,
ChIJO8jorvf9jT4R-HldJhmyyjs,dreamwedding,Dreamwedding,Events,,events;event planner;wedding;corporate,,"الحيل، Sib 121, Oman",Muscat,Oman,23.633492,58.244905,https://www.google.com/maps/place/?q=place_id:ChIJO8jorvf9jT4R-HldJhmyyjs,https://www.instagram.com/dreamevent_om?igsh=Yml6dm5qNmFkenpp,+968 9574 4973,https://www.instagram.com/dreamevent_om?igsh=Yml6dm5qNmFkenpp,https://www.google.com/s2/favicons?domain=www.instagram.com&sz=128,,,,,,,,,,,,,,,,,,,,,,2025-10-04,,,,,,,,,,,
ChIJP9E7KXABjj4RRYwk-rAUBhQ,easy-wedding-oman,Easy Wedding Oman وكالة افراح في عمان,Events,,events;event planner;wedding;corporate,,"18th November St, Muscat, Oman",Muscat,Oman,23.601964,58.359945,https://www.google.com/maps/place/?q=place_id:ChIJP9E7KXABjj4RRYwk-rAUBhQ,https://easyweddingoman.com/,+995 32 247 39 85,https://easyweddingoman.com/,https://www.google.com/s2/favicons?domain=easyweddingoman.com&sz=128,,,,,,,,,,,,,4.70,,,,,,14,Google,,2025-10-04,,,,,,,,,,,
ChIJ6dKhyf79jT4R9vIy8Xb1vNQ,effects-oman-office,Effects oman office,Events,,events;event planner;wedding;corporate,,"Unnamed Road, J672+XPJ، السيب‎، Oman",Muscat,Oman,23.614954,58.201780,https://www.google.com/maps/place/?q=place_id:ChIJ6dKhyf79jT4R9vIy8Xb1vNQ,https://www.google.com/maps/place/?q=place_id:ChIJ6dKhyf79jT4R9vIy8Xb1vNQ,,https://www.google.com/maps/place/?q=place_id:ChIJ6dKhyf79jT4R9vIy8Xb1vNQ,https://www.google.com/s2/favicons?domain=www.google.com&sz=128,,,,,,,,,,,,,5.00,,,,,,1,Google,,2025-10-04,,,,,,,,,,,
ChIJmeQ0xC__kT4RgQrIAnzmsD0,energize-company-l-l-c,Energize Company L.L.C,Events,,events;event planner;wedding;corporate,,"Grand Mall، Dauhat Al Adab St, Muscat 113, Oman",Muscat,Oman,23.588838,58.412257,https://www.google.com/maps/place/?q=place_id:ChIJmeQ0xC__kT4RgQrIAnzmsD0,http://www.energize-sa.com/,+968 9924 5520,http://www.energize-sa.com/,https://www.google.com/s2/favicons?domain=www.energize-sa.com&sz=128,,,,,,,,,,,,,5.00,,,,,,3,Google,,2025-10-04,,,,,,,,,,,
ChIJQSQa3h35kT4RSYQuKtv4yyI,event-supplies-furniture,Event supplies & furniture,Events,,events;event planner;wedding;corporate,,"HGRG+WVV, Muscat, Oman",Muscat,Oman,23.592351,58.527173,https://www.google.com/maps/place/?q=place_id:ChIJQSQa3h35kT4RSYQuKtv4yyI,https://www.google.com/maps/place/?q=place_id:ChIJQSQa3h35kT4RSYQuKtv4yyI,+968 9047 2177,https://www.google.com/maps/place/?q=place_id:ChIJQSQa3h35kT4RSYQuKtv4yyI,https://www.google.com/s2/favicons?domain=www.google.com&sz=128,,,,,,,,,,,,,,,,,,,,,,2025-10-04,,,,,,,,,,,
ChIJH3ATPsb_kT4RNRAmEWUWQU8,eventique-by-al-hayki-events,Eventique (by Al Hayki Events) افراح وحلويات مسقط,Events,,events;event planner;wedding;corporate,,"Office/Shop #1, Block 240, Building 4006, Muscat, Oman",Muscat,Oman,23.586831,58.405336,https://www.google.com/maps/place/?q=place_id:ChIJH3ATPsb_kT4RNRAmEWUWQU8,http://instagram.com/alhayki.om,+968 9177 8928,http://instagram.com/alhayki.om,https://www.google.com/s2/favicons?domain=instagram.com&sz=128,,,,,,,,,,,,,4.50,,,,,,26,Google,,2025-10-04,,,,,,,,,,,
ChIJsVXdA__5kT4RZ4FbEVuRKK4,events-catering,Events & Catering,Events,,events;event planner;wedding;corporate,,"OM, مسقط 123, Oman",Muscat,Oman,23.629746,58.494404,https://www.google.com/maps/place/?q=place_id:ChIJsVXdA__5kT4RZ4FbEVuRKK4,https://www.google.com/maps/place/?q=place_id:ChIJsVXdA__5kT4RZ4FbEVuRKK4,+968 7157 0002,https://www.google.com/maps/place/?q=place_id:ChIJsVXdA__5kT4RZ4FbEVuRKK4,https://www.google.com/s2/favicons?domain=www.google.com&sz=128,,,,,,,,,,,,,,,,,,,,,,2025-10-04,,,,,,,,,,,
ChIJadklY7n_kT4RKQtysnXPi8c,exhibition-stand-builders-in-oman-event-planner-company-booth-contractors-and-builders-standsbay,"Exhibition Stand Builders in Oman, Event Planner Company, Booth Contractors and Builders | StandsBay",Events,,events;event planner;wedding;corporate,,"Al Haikal hotel, building no.412, Al Ghubrah St, Muscat 113, Oman",Muscat,Oman,23.575015,58.397566,https://www.google.com/maps/place/?q=place_id:ChIJadklY7n_kT4RKQtysnXPi8c,https://standsbay.com/exhibition-stand-builder-oman/,+968 7739 0011,https://standsbay.com/exhibition-stand-builder-oman/,https://www.google.com/s2/favicons?domain=standsbay.com&sz=128,,,,,,,,,,,,,5.00,,,,,,2,Google,,2025-10-04,,,,,,,,,,,
ChIJZYjeLX3_kT4R8i5ExOM0-Sg,experiment-events,Experiment Events,Events,,events;event planner;wedding;corporate,,"Al Manal Building First floor، Office no 105، Muscat 112, Oman",Muscat,Oman,23.596821,58.448339,https://www.google.com/maps/place/?q=place_id:ChIJZYjeLX3_kT4R8i5ExOM0-Sg,http://www.experimentevents.com/,+968 9236 9801,http://www.experimentevents.com/,https://www.google.com/s2/favicons?domain=www.experimentevents.com&sz=128,,,,,,,,,,,,,5.00,,,,,,2,Google,,2025-10-04,,,,,,,,,,,
ChIJ2SCAGLj8jT4RexJ7Khj2Ugg,fantazia-world-event-planner,Fantazia World event planner,Events,,events;event planner;wedding;corporate,,"The wave، Sib 121, Oman",Muscat,Oman,23.619122,58.257151,https://www.google.com/maps/place/?q=place_id:ChIJ2SCAGLj8jT4RexJ7Khj2Ugg,https://instagram.com/fantaziastages,,https://instagram.com/fantaziastages,https://www.google.com/s2/favicons?domain=instagram.com&sz=128,,,,,,,,,,,,,4.70,,,,,,11,Google,,2025-10-04,,,,,,,,,,,
ChIJLzSm9VABjj4R3reeeluQk6g,fori-events,Fori Events,Events,,events;event planner;wedding;corporate,,"Alanwar st, building 698, Office 1, مسقط 113, Oman",Muscat,Oman,23.598254,58.347416,https://www.google.com/maps/place/?q=place_id:ChIJLzSm9VABjj4R3reeeluQk6g,https://www.google.com/maps/place/?q=place_id:ChIJLzSm9VABjj4R3reeeluQk6g,+968 9641 2121,https://www.google.com/maps/place/?q=place_id:ChIJLzSm9VABjj4R3reeeluQk6g,https://www.google.com/s2/favicons?domain=www.google.com&sz=128,,,,,,,,,,,,,5.00,,,,,,3,Google,,2025-10-04,,,,,,,,,,,
ChIJRYi53O7_kT4RNgLoW5nRIas,forio-for-event-planning,Forio for Event Planning,Events,,events;event planner;wedding;corporate,,"H9XP+CJ9, Muscat, Oman",Muscat,Oman,23.598532,58.386613,https://www.google.com/maps/place/?q=place_id:ChIJRYi53O7_kT4RNgLoW5nRIas,http://www.instagram.com/4u_company,+968 9897 1727,http://www.instagram.com/4u_company,https://www.google.com/s2/favicons?domain=www.instagram.com&sz=128,,,,,,,,,,,,,5.00,,,,,,1,Google,,2025-10-04,,,,,,,,,,,
ChIJY4OZWSIBjj4RjSQRyrRCzbc,future-innovative-solutions-llc-jas-media-tech,Future Innovative Solutions LLC (JAS Media Tech),Events,,events;event planner;wedding;corporate,,"Al Khuwair St, Muscat, Oman",Muscat,Oman,23.589446,58.427726,https://www.google.com/maps/place/?q=place_id:ChIJY4OZWSIBjj4RjSQRyrRCzbc,https://jasmt.com/,+968 9541 2121,https://jasmt.com/,https://www.google.com/s2/favicons?domain=jasmt.com&sz=128,,,,,,,,,,,,,5.00,,,,,,1,Google,,2025-10-04,,,,,,,,,,,
ChIJw4jNCRj_kT4R4JTUJ-1ROjE,gcu-gifts-events-company,GCU-Gifts & Events Company,Events,,events;event planner;wedding;corporate,,"Souk Al Khuwair St, Muscat, Oman",Muscat,Oman,23.589495,58.428122,https://www.google.com/maps/place/?q=place_id:ChIJw4jNCRj_kT4R4JTUJ-1ROjE,https://gcullc.my.canva.site/,+968 9224 9983,https://gcullc.my.canva.site/,https://www.google.com/s2/favicons?domain=gcullc.my.canva.site&sz=128,,,,,,,,,,,,,5.00,,,,,,17,Google,,2025-10-04,,,,,,,,,,,
ChIJcftwBHnljT4RNQ0RQOFGHJg,gazebo-weddings,Gazebo.weddings,Events,,events;event planner;wedding;corporate,,"Seeb St, Sib, Oman",Muscat,Oman,23.679057,58.186025,https://www.google.com/maps/place/?q=place_id:ChIJcftwBHnljT4RNQ0RQOFGHJg,https://www.google.com/maps/place/?q=place_id:ChIJcftwBHnljT4RNQ0RQOFGHJg,+968 7823 3082,https://www.google.com/maps/place/?q=place_id:ChIJcftwBHnljT4RNQ0RQOFGHJg,https://www.google.com/s2/favicons?domain=www.google.com&sz=128,,,,,,,,,,,,,4.80,,,,,,4,Google,,2025-10-04,,,,,,,,,,,
ChIJ4TzczYXljT4RTxYxiHAkksU,glitz-glamorevents,Glitz & glamorevents,Events,,events;event planner;wedding;corporate,,"police station, 4065 Nears, Sib 121, Oman",Muscat,Oman,23.683223,58.177900,https://www.google.com/maps/place/?q=place_id:ChIJ4TzczYXljT4RTxYxiHAkksU,https://www.google.com/maps/place/?q=place_id:ChIJ4TzczYXljT4RTxYxiHAkksU,+968 9919 7324,https://www.google.com/maps/place/?q=place_id:ChIJ4TzczYXljT4RTxYxiHAkksU,https://www.google.com/s2/favicons?domain=www.google.com&sz=128,,,,,,,,,,,,,5.00,,,,,,1,Google,,2025-10-04,,,,,,,,,,,
ChIJt5m0dTH_kT4RcB2DLTV9Fxs,glories-for-events,Glories for events,Events,,events;event planner;wedding;corporate,,"HCVV+JCM, Al Khuwair St, Muscat, Oman",Muscat,Oman,23.594100,58.443544,https://www.google.com/maps/place/?q=place_id:ChIJt5m0dTH_kT4RcB2DLTV9Fxs,https://www.google.com/maps/place/?q=place_id:ChIJt5m0dTH_kT4RcB2DLTV9Fxs,+968 9399 0674,https://www.google.com/maps/place/?q=place_id:ChIJt5m0dTH_kT4RcB2DLTV9Fxs,https://www.google.com/s2/favicons?domain=www.google.com&sz=128,,,,,,,,,,,,,5.00,,,,,,1,Google,,2025-10-04,,,,,,,,,,,
ChIJsTm0ZcD_kT4RnPe8XxG2tDs,great-muscat-light-llc,Great muscat light LLC,Events,,events;event planner;wedding;corporate,,"Al Amin - G floor - office 3, 5509 Wy, Muscat 133, Oman",Muscat,Oman,23.576590,58.411438,https://www.google.com/maps/place/?q=place_id:ChIJsTm0ZcD_kT4RnPe8XxG2tDs,http://gmloman.com/,+968 9384 3389,http://gmloman.com/,https://www.google.com/s2/favicons?domain=gmloman.com&sz=128,,,,,,,,,,,,,5.00,,,,,,8,Google,,2025-10-04,,,,,,,,,,,
ChIJk8p49W7ljT4Rfani8g6M76U,hadab-muscat-al-mutkadma,HADAB MUSCAT AL MUTKADMA هدب مسقط المتقدمة,Events,,events;event planner;wedding;corporate,,"M5JJ+X9R، شارع السيب، Sib, Oman",Muscat,Oman,23.682481,58.180882,https://www.google.com/maps/place/?q=place_id:ChIJk8p49W7ljT4Rfani8g6M76U,https://www.google.com/maps/place/?q=place_id:ChIJk8p49W7ljT4Rfani8g6M76U,+968 9207 4300,https://www.google.com/maps/place/?q=place_id:ChIJk8p49W7ljT4Rfani8g6M76U,https://www.google.com/s2/favicons?domain=www.google.com&sz=128,,,,,,,,,,,,,4.00,,,,,,1,Google,,2025-10-04,,,,,,,,,,,
ChIJaclkLgD9jT4Rz-9epI6tVjg,hashtag-10-exhibitions-and-events-oman,Hashtag 10 Exhibitions and Events #Oman,Events,,events;event planner;wedding;corporate,,"J6QG+9R5، شارع حيل الشمالية، Sib, Oman",Muscat,Oman,23.650888,58.214976,https://www.google.com/maps/place/?q=place_id:ChIJaclkLgD9jT4Rz-9epI6tVjg,http://www.hashtag-10.com/,+968 9253 3938,http://www.hashtag-10.com/,https://www.google.com/s2/favicons?domain=www.hashtag-10.com&sz=128,,,,,,,,,,,,,5.00,,,,,,6,Google,,2025-10-04,,,,,,,,,,,
ChIJNZ4qzkH5kT4R3sWogi_1puw,heavenly-lounge,Heavenly Lounge,Events,,events;event planner;wedding;corporate,,"Qurm Hills, Street7, مسقط 130, Oman",Muscat,Oman,23.603538,58.501632,https://www.google.com/maps/place/?q=place_id:ChIJNZ4qzkH5kT4R3sWogi_1puw,https://instagram.com/heavenly.om?igshid=YmM0MjE2YWMzOA==,+968 9245 6782,https://instagram.com/heavenly.om?igshid=YmM0MjE2YWMzOA==,https://www.google.com/s2/favicons?domain=instagram.com&sz=128,,,,,,,,,,,,,4.50,,,,,,392,Google,,2025-10-04,,,,,,,,,,,
ChIJVXSs-9v3kT4RUVtpiTiGvKg,helping-hands-catering-services,Helping Hands Catering Services,Events,,events;event planner;wedding;corporate,,"Al Fursan St, Muscat 100, Oman",Muscat,Oman,23.580333,58.561090,https://www.google.com/maps/place/?q=place_id:ChIJVXSs-9v3kT4RUVtpiTiGvKg,http://www.helpinghands.om/,+968 9802 7116,http://www.helpinghands.om/,https://www.google.com/s2/favicons?domain=www.helpinghands.om&sz=128,,,,,,,,,,,,,4.90,,,,,,15,Google,,2025-10-04,,,,,,,,,,,
ChIJ98Zk5jL_kT4RIKdTfqTdvBI,horizon-media-trading,Horizon Media Trading,Events,,events;event planner;wedding;corporate,,"Bousher, South, 233 Al Khuwair St, Muscat, Oman",Muscat,Oman,23.595415,58.439682,https://www.google.com/maps/place/?q=place_id:ChIJ98Zk5jL_kT4RIKdTfqTdvBI,https://www.google.com/maps/place/?q=place_id:ChIJ98Zk5jL_kT4RIKdTfqTdvBI,+968 9450 0480,https://www.google.com/maps/place/?q=place_id:ChIJ98Zk5jL_kT4RIKdTfqTdvBI,https://www.google.com/s2/favicons?domain=www.google.com&sz=128,,,,,,,,,,,,,,,,,,,,,,2025-10-04,,,,,,,,,,,
ChIJibGU6VjjjT4Rd7YEoHW0sZQ,ido-events-oman,IDo Events Oman,Events,,events;event planner;wedding;corporate,,"Muscat Hills, Muscat 123, Oman",Muscat,Oman,23.574019,58.305907,https://www.google.com/maps/place/?q=place_id:ChIJibGU6VjjjT4Rd7YEoHW0sZQ,https://www.instagram.com/idoeventsoman/,+968 7928 3728,https://www.instagram.com/idoeventsoman/,https://www.google.com/s2/favicons?domain=www.instagram.com&sz=128,,,,,,,,,,,,,5.00,,,,,,34,Google,,2025-10-04,,,,,,,,,,,
ChIJS9cUhmaHG4wRZEEB-I4Wabo,idea-planet-events,Idea Planet Events,Events,,events;event planner;wedding;corporate,,"Regus Al Khuwair, Muscat 133, Oman",Muscat,Oman,23.593606,58.426714,https://www.google.com/maps/place/?q=place_id:ChIJS9cUhmaHG4wRZEEB-I4Wabo,https://ideaplanetevents.com/,+968 7707 4330,https://ideaplanetevents.com/,https://www.google.com/s2/favicons?domain=ideaplanetevents.com&sz=128,,,,,,,,,,,,,5.00,,,,,,1,Google,,2025-10-04,,,,,,,,,,,
ChIJ-9xI1TL8jT4RBAdTc3Qs0EE,indigo-events,Indigo Events,Events,,events;event planner;wedding;corporate,,"No. 110, 1st Floor, Al، Manal Building، Muscat, Oman",Muscat,Oman,23.596818,58.448326,https://www.google.com/maps/place/?q=place_id:ChIJ-9xI1TL8jT4RBAdTc3Qs0EE,http://www.indigo-oman.com/,+968 7151 0370,http://www.indigo-oman.com/,https://www.google.com/s2/favicons?domain=www.indigo-oman.com&sz=128,,,,,,,,,,,,,4.90,,,,,,27,Google,,2025-10-04,,,,,,,,,,,
ChIJnzCLjib_kT4R9kudfnwvhpU,intelligent-catering-llc,Intelligent Catering LLC,Events,,events;event planner;wedding;corporate,,"Al Dhayafa Street Opp Al Kazimi Lab, Ali Shaihani B3 Al Dhayafa Street Ghubra North، Muscat 130, Oman",Muscat,Oman,23.589702,58.396334,https://www.google.com/maps/place/?q=place_id:ChIJnzCLjib_kT4R9kudfnwvhpU,https://intelligentoman.com/,+968 9139 1300,https://intelligentoman.com/,https://www.google.com/s2/favicons?domain=intelligentoman.com&sz=128,,,,,,,,,,,,,4.10,,,,,,228,Google,,2025-10-04,,,,,,,,,,,
ChIJWbUKEd7_kT4RiFl3bfV_Xzo,intelligent-events-oman,Intelligent Events Oman,Events,,events;event planner;wedding;corporate,,"Ali Shaihani B3 Building، Al Dhayafa St, Muscat 131, Oman",Muscat,Oman,23.589747,58.396361,https://www.google.com/maps/place/?q=place_id:ChIJWbUKEd7_kT4RiFl3bfV_Xzo,https://intelligentoman.com/,+968 9139 1300,https://intelligentoman.com/,https://www.google.com/s2/favicons?domain=intelligentoman.com&sz=128,,,,,,,,,,,,,4.30,,,,,,122,Google,,2025-10-04,,,,,,,,,,,
ChIJ05hIKCn_kT4RLcN-hLHhf7c,intelligent-party-event-rental-store,Intelligent Party & Event Rental Store,Events,,events;event planner;wedding;corporate,,"Al Dhayafa St, Muscat 374, Oman",Muscat,Oman,23.590737,58.397055,https://www.google.com/maps/place/?q=place_id:ChIJ05hIKCn_kT4RLcN-hLHhf7c,https://www.google.com/maps/place/?q=place_id:ChIJ05hIKCn_kT4RLcN-hLHhf7c,+968 9139 1326,https://www.google.com/maps/place/?q=place_id:ChIJ05hIKCn_kT4RLcN-hLHhf7c,https://www.google.com/s2/favicons?domain=www.google.com&sz=128,,,,,,,,,,,,,4.60,,,,,,11,Google,,2025-10-04,,,,,,,,,,,
ChIJDb7aHRr5kT4Rad0HGT7jp6Q,j-d-design-department,J.D design department ( جی دی تصميم ),Events,,events;event planner;wedding;corporate,,"JF7V+CVW, Muscat, Oman",Muscat,Oman,23.613651,58.494733,https://www.google.com/maps/place/?q=place_id:ChIJDb7aHRr5kT4Rad0HGT7jp6Q,https://www.google.com/maps/place/?q=place_id:ChIJDb7aHRr5kT4Rad0HGT7jp6Q,+968 9235 0604,https://www.google.com/maps/place/?q=place_id:ChIJDb7aHRr5kT4Rad0HGT7jp6Q,https://www.google.com/s2/favicons?domain=www.google.com&sz=128,,,,,,,,,,,,,,,,,,,,,,2025-10-04,,,,,,,,,,,
ChIJARUWbtf2kT4RPzVQmUeLnOQ,jassa-beach-sea-tours,Jassa Beach Sea Tours شاطئ الجصة. للرحلات البحرية,Events,,events;event planner;wedding;corporate,,"Beach Front, Capital Area Yacht Club، Muscat, Oman",Muscat,Oman,23.586950,58.603873,https://www.google.com/maps/place/?q=place_id:ChIJARUWbtf2kT4RPzVQmUeLnOQ,https://www.google.com/maps/place/?q=place_id:ChIJARUWbtf2kT4RPzVQmUeLnOQ,+968 9700 8999,https://www.google.com/maps/place/?q=place_id:ChIJARUWbtf2kT4RPzVQmUeLnOQ,https://www.google.com/s2/favicons?domain=www.google.com&sz=128,,,,,,,,,,,,,4.50,,,,,,148,Google,,2025-10-04,,,,,,,,,,,
ChIJg87d4dv_kT4REe2j2SsYhIY,jay-s-flowers-creation,Jay's Flowers Creation,Events,,events;event planner;wedding;corporate,,"Hormuz Gas Station, 1st Floor, Alkhuwair, Al khuleiyah, 900 Al khuwair, مسقط 112, Oman",Muscat,Oman,23.586889,58.421889,https://www.google.com/maps/place/?q=place_id:ChIJg87d4dv_kT4REe2j2SsYhIY,https://www.google.com/maps/place/?q=place_id:ChIJg87d4dv_kT4REe2j2SsYhIY,+968 7112 0790,https://www.google.com/maps/place/?q=place_id:ChIJg87d4dv_kT4REe2j2SsYhIY,https://www.google.com/s2/favicons?domain=www.google.com&sz=128,,,,,,,,,,,,,4.90,,,,,,70,Google,,2025-10-04,,,,,,,,,,,
ChIJHc4ltSX5kT4R63FiU72gSYo,lb-events,LB Events,Events,,events;event planner;wedding;corporate,,"Showroom 2, Qurum Hills Building 1/62, Way 207, Block 205, مسقط 130, Oman",Muscat,Oman,23.604450,58.501520,https://www.google.com/maps/place/?q=place_id:ChIJHc4ltSX5kT4R63FiU72gSYo,https://lb3vents.com/,+968 7208 1000,https://lb3vents.com/,https://www.google.com/s2/favicons?domain=lb3vents.com&sz=128,,,,,,,,,,,,,5.00,,,,,,4,Google,,2025-10-04,,,,,,,,,,,
ChIJYUx8GwjjjT4RAOUw4TMuxVY,la-perla,La Perla,Events,,events;event planner;wedding;corporate,,"Muscat, Oman",Muscat,Oman,23.616178,58.463140,https://www.google.com/maps/place/?q=place_id:ChIJYUx8GwjjjT4RAOUw4TMuxVY,https://www.google.com/maps/place/?q=place_id:ChIJYUx8GwjjjT4RAOUw4TMuxVY,+968 7143 7513,https://www.google.com/maps/place/?q=place_id:ChIJYUx8GwjjjT4RAOUw4TMuxVY,https://www.google.com/s2/favicons?domain=www.google.com&sz=128,,,,,,,,,,,,,4.60,,,,,,14,Google,,2025-10-04,,,,,,,,,,,
ChIJGYXJo93_kT4REvCveNEWs5I,laialy-events,Laialy Events,Events,,events;event planner;wedding;corporate,,"18th November St, Muscat, Oman",Muscat,Oman,23.599540,58.389904,https://www.google.com/maps/place/?q=place_id:ChIJGYXJo93_kT4REvCveNEWs5I,http://instagram.com/laialyevents,+968 7705 5426,http://instagram.com/laialyevents,https://www.google.com/s2/favicons?domain=instagram.com&sz=128,,,,,,,,,,,,,,,,,,,,,,2025-10-04,,,,,,,,,,,
ChIJP7x62UjjjT4R4lD1FTH9mGs,laura,Laura,Events,,events;event planner;wedding;corporate,,"Al Maha St, Muscat, Oman",Muscat,Oman,23.565517,58.413885,https://www.google.com/maps/place/?q=place_id:ChIJP7x62UjjjT4R4lD1FTH9mGs,https://lauraoman.com/,+968 9902 2641,https://lauraoman.com/,https://www.google.com/s2/favicons?domain=lauraoman.com&sz=128,,,,,,,,,,,,,5.00,,,,,,6,Google,,2025-10-04,,,,,,,,,,,
ChIJK6qqzrj5kT4R5LsA4M7_Wpc,light-lines-llc,Light Lines LLC,Events,,events;event planner;wedding;corporate,,"ruwi, مسقط 114, Oman",Muscat,Oman,23.589993,58.552646,https://www.google.com/maps/place/?q=place_id:ChIJK6qqzrj5kT4R5LsA4M7_Wpc,http://lightlinesllc.com/,,http://lightlinesllc.com/,https://www.google.com/s2/favicons?domain=lightlinesllc.com&sz=128,,,,,,,,,,,,,4.60,,,,,,13,Google,,2025-10-04,,,,,,,,,,,
ChIJvXf2arP4kT4RSgO1OB9IUQs,los-clarita-wedding-events-management,Los Clarita Wedding & Events Management,Events,,events;event planner;wedding;corporate,,"Ghala front of strabag company شارع غلا Ghala، Muscat 197, Oman",Muscat,Oman,23.587011,58.376195,https://www.google.com/maps/place/?q=place_id:ChIJvXf2arP4kT4RSgO1OB9IUQs,http://www.facebook.com/pages/Los-Clarita-Wedding-Events-Services/145756838831291,+968 9544 8722,http://www.facebook.com/pages/Los-Clarita-Wedding-Events-Services/145756838831291,https://www.google.com/s2/favicons?domain=www.facebook.com&sz=128,,,,,,,,,,,,,4.60,,,,,,75,Google,,2025-10-04,,,,,,,,,,,
ChIJDYGK9tP_kT4RbdLfWqmpttE,muscat-oman,MUSCAT OMAN,Events,,events;event planner;wedding;corporate,,"MOTRAH HOTEL, Muscat, Oman",Muscat,Oman,23.588031,58.382872,https://www.google.com/maps/place/?q=place_id:ChIJDYGK9tP_kT4RbdLfWqmpttE,https://www.google.com/maps/place/?q=place_id:ChIJDYGK9tP_kT4RbdLfWqmpttE,+968 9237 2716,https://www.google.com/maps/place/?q=place_id:ChIJDYGK9tP_kT4RbdLfWqmpttE,https://www.google.com/s2/favicons?domain=www.google.com&sz=128,,,,,,,,,,,,,,,,,,,,,,2025-10-04,,,,,,,,,,,
ChIJpRvYrAf5kT4RokeOlVCri80,muscat-vision-international-s-p-c,MUSCAT VISION INTERNATIONAL S P C,Events,,events;event planner;wedding;corporate,,"Hamriyah, Muscat 114, Oman",Muscat,Oman,23.585851,58.539572,https://www.google.com/maps/place/?q=place_id:ChIJpRvYrAf5kT4RokeOlVCri80,https://www.google.com/maps/place/?q=place_id:ChIJpRvYrAf5kT4RokeOlVCri80,+968 9931 7660,https://www.google.com/maps/place/?q=place_id:ChIJpRvYrAf5kT4RokeOlVCri80,https://www.google.com/s2/favicons?domain=www.google.com&sz=128,,,,,,,,,,,,,4.00,,,,,,1,Google,,2025-10-04,,,,,,,,,,,
ChIJ5-4Z1Ib5kT4RRSTQOXVmSl8,manzana-events,Manzana Events,Events,,events;event planner;wedding;corporate,,"Ruwi, Muscat 112, Oman",Muscat,Oman,23.596045,58.553205,https://www.google.com/maps/place/?q=place_id:ChIJ5-4Z1Ib5kT4RRSTQOXVmSl8,https://www.instagram.com/manzanaevents.om/,+968 9284 8491,https://www.instagram.com/manzanaevents.om/,https://www.google.com/s2/favicons?domain=www.instagram.com&sz=128,,,,,,,,,,,,,5.00,,,,,,1,Google,,2025-10-04,,,,,,,,,,,
ChIJx9XHaXz_kT4RyHwMmwkvQU0,maraseem-hospitality,Maraseem Hospitality,Events,,events;event planner;wedding;corporate,,"Grand Mosque St, Muscat, Oman",Muscat,Oman,23.585319,58.369017,https://www.google.com/maps/place/?q=place_id:ChIJx9XHaXz_kT4RyHwMmwkvQU0,https://sites.google.com/view/maraseemhospitality/%D9%84%D9%84%D8%AA%D9%88%D8%A7%D8%B5%D9%84?authuser=0,+968 9667 6670,https://sites.google.com/view/maraseemhospitality/%D9%84%D9%84%D8%AA%D9%88%D8%A7%D8%B5%D9%84?authuser=0,https://www.google.com/s2/favicons?domain=sites.google.com&sz=128,,,,,,,,,,,,,4.70,,,,,,75,Google,,2025-10-04,,,,,,,,,,,
ChIJnUwZdA3_kT4R8fDnoQx3gdU,marina-events,Marina Events,Events,,events;event planner;wedding;corporate,,"Al Khuwair St, Muscat, Oman",Muscat,Oman,23.596801,58.434033,https://www.google.com/maps/place/?q=place_id:ChIJnUwZdA3_kT4R8fDnoQx3gdU,https://www.google.com/maps/place/?q=place_id:ChIJnUwZdA3_kT4R8fDnoQx3gdU,+968 9358 7925,https://www.google.com/maps/place/?q=place_id:ChIJnUwZdA3_kT4R8fDnoQx3gdU,https://www.google.com/s2/favicons?domain=www.google.com&sz=128,,,,,,,,,,,,,,,,,,,,,,2025-10-04,,,,,,,,,,,
ChIJ91XM_MD_kT4RfJzzOYcKAgA,meetings-events-park-inn-by-radisson-muscat,Meetings & Events PARK INN by Radisson Muscat,Events,,events;event planner;wedding;corporate,,"Al Khuwair, 133 Sultan Qaboos St, Muscat, Oman",Muscat,Oman,23.594532,58.413244,https://www.google.com/maps/place/?q=place_id:ChIJ91XM_MD_kT4RfJzzOYcKAgA,https://www.radissonhotels.com/en-us/hotels/park-inn-muscat/meeting-events?cid=a:se+b:gmb+c:emea+i:local+e:pii+d:mea+t:rm+r:+h:OMMCT1,+968 24 507888,https://www.radissonhotels.com/en-us/hotels/park-inn-muscat/meeting-events?cid=a:se+b:gmb+c:emea+i:local+e:pii+d:mea+t:rm+r:+h:OMMCT1,https://www.google.com/s2/favicons?domain=www.radissonhotels.com&sz=128,,,,,,,,,,,,,5.00,,,,,,1,Google,,2025-10-04,,,,,,,,,,,
ChIJ3S0qpzIBjj4RFbdpcPaJ9zA,meetings-events-by-hormuz-grand-muscat-a-radisson-collection-hotel,"Meetings & Events by Hormuz Grand, Muscat A Radisson Collection Hotel",Events,,events;event planner;wedding;corporate,,"Al Matar St, Muscat 111, Oman",Muscat,Oman,23.576666,58.292149,https://www.google.com/maps/place/?q=place_id:ChIJ3S0qpzIBjj4RFbdpcPaJ9zA,https://www.radissonhotels.com/en-us/hotels/radisson-collection-muscat/meeting-events?cid=a:se+b:gmb+c:emea+i:local+e:rco+d:mea+t:rm+h:OMMCTHOR,+968 24 350621,https://www.radissonhotels.com/en-us/hotels/radisson-collection-muscat/meeting-events?cid=a:se+b:gmb+c:emea+i:local+e:rco+d:mea+t:rm+h:OMMCTHOR,https://www.google.com/s2/favicons?domain=www.radissonhotels.com&sz=128,,,,,,,,,,,,,4.50,,,,,,2,Google,,2025-10-04,,,,,,,,,,,
ChIJMWkHNAH_kT4R1KB_bGV8sHo,meetings-events-by-radisson-blu-muscat,"Meetings & Events by Radisson Blu, Muscat",Events,,events;event planner;wedding;corporate,,"Al Khuleiah Street, مسقط 133, Oman",Muscat,Oman,23.587917,58.428431,https://www.google.com/maps/place/?q=place_id:ChIJMWkHNAH_kT4R1KB_bGV8sHo,https://www.radissonhotels.com/en-us/hotels/radisson-blu-muscat/meeting-events?cid=a:se+b:gmb+c:emea+i:local+e:rdb+d:mea+t:rm+h:OMMCT2,+968 24 487777,https://www.radissonhotels.com/en-us/hotels/radisson-blu-muscat/meeting-events?cid=a:se+b:gmb+c:emea+i:local+e:rdb+d:mea+t:rm+h:OMMCT2,https://www.google.com/s2/favicons?domain=www.radissonhotels.com&sz=128,,,,,,,,,,,,,5.00,,,,,,2,Google,,2025-10-04,,,,,,,,,,,
ChIJD3Bz1wr6DQkR7mmK0AE73cA,menaal-events,Menaal Events,Events,,events;event planner;wedding;corporate,,"JG4X+8H6, Muscat 112, Oman",Muscat,Oman,23.605788,58.548905,https://www.google.com/maps/place/?q=place_id:ChIJD3Bz1wr6DQkR7mmK0AE73cA,https://www.google.com/maps/place/?q=place_id:ChIJD3Bz1wr6DQkR7mmK0AE73cA,+968 7718 0190,https://www.google.com/maps/place/?q=place_id:ChIJD3Bz1wr6DQkR7mmK0AE73cA,https://www.google.com/s2/favicons?domain=www.google.com&sz=128,,,,,,,,,,,,,5.00,,,,,,1,Google,,2025-10-04,,,,,,,,,,,
ChIJPd07r33ljT4RRQrlGcHaT1M,nab-events-planner-tents-on-rent,NAB events planner & Tents on rent,Events,,events;event planner;wedding;corporate,,"souk, Seeb 121, Oman",Muscat,Oman,23.681778,58.181443,https://www.google.com/maps/place/?q=place_id:ChIJPd07r33ljT4RRQrlGcHaT1M,https://www.google.com/maps/place/?q=place_id:ChIJPd07r33ljT4RRQrlGcHaT1M,+968 9434 4989,https://www.google.com/maps/place/?q=place_id:ChIJPd07r33ljT4RRQrlGcHaT1M,https://www.google.com/s2/favicons?domain=www.google.com&sz=128,,,,,,,,,,,,,5.00,,,,,,6,Google,,2025-10-04,,,,,,,,,,,
ChIJWwPH1SjljT4RzqeuNTGD634,nahida-events-service,NAHIDA EVENTS SERVICE,Events,,events;event planner;wedding;corporate,,"Seeb 121, Oman",Muscat,Oman,23.678120,58.187321,https://www.google.com/maps/place/?q=place_id:ChIJWwPH1SjljT4RzqeuNTGD634,https://www.instagram.com/nahida_events_services?igsh=MTY0cjFzemh5ZzB5cg%3D%3D&utm_source=qr,+968 9334 5004,https://www.instagram.com/nahida_events_services?igsh=MTY0cjFzemh5ZzB5cg%3D%3D&utm_source=qr,https://www.google.com/s2/favicons?domain=www.instagram.com&sz=128,,,,,,,,,,,,,5.00,,,,,,1,Google,,2025-10-04,,,,,,,,,,,
ChIJ1WdgIgD_kT4RAbbiuUAP8-o,nhp-events,NHP Events,Events,,events;event planner;wedding;corporate,,"No. 204, Second Floor, Building 393, 48 Way, شارع نوفمبر ١٨، مسقط 130, Oman",Muscat,Oman,23.601153,58.370456,https://www.google.com/maps/place/?q=place_id:ChIJ1WdgIgD_kT4RAbbiuUAP8-o,http://www.nhpoman.com/,+968 9622 1067,http://www.nhpoman.com/,https://www.google.com/s2/favicons?domain=www.nhpoman.com&sz=128,,,,,,,,,,,,,4.80,,,,,,10,Google,,2025-10-04,,,,,,,,,,,
ChIJ67GieD39jT4RAlgF0WEP8Ok,negar-event,Negar Event,Events,,events;event planner;wedding;corporate,,"Al Hail North, Seeb 315, Oman",Muscat,Oman,23.637128,58.227787,https://www.google.com/maps/place/?q=place_id:ChIJ67GieD39jT4RAlgF0WEP8Ok,https://www.google.com/maps/place/?q=place_id:ChIJ67GieD39jT4RAlgF0WEP8Ok,+968 7732 4002,https://www.google.com/maps/place/?q=place_id:ChIJ67GieD39jT4RAlgF0WEP8Ok,https://www.google.com/s2/favicons?domain=www.google.com&sz=128,,,,,,,,,,,,,5.00,,,,,,2,Google,,2025-10-04,,,,,,,,,,,
ChIJ_erPOmD3kT4REcsl4s46wEY,new-age-media-solutions-llc,New Age Media Solutions LLC,Events,,events;event planner;wedding;corporate,,"Office 585, ONIC Building - 1090, Way No 4020 Postal 1706, PC 111, Seeb, مسقط 111, Oman",Muscat,Oman,23.600144,58.550954,https://www.google.com/maps/place/?q=place_id:ChIJ_erPOmD3kT4REcsl4s46wEY,http://www.newageexhibitions.com/,+968 9141 4249,http://www.newageexhibitions.com/,https://www.google.com/s2/favicons?domain=www.newageexhibitions.com&sz=128,,,,,,,,,,,,,4.60,,,,,,11,Google,,2025-10-04,,,,,,,,,,,
ChIJ72-Yq9_kjT4RAaf8q_IvywI,new-bhatkal-muslim-jamaat-eid-milan-party-hotel-2016,New Bhatkal Muslim Jamaat Eid Milan Party Hotel 2016,Events,,events;event planner;wedding;corporate,,"M5Q9+HJP، شارع وادي البهائيس، Sib, Oman",Muscat,Oman,23.688952,58.169090,https://www.google.com/maps/place/?q=place_id:ChIJ72-Yq9_kjT4RAaf8q_IvywI,https://www.google.com/maps/place/?q=place_id:ChIJ72-Yq9_kjT4RAaf8q_IvywI,,https://www.google.com/maps/place/?q=place_id:ChIJ72-Yq9_kjT4RAaf8q_IvywI,https://www.google.com/s2/favicons?domain=www.google.com&sz=128,,,,,,,,,,,,,4.30,,,,,,3,Google,,2025-10-04,,,,,,,,,,,
ChIJhTqkcbr5kT4RexOrFa4VaCk,oite,OITE,Events,,events;event planner;wedding;corporate,,"HGRF+HJJ, Muscat, Oman",Muscat,Oman,23.591456,58.524030,https://www.google.com/maps/place/?q=place_id:ChIJhTqkcbr5kT4RexOrFa4VaCk,http://www.oite.com/,+968 24 656000,http://www.oite.com/,https://www.google.com/s2/favicons?domain=www.oite.com&sz=128,,,,,,,,,,,,,4.20,,,,,,13,Google,,2025-10-04,,,,,,,,,,,
ChIJa91HyGsBjj4R1hCPfjHJkDE,oceania-trading-corporation,Oceania Trading Corporation أوشينيا,Events,,events;event planner;wedding;corporate,,"Way 6211 Building 836, Airport Heights, مسقط 211, Oman",Muscat,Oman,23.580768,58.337175,https://www.google.com/maps/place/?q=place_id:ChIJa91HyGsBjj4R1hCPfjHJkDE,http://oceania.om/,+968 24 200004,http://oceania.om/,https://www.google.com/s2/favicons?domain=oceania.om&sz=128,,,,,,,,,,,,,3.50,,,,,,2,Google,,2025-10-04,,,,,,,,,,,
ChIJD8rxKVH5kT4RNcWGbTN9Uv8,oman-advertising-agency-llc-omanad,Oman Advertising Agency LLC وكالة عمان للاعلان ش.م.م (OmanAD),Events,,events;event planner;wedding;corporate,,"Gulf House Building, Near Oman Chamber of Commerce & Industries, Markazi Street, Ruwi, Muscat, OMAN Ruwi OM, مسقط 112, Oman",Muscat,Oman,23.596468,58.548154,https://www.google.com/maps/place/?q=place_id:ChIJD8rxKVH5kT4RNcWGbTN9Uv8,http://www.omanad.net/,+968 9288 0338,http://www.omanad.net/,https://www.google.com/s2/favicons?domain=www.omanad.net&sz=128,,,,,,,,,,,,,4.50,,,,,,6,Google,,2025-10-04,,,,,,,,,,,
ChIJcbtjw7j9jT4RKvcciW3JjZI,oman-events-calendar,Oman Events Calendar,Events,,events;event planner;wedding;corporate,,"J7J8+9C4, Muscat, Oman",Muscat,Oman,23.630886,58.266083,https://www.google.com/maps/place/?q=place_id:ChIJcbtjw7j9jT4RKvcciW3JjZI,https://www.google.com/maps/place/?q=place_id:ChIJcbtjw7j9jT4RKvcciW3JjZI,+968 9207 6353,https://www.google.com/maps/place/?q=place_id:ChIJcbtjw7j9jT4RKvcciW3JjZI,https://www.google.com/s2/favicons?domain=www.google.com&sz=128,,,,,,,,,,,,,,,,,,,,,,2025-10-04,,,,,,,,,,,
ChIJFbR0U5D_kT4ROhgRo-8BtiU,oman-events-company-events-and-wedding-planner-in-oman,Oman Events Company | Events and Wedding planner in Oman,Events,,events;event planner;wedding;corporate,,"4726 Al Khuwair St, Muscat 117, Oman",Muscat,Oman,23.596486,58.434366,https://www.google.com/maps/place/?q=place_id:ChIJFbR0U5D_kT4ROhgRo-8BtiU,https://omaneventscompany.com/,+968 9709 8681,https://omaneventscompany.com/,https://www.google.com/s2/favicons?domain=omaneventscompany.com&sz=128,,,,,,,,,,,,,5.00,,,,,,7,Google,,2025-10-04,,,,,,,,,,,
ChIJP_AxxSP_kT4R1mVyv1oWVe8,orbit-events-management,Orbit Events Management,Events,,events;event planner;wedding;corporate,,"Muscat, Oman",Muscat,Oman,23.589879,58.443859,https://www.google.com/maps/place/?q=place_id:ChIJP_AxxSP_kT4R1mVyv1oWVe8,http://orbit-events.com/,+968 9249 5757,http://orbit-events.com/,https://www.google.com/s2/favicons?domain=orbit-events.com&sz=128,,,,,,,,,,,,,5.00,,,,,,5,Google,,2025-10-04,,,,,,,,,,,
ChIJrehUmE7_kT4R6e9x8YrAMKY,orbit-leading-projects-llc,Orbit Leading Projects LLC,Events,,events;event planner;wedding;corporate,,"1st Floor, MIC Building, Al Khuwair St, Muscat 133, Oman",Muscat,Oman,23.596503,58.428116,https://www.google.com/maps/place/?q=place_id:ChIJrehUmE7_kT4R6e9x8YrAMKY,http://orbit-events.com/,+968 9249 5757,http://orbit-events.com/,https://www.google.com/s2/favicons?domain=orbit-events.com&sz=128,,,,,,,,,,,,,5.00,,,,,,2,Google,,2025-10-04,,,,,,,,,,,
ChIJtQEqmoz_kT4RUjANKzHOdpQ,pioneer-events,PIONEER EVENTS,Events,,events;event planner;wedding;corporate,,"18th November St, Muscat, Oman",Muscat,Oman,23.598086,58.396345,https://www.google.com/maps/place/?q=place_id:ChIJtQEqmoz_kT4RUjANKzHOdpQ,http://www.pde-oman.com/,+968 9400 9402,http://www.pde-oman.com/,https://www.google.com/s2/favicons?domain=www.pde-oman.com&sz=128,,,,,,,,,,,,,4.90,,,,,,15,Google,,2025-10-04,,,,,,,,,,,
ChIJ8yFsue__kT4R7jACmvJ6WeA,prestige-event-management-services,PRESTIGE EVENT MANAGEMENT SERVICES برستيج لخدمات إدارة الفعاليات,Events,,events;event planner;wedding;corporate,,"44St. Azaiba, Sultanate of Oman, مسقط 111, Oman",Muscat,Oman,23.600817,58.385025,https://www.google.com/maps/place/?q=place_id:ChIJ8yFsue__kT4R7jACmvJ6WeA,https://www.google.com/maps/place/?q=place_id:ChIJ8yFsue__kT4R7jACmvJ6WeA,+968 24 492500,https://www.google.com/maps/place/?q=place_id:ChIJ8yFsue__kT4R7jACmvJ6WeA,https://www.google.com/s2/favicons?domain=www.google.com&sz=128,,,,,,,,,,,,,4.10,,,,,,22,Google,,2025-10-04,,,,,,,,,,,
ChIJK0tgnwj_kT4R_UITUzSmFy4,party-fever,Party Fever,Events,,events;event planner;wedding;corporate,,"OM Villa 22 شارع البركات Seeb OM, السيب‎ 137, Oman",Muscat,Oman,23.615699,58.215583,https://www.google.com/maps/place/?q=place_id:ChIJK0tgnwj_kT4R_UITUzSmFy4,http://www.partyfeveroman.com/,+968 24 180154,http://www.partyfeveroman.com/,https://www.google.com/s2/favicons?domain=www.partyfeveroman.com&sz=128,,,,,,,,,,,,,4.60,,,,,,195,Google,,2025-10-04,,,,,,,,,,,
ChIJVTkCaKb_kT4RwlKKUcYBnqM,party-world-oman,Party World Oman بارتي ورلد عمان,Events,,events;event planner;wedding;corporate,,"Noor Plaza, Al Barakat st, Way Number 2741, Al Hail South, Behind Dan Hypermarket, Muscat 111, Oman",Muscat,Oman,23.630024,58.211449,https://www.google.com/maps/place/?q=place_id:ChIJVTkCaKb_kT4RwlKKUcYBnqM,https://www.partyworldoman.com/,+968 9595 6795,https://www.partyworldoman.com/,https://www.google.com/s2/favicons?domain=www.partyworldoman.com&sz=128,,,,,,,,,,,,,4.00,,,,,,70,Google,,2025-10-04,,,,,,,,,,,
ChIJ-3jGhkr_kT4RLRdRXes0mNc,primera-ystilo-events-planning-management,Primera Ystilo Events Planning & Management,Events,,events;event planner;wedding;corporate,,"JF56+M49, Muscat, Oman",Muscat,Oman,23.609171,58.460374,https://www.google.com/maps/place/?q=place_id:ChIJ-3jGhkr_kT4RLRdRXes0mNc,http://instagram.com/primeraystilo,+968 9747 7140,http://instagram.com/primeraystilo,https://www.google.com/s2/favicons?domain=instagram.com&sz=128,,,,,,,,,,,,,4.30,,,,,,4,Google,,2025-10-04,,,,,,,,,,,
ChIJ-aZS9ZP_kT4R3ymr9n8KYN4,quarter-plate-hospitality-llc,Quarter Plate Hospitality LLC,Events,,events;event planner;wedding;corporate,,"Alliance Business Centers Network 22 706906, Muscat, Oman",Muscat,Oman,23.610222,58.497436,https://www.google.com/maps/place/?q=place_id:ChIJ-aZS9ZP_kT4R3ymr9n8KYN4,https://www.quarterplateoman.com/,+968 7927 7487,https://www.quarterplateoman.com/,https://www.google.com/s2/favicons?domain=www.quarterplateoman.com&sz=128,,,,,,,,,,,,,4.80,,,,,,16,Google,,2025-10-04,,,,,,,,,,,
ChIJ-_8_JMzkjT4R5--K5tNNSHI,silver-point-function-deccoration,SILVER POINT Function Deccoration,Events,,events;event planner;wedding;corporate,,"Souq St, Sib, Oman",Muscat,Oman,23.680646,58.184042,https://www.google.com/maps/place/?q=place_id:ChIJ-_8_JMzkjT4R5--K5tNNSHI,https://www.google.com/maps/place/?q=place_id:ChIJ-_8_JMzkjT4R5--K5tNNSHI,+968 9167 9186,https://www.google.com/maps/place/?q=place_id:ChIJ-_8_JMzkjT4R5--K5tNNSHI,https://www.google.com/s2/favicons?domain=www.google.com&sz=128,,,,,,,,,,,,,4.30,,,,,,4,Google,,2025-10-04,,,,,,,,,,,
ChIJp24M9fX5kT4Rjrohnnv2LIY,sk1010-events,SK1010 Events,Events,,events;event planner;wedding;corporate,,"Ruwi, Muscat 112, Oman",Muscat,Oman,23.599831,58.545117,https://www.google.com/maps/place/?q=place_id:ChIJp24M9fX5kT4Rjrohnnv2LIY,https://www.google.com/maps/place/?q=place_id:ChIJp24M9fX5kT4Rjrohnnv2LIY,+968 9854 4366,https://www.google.com/maps/place/?q=place_id:ChIJp24M9fX5kT4Rjrohnnv2LIY,https://www.google.com/s2/favicons?domain=www.google.com&sz=128,,,,,,,,,,,,,4.00,,,,,,4,Google,,2025-10-04,,,,,,,,,,,
ChIJXZFPf-kBjj4RGBCYgjewB9s,sr-events,SR Events,Events,,events;event planner;wedding;corporate,,"Grand Mosque St, Muscat 133, Oman",Muscat,Oman,23.580577,58.336930,https://www.google.com/maps/place/?q=place_id:ChIJXZFPf-kBjj4RGBCYgjewB9s,https://www.instagram.com/srevents.om/,+968 9591 2312,https://www.instagram.com/srevents.om/,https://www.google.com/s2/favicons?domain=www.instagram.com&sz=128,,,,,,,,,,,,,4.90,,,,,,33,Google,,2025-10-04,,,,,,,,,,,
ChIJ15jpQAD9jT4RrkUfZuyVZXQ,salaura-wedding-events-floristry,Salaura Wedding.Events.Floristry,Events,,events;event planner;wedding;corporate,,"Al Rauda St, Muscat, Oman",Muscat,Oman,23.656524,58.221639,https://www.google.com/maps/place/?q=place_id:ChIJ15jpQAD9jT4RrkUfZuyVZXQ,https://www.google.com/maps/place/?q=place_id:ChIJ15jpQAD9jT4RrkUfZuyVZXQ,+968 9772 4112,https://www.google.com/maps/place/?q=place_id:ChIJ15jpQAD9jT4RrkUfZuyVZXQ,https://www.google.com/s2/favicons?domain=www.google.com&sz=128,,,,,,,,,,,,,4.50,,,,,,8,Google,,2025-10-04,,,,,,,,,,,
ChIJBWpRb2D9jT4R9dh3lm7yOgs,sar-events,Sar Events,Events,,events;event planner;wedding;corporate,,"J58W+5RR, Seeb, Oman",Muscat,Oman,23.615502,58.197115,https://www.google.com/maps/place/?q=place_id:ChIJBWpRb2D9jT4R9dh3lm7yOgs,https://www.google.com/maps/place/?q=place_id:ChIJBWpRb2D9jT4R9dh3lm7yOgs,+968 9430 4000,https://www.google.com/maps/place/?q=place_id:ChIJBWpRb2D9jT4R9dh3lm7yOgs,https://www.google.com/s2/favicons?domain=www.google.com&sz=128,,,,,,,,,,,,,5.00,,,,,,1,Google,,2025-10-04,,,,,,,,,,,
ChIJXwE5jA3ljT4Rw4nd3rULAtU,shawatialhail,Shawatialhail,Events,,events;event planner;wedding;corporate,,"Seeb, Oman",Muscat,Oman,23.683023,58.178546,https://www.google.com/maps/place/?q=place_id:ChIJXwE5jA3ljT4Rw4nd3rULAtU,https://www.google.com/maps/place/?q=place_id:ChIJXwE5jA3ljT4Rw4nd3rULAtU,+968 9921 6285,https://www.google.com/maps/place/?q=place_id:ChIJXwE5jA3ljT4Rw4nd3rULAtU,https://www.google.com/s2/favicons?domain=www.google.com&sz=128,,,,,,,,,,,,,4.00,,,,,,2,Google,,2025-10-04,,,,,,,,,,,
ChIJZyloOy35kT4Rm-rbi8QyxiY,sketch-international-llc,Sketch International LLC,Events,,events;event planner;wedding;corporate,,"AL Muthanna Square, Muscat 112, Oman",Muscat,Oman,23.593575,58.554077,https://www.google.com/maps/place/?q=place_id:ChIJZyloOy35kT4Rm-rbi8QyxiY,http://bespokefitout.com/,+968 9665 6972,http://bespokefitout.com/,https://www.google.com/s2/favicons?domain=bespokefitout.com&sz=128,,,,,,,,,,,,,4.90,,,,,,36,Google,,2025-10-04,,,,,,,,,,,
ChIJ-5M0g0H_kT4RT_NidmQLVoA,speaking-roses-oman,Speaking Roses oman,Events,,events;event planner;wedding;corporate,,"Muscat, Oman",Muscat,Oman,23.588586,58.442333,https://www.google.com/maps/place/?q=place_id:ChIJ-5M0g0H_kT4RT_NidmQLVoA,http://www.speakingroses.com/,+968 9808 4149,http://www.speakingroses.com/,https://www.google.com/s2/favicons?domain=www.speakingroses.com&sz=128,,,,,,,,,,,,,4.20,,,,,,9,Google,,2025-10-04,,,,,,,,,,,
ChIJa_L-8mwBjj4RBPyQiMxlK1U,synerggie-group,Synerggie Group,Events,,events;event planner;wedding;corporate,,"Ghala Near Centara Hotel, H9P9+FP2, Muscat, Oman",Muscat,Oman,23.586139,58.369271,https://www.google.com/maps/place/?q=place_id:ChIJa_L-8mwBjj4RBPyQiMxlK1U,https://www.google.com/maps/place/?q=place_id:ChIJa_L-8mwBjj4RBPyQiMxlK1U,+968 9521 3236,https://www.google.com/maps/place/?q=place_id:ChIJa_L-8mwBjj4RBPyQiMxlK1U,https://www.google.com/s2/favicons?domain=www.google.com&sz=128,,,,,,,,,,,,,5.00,,,,,,3,Google,,2025-10-04,,,,,,,,,,,
ChIJlSVQ-Zn_kT4R7QTKWEV8IBU,tara-atkinson-photography-corporate-editorial-vip-events-studio-photography-creative-director,"Tara Atkinson Photography Corporate, Editorial, VIP Events, Studio Photography / Creative Director",Events,,events;event planner;wedding;corporate,,"شارع الضيافة، Muscat, Oman",Muscat,Oman,23.596560,58.426643,https://www.google.com/maps/place/?q=place_id:ChIJlSVQ-Zn_kT4R7QTKWEV8IBU,http://www.tara-photography.com/,+968 7938 5454,http://www.tara-photography.com/,https://www.google.com/s2/favicons?domain=www.tara-photography.com&sz=128,,,,,,,,,,,,,5.00,,,,,,9,Google,,2025-10-04,,,,,,,,,,,
ChIJH1jkmZb_kT4RAcikN5oVEW4,taraneem-events,Taraneem Events,Events,,events;event planner;wedding;corporate,,"H9GM+4CQ, Al Ghubrah St, Muscat, Oman",Muscat,Oman,23.575337,58.383623,https://www.google.com/maps/place/?q=place_id:ChIJH1jkmZb_kT4RAcikN5oVEW4,https://www.google.com/maps/place/?q=place_id:ChIJH1jkmZb_kT4RAcikN5oVEW4,+968 9194 7160,https://www.google.com/maps/place/?q=place_id:ChIJH1jkmZb_kT4RAcikN5oVEW4,https://www.google.com/s2/favicons?domain=www.google.com&sz=128,,,,,,,,,,,,,5.00,,,,,,3,Google,,2025-10-04,,,,,,,,,,,
ChIJB_31ULz_kT4RHf8WgWNjdxQ,the-5th-direction-oman,The 5th direction Oman,Events,,events;event planner;wedding;corporate,,"شارع بوشر ١، مسقط،، Oman, مسقط، Oman",Muscat,Oman,23.590742,58.413332,https://www.google.com/maps/place/?q=place_id:ChIJB_31ULz_kT4RHf8WgWNjdxQ,https://www.google.com/maps/place/?q=place_id:ChIJB_31ULz_kT4RHf8WgWNjdxQ,+968 9727 2323,https://www.google.com/maps/place/?q=place_id:ChIJB_31ULz_kT4RHf8WgWNjdxQ,https://www.google.com/s2/favicons?domain=www.google.com&sz=128,,,,,,,,,,,,,3.00,,,,,,2,Google,,2025-10-04,,,,,,,,,,,
ChIJcc29jJT5kT4REe1b8kuqKow,the-desi-pride-oman,The Desi Pride Oman,Events,,events;event planner;wedding;corporate,,"Ruwi, Muscat 100, Oman",Muscat,Oman,23.600091,58.550719,https://www.google.com/maps/place/?q=place_id:ChIJcc29jJT5kT4REe1b8kuqKow,https://www.thedesipride.com/,+968 7938 6570,https://www.thedesipride.com/,https://www.google.com/s2/favicons?domain=www.thedesipride.com&sz=128,,,,,,,,,,,,,4.80,,,,,,61,Google,,2025-10-04,,,,,,,,,,,
ChIJB4dSQRH_kT4RSd1LuxqzqnE,the-shade-luxury,The Shade Luxury,Events,,events;event planner;wedding;corporate,,"Al Mazoon St, Sib 900, Oman",Muscat,Oman,23.614588,58.222393,https://www.google.com/maps/place/?q=place_id:ChIJB4dSQRH_kT4RSd1LuxqzqnE,https://www.google.com/maps/place/?q=place_id:ChIJB4dSQRH_kT4RSd1LuxqzqnE,+968 7900 8004,https://www.google.com/maps/place/?q=place_id:ChIJB4dSQRH_kT4RSd1LuxqzqnE,https://www.google.com/s2/favicons?domain=www.google.com&sz=128,,,,,,,,,,,,,4.70,,,,,,3,Google,,2025-10-04,,,,,,,,,,,
ChIJxXZun_UBjj4RqnSuapXw3oI,the-space-makers,The Space Makers,Events,,events;event planner;wedding;corporate,,"Ghala, Muscat, Oman",Muscat,Oman,23.580560,58.336983,https://www.google.com/maps/place/?q=place_id:ChIJxXZun_UBjj4RqnSuapXw3oI,https://spacemakers-om.com/,+968 9801 1371,https://spacemakers-om.com/,https://www.google.com/s2/favicons?domain=spacemakers-om.com&sz=128,,,,,,,,,,,,,5.00,,,,,,2,Google,,2025-10-04,,,,,,,,,,,
ChIJE4NsBp7_kT4RoIFX-O0jkmU,tiara-events,Tiara Events,Events,,events;event planner;wedding;corporate,,"1947 Way, Muscat, Oman",Muscat,Oman,23.607150,58.458664,https://www.google.com/maps/place/?q=place_id:ChIJE4NsBp7_kT4RoIFX-O0jkmU,http://tiaraoman.com/,+968 9740 0040,http://tiaraoman.com/,https://www.google.com/s2/favicons?domain=tiaraoman.com&sz=128,,,,,,,,,,,,,4.00,,,,,,5,Google,,2025-10-04,,,,,,,,,,,
ChIJjzRm9ND5kT4R-NyfqxSJAq8,tiny-town,Tiny Town,Events,,events;event planner;wedding;corporate,,"JF78+588, Muscat, Oman",Muscat,Oman,23.613028,58.465740,https://www.google.com/maps/place/?q=place_id:ChIJjzRm9ND5kT4R-NyfqxSJAq8,https://www.google.com/maps/place/?q=place_id:ChIJjzRm9ND5kT4R-NyfqxSJAq8,+968 7721 2861,https://www.google.com/maps/place/?q=place_id:ChIJjzRm9ND5kT4R-NyfqxSJAq8,https://www.google.com/s2/favicons?domain=www.google.com&sz=128,,,,,,,,,,,,,4.60,,,,,,115,Google,,2025-10-04,,,,,,,,,,,
ChIJg1AnUzj_kT4Ryq06H36E-44,titan-events-entertainment,Titan Events & Entertainment,Events,,events;event planner;wedding;corporate,,"87, 1 شارع المها، مسقط 115, Oman",Muscat,Oman,23.567964,58.415063,https://www.google.com/maps/place/?q=place_id:ChIJg1AnUzj_kT4Ryq06H36E-44,http://www.titan-events.com/,+968 9757 7044,http://www.titan-events.com/,https://www.google.com/s2/favicons?domain=www.titan-events.com&sz=128,,,,,,,,,,,,,4.40,,,,,,30,Google,,2025-10-04,,,,,,,,,,,
ChIJbWdCjc_5kT4R7WMPzrn_nfM,today-oman-doodlezz-advertising,Today Oman - DoOdleZz Advertising,Events,,events;event planner;wedding;corporate,,"112 Ruwi St, Muscat 112, Oman",Muscat,Oman,23.595626,58.541655,https://www.google.com/maps/place/?q=place_id:ChIJbWdCjc_5kT4R7WMPzrn_nfM,https://todayoman.com/,+968 9302 9393,https://todayoman.com/,https://www.google.com/s2/favicons?domain=todayoman.com&sz=128,,,,,,,,,,,,,4.80,,,,,,125,Google,,2025-10-04,,,,,,,,,,,
ChIJaSdgE6b_kT4RHV2o0YzRjww,ubar-conferences-events,UBAR conferences & events,Events,,events;event planner;wedding;corporate,,"Dohat Al Adab St, Muscat Grand Mall, Tilal Building 6, Level 5, Al Khuwair, مسقط 136, Oman",Muscat,Oman,23.588165,58.413246,https://www.google.com/maps/place/?q=place_id:ChIJaSdgE6b_kT4RHV2o0YzRjww,http://www.ubarconferences.com/,+968 24 398767,http://www.ubarconferences.com/,https://www.google.com/s2/favicons?domain=www.ubarconferences.com&sz=128,,,,,,,,,,,,,3.70,,,,,,3,Google,,2025-10-04,,,,,,,,,,,
ChIJnya6FzX_kT4R7KMorMR-LYE,victoria-wonders-events,Victoria Wonders Events,Events,,events;event planner;wedding;corporate,,"3521 way, City Park Hotel Apartments, Business Center Office, شارع الخوير، مسقط، Oman",Muscat,Oman,23.596093,58.417827,https://www.google.com/maps/place/?q=place_id:ChIJnya6FzX_kT4R7KMorMR-LYE,https://www.google.com/search?q=Victoria+Wonders+Events,+968 9746 6006,https://www.google.com/search?q=Victoria+Wonders+Events,https://www.google.com/s2/favicons?domain=www.google.com&sz=128,,,,,,,,,,,,,,,,,,,,,,2025-10-04,,,,,,,,,,,
ChIJp-QvMQD9jT4Rx2hvOacJ_nI,vivacity-events-flowers-alhail,Vivacity Events & Flowers (Alhail),Events,,events;event planner;wedding;corporate,,"J6JW+XHQ, Al Rauda St, Sib, Oman",Muscat,Oman,23.632365,58.246763,https://www.google.com/maps/place/?q=place_id:ChIJp-QvMQD9jT4Rx2hvOacJ_nI,https://www.instagram.com/vivacity.events?igsh=MWw4NWt6ZHo3Zjl5cQ==,+968 9451 5701,https://www.instagram.com/vivacity.events?igsh=MWw4NWt6ZHo3Zjl5cQ==,https://www.google.com/s2/favicons?domain=www.instagram.com&sz=128,,,,,,,,,,,,,5.00,,,,,,1,Google,,2025-10-04,,,,,,,,,,,
ChIJbSy07Vr3kT4RwbXcztEHr00,wadi-kabir-enterprises,Wadi Kabir Enterprises,Events,,events;event planner;wedding;corporate,,"HHJ7+4GJ, 4813 Way, Muscat, Oman",Muscat,Oman,23.580325,58.563768,https://www.google.com/maps/place/?q=place_id:ChIJbSy07Vr3kT4RwbXcztEHr00,https://www.google.com/maps/place/?q=place_id:ChIJbSy07Vr3kT4RwbXcztEHr00,+968 9718 0999,https://www.google.com/maps/place/?q=place_id:ChIJbSy07Vr3kT4RwbXcztEHr00,https://www.google.com/s2/favicons?domain=www.google.com&sz=128,,,,,,,,,,,,,2.90,,,,,,7,Google,,2025-10-04,,,,,,,,,,,
ChIJo0cwysD5kT4RB0Iuy38RLrs,xevents,Xevents,Events,,events;event planner;wedding;corporate,,"JF8G+PX, Muscat, Oman",Muscat,Oman,23.616813,58.477437,https://www.google.com/maps/place/?q=place_id:ChIJo0cwysD5kT4RB0Iuy38RLrs,https://xeventss.com/,+968 7208 1000,https://xeventss.com/,https://www.google.com/s2/favicons?domain=xeventss.com&sz=128,,,,,,,,,,,,,,,,,,,,,,2025-10-04,,,,,,,,,,,
ChIJx5SADQH9jT4RHnx0ULZfhr0,yazdan-event-mangment,Yazdan Event Mangment,Events,,events;event planner;wedding;corporate,,"J6F7+68M, Seeb, Oman",Muscat,Oman,23.623075,58.213288,https://www.google.com/maps/place/?q=place_id:ChIJx5SADQH9jT4RHnx0ULZfhr0,https://www.google.com/maps/place/?q=place_id:ChIJx5SADQH9jT4RHnx0ULZfhr0,+968 9703 0313,https://www.google.com/maps/place/?q=place_id:ChIJx5SADQH9jT4RHnx0ULZfhr0,https://www.google.com/s2/favicons?domain=www.google.com&sz=128,,,,,,,,,,,,,5.00,,,,,,2,Google,,2025-10-04,,,,,,,,,,,
ChIJr_3BxNv4kT4ReYs7LUhfxRE,ziad-for-organizing-concerts-festivals-and-events-management-tourism,"Ziad for organizing concerts, festivals and events management Tourism",Events,,events;event planner;wedding;corporate,,"Souk Al Ghubrah St, Muscat 112, Oman",Muscat,Oman,23.583523,58.400311,https://www.google.com/maps/place/?q=place_id:ChIJr_3BxNv4kT4ReYs7LUhfxRE,https://www.google.com/maps/place/?q=place_id:ChIJr_3BxNv4kT4ReYs7LUhfxRE,,https://www.google.com/maps/place/?q=place_id:ChIJr_3BxNv4kT4ReYs7LUhfxRE,https://www.google.com/s2/favicons?domain=www.google.com&sz=128,,,,,,,,,,,,,4.00,,,,,,14,Google,,2025-10-04,,,,,,,,,,,
ChIJ6ZwJ3YL_kT4R0xkTlNW6Keo,zoha-design,Zoha Design زها للتصميم,Events,,events;event planner;wedding;corporate,,"18th November St, Muscat, Oman",Muscat,Oman,23.596683,58.398021,https://www.google.com/maps/place/?q=place_id:ChIJ6ZwJ3YL_kT4R0xkTlNW6Keo,https://www.google.com/maps/place/?q=place_id:ChIJ6ZwJ3YL_kT4R0xkTlNW6Keo,,https://www.google.com/maps/place/?q=place_id:ChIJ6ZwJ3YL_kT4R0xkTlNW6Keo,https://www.google.com/s2/favicons?domain=www.google.com&sz=128,,,,,,,,,,,,,,,,,,,,,,2025-10-04,,,,,,,,,,,
ChIJB2AXCoSUrwwRdEXnl_aRMq0,elements-international,elements international,Events,,events;event planner;wedding;corporate,,"Building 2335, Al Khuwair, Way no 4726, Muscat 117, Oman",Muscat,Oman,23.580137,58.427374,https://www.google.com/maps/place/?q=place_id:ChIJB2AXCoSUrwwRdEXnl_aRMq0,https://omaneventscompany.com/,+968 9709 8681,https://omaneventscompany.com/,https://www.google.com/s2/favicons?domain=omaneventscompany.com&sz=128,,,,,,,,,,,,,5.00,,,,,,1,Google,,2025-10-04,,,,,,,,,,,
ChIJ8Y2C9XT_kT4RGJiQLSiHg90,modern-seasons-ent-bulevard,modern seasons ent. (bulevard),Events,,events;event planner;wedding;corporate,,"594618,58.385195 23 Alghobra, مسقط، Oman",Muscat,Oman,23.581218,58.394811,https://www.google.com/maps/place/?q=place_id:ChIJ8Y2C9XT_kT4RGJiQLSiHg90,https://www.google.com/maps/place/?q=place_id:ChIJ8Y2C9XT_kT4RGJiQLSiHg90,+968 9921 5154,https://www.google.com/maps/place/?q=place_id:ChIJ8Y2C9XT_kT4RGJiQLSiHg90,https://www.google.com/s2/favicons?domain=www.google.com&sz=128,,,,,,,,,,,,,,,,,,,,,,2025-10-04,,,,,,,,,,,
ChIJYYo1XAf_kT4Rcc7uuIXSqBk,nuun-events,nuun events,Events,,events;event planner;wedding;corporate,,"Bait Al Hail, Muscat 111, Oman",Muscat,Oman,23.593622,58.432516,https://www.google.com/maps/place/?q=place_id:ChIJYYo1XAf_kT4Rcc7uuIXSqBk,https://www.google.com/maps/place/?q=place_id:ChIJYYo1XAf_kT4Rcc7uuIXSqBk,+968 9906 6570,https://www.google.com/maps/place/?q=place_id:ChIJYYo1XAf_kT4Rcc7uuIXSqBk,https://www.google.com/s2/favicons?domain=www.google.com&sz=128,,,,,,,,,,,,,4.00,,,,,,1,Google,,2025-10-04,,,,,,,,,,,
ChIJJ0ZuXAX_kT4R4ht8OFk8dbs,,ابو شهاب الهلالي لتنظيم الحفلات,Events,,events;event planner;wedding;corporate,,"HCRH+43J, Muscat, Oman",Muscat,Oman,23.590340,58.427629,https://www.google.com/maps/place/?q=place_id:ChIJJ0ZuXAX_kT4R4ht8OFk8dbs,https://www.google.com/maps/place/?q=place_id:ChIJJ0ZuXAX_kT4R4ht8OFk8dbs,+968 9581 6636,https://www.google.com/maps/place/?q=place_id:ChIJJ0ZuXAX_kT4R4ht8OFk8dbs,https://www.google.com/s2/favicons?domain=www.google.com&sz=128,,,,,,,,,,,,,,,,,,,,,,2025-10-04,,,,,,,,,,,
ChIJh4sJYi77jT4Rj-hCwIg6uV0,,الأميرة الخدمات الأفراح,Events,,events;event planner;wedding;corporate,,"Wadi Bahayis St, Sib, Oman",Muscat,Oman,23.673341,58.191183,https://www.google.com/maps/place/?q=place_id:ChIJh4sJYi77jT4Rj-hCwIg6uV0,http://ameeraevents.com/,+968 9714 2690,http://ameeraevents.com/,https://www.google.com/s2/favicons?domain=ameeraevents.com&sz=128,,,,,,,,,,,,,4.50,,,,,,8,Google,,2025-10-04,,,,,,,,,,,
ChIJoY5PsxvljT4RMH4vwiiMSuI,,الشفق للخيام تاجيرالزينة,Events,,events;event planner;wedding;corporate,,"M5MH+873, shuq, Sib, Oman",Muscat,Oman,23.683262,58.178177,https://www.google.com/maps/place/?q=place_id:ChIJoY5PsxvljT4RMH4vwiiMSuI,https://www.google.com/maps/place/?q=place_id:ChIJoY5PsxvljT4RMH4vwiiMSuI,+968 9832 8887,https://www.google.com/maps/place/?q=place_id:ChIJoY5PsxvljT4RMH4vwiiMSuI,https://www.google.com/s2/favicons?domain=www.google.com&sz=128,,,,,,,,,,,,,5.00,,,,,,1,Google,,2025-10-04,,,,,,,,,,,
ChIJ10KKxVEBjj4RkdJ9ewUb6cA,,النعمان لتنظيم الحفلات,Events,,events;event planner;wedding;corporate,,"18th November St, Muscat 406, Oman",Muscat,Oman,23.602264,58.370678,https://www.google.com/maps/place/?q=place_id:ChIJ10KKxVEBjj4RkdJ9ewUb6cA,https://instagram.com/alnoman.palace.hall?igshid=YmMyMTA2M2Y=,+968 9937 1513,https://instagram.com/alnoman.palace.hall?igshid=YmMyMTA2M2Y=,https://www.google.com/s2/favicons?domain=instagram.com&sz=128,,,,,,,,,,,,,5.00,,,,,,1,Google,,2025-10-04,,,,,,,,,,,
ChIJheNSzhf7jT4R91tEiaAnz4s,,بنت الفرح لـ خدمات الأفراح,Events,,events;event planner;wedding;corporate,,"M5FR+RG5, Wadi Al Bhaiyas St, Sib, Oman",Muscat,Oman,23.674518,58.191362,https://www.google.com/maps/place/?q=place_id:ChIJheNSzhf7jT4R91tEiaAnz4s,https://www.google.com/maps/place/?q=place_id:ChIJheNSzhf7jT4R91tEiaAnz4s,+968 7924 7397,https://www.google.com/maps/place/?q=place_id:ChIJheNSzhf7jT4R91tEiaAnz4s,https://www.google.com/s2/favicons?domain=www.google.com&sz=128,,,,,,,,,,,,,5.00,,,,,,1,Google,,2025-10-04,,,,,,,,,,,
ChIJsUOP60r7jT4RrNeq1p5ldOs,,دار المعاريس لخدمات الافراح,Events,,events;event planner;wedding;corporate,,"M5FR+FCM, Wadi Bahayis St, Sib, Oman",Muscat,Oman,23.673701,58.191048,https://www.google.com/maps/place/?q=place_id:ChIJsUOP60r7jT4RrNeq1p5ldOs,https://www.google.com/maps/place/?q=place_id:ChIJsUOP60r7jT4RrNeq1p5ldOs,+968 9667 7660,https://www.google.com/maps/place/?q=place_id:ChIJsUOP60r7jT4RrNeq1p5ldOs,https://www.google.com/s2/favicons?domain=www.google.com&sz=128,,,,,,,,,,,,,3.50,,,,,,8,Google,,2025-10-04,,,,,,,,,,,
ChIJpXnGLjkPjj4RX0YDGE9XqO0,,شركة الراشدي لتنظيم الحفلات,Events,,events;event planner;wedding;corporate,,"ولاية بدبد. فنجاء مقابل، مجلس الشرقي بالقرب من سوق، Fanja, Oman",Muscat,Oman,23.454553,58.109002,https://www.google.com/maps/place/?q=place_id:ChIJpXnGLjkPjj4RX0YDGE9XqO0,https://www.google.com/maps/place/?q=place_id:ChIJpXnGLjkPjj4RX0YDGE9XqO0,+968 9768 9969,https://www.google.com/maps/place/?q=place_id:ChIJpXnGLjkPjj4RX0YDGE9XqO0,https://www.google.com/s2/favicons?domain=www.google.com&sz=128,,,,,,,,,,,,,4.30,,,,,,8,Google,,2025-10-04,,,,,,,,,,,
ChIJe6elicoBjj4Rs3CUf28Op54,,عاطف لخدمات الافراح,Events,,events;event planner;wedding;corporate,,"J936+2QM, Muscat, Oman",Muscat,Oman,23.602654,58.361856,https://www.google.com/maps/place/?q=place_id:ChIJe6elicoBjj4Rs3CUf28Op54,https://www.google.com/maps/place/?q=place_id:ChIJe6elicoBjj4Rs3CUf28Op54,+968 9515 4545,https://www.google.com/maps/place/?q=place_id:ChIJe6elicoBjj4Rs3CUf28Op54,https://www.google.com/s2/favicons?domain=www.google.com&sz=128,,,,,,,,,,,,,5.00,,,,,,6,Google,,2025-10-04,,,,,,,,,,,
ChIJOwZujY_ljT4Rnqk5EQo2pVk,ibn-abdullah-al-balushi-trading-event-organization-rent,عبدالله البلوشي للتجارة تنظيم الحفلات IBN ABDULLAH AL BALUSHI TRADING Event Organization & Rent,Events,,events;event planner;wedding;corporate,,"Seeb, Oman",Muscat,Oman,23.682938,58.178658,https://www.google.com/maps/place/?q=place_id:ChIJOwZujY_ljT4Rnqk5EQo2pVk,https://www.instagram.com/event_planner_muscat?utm_source=ig_web_button_share_sheet&igsh=ZDNlZDc0MzIxNw==,+968 9375 3923,https://www.instagram.com/event_planner_muscat?utm_source=ig_web_button_share_sheet&igsh=ZDNlZDc0MzIxNw==,https://www.google.com/s2/favicons?domain=www.instagram.com&sz=128,,,,,,,,,,,,,3.70,,,,,,3,Google,,2025-10-04,,,,,,,,,,,
ChIJl89vyT_ljT4RhCpZitE_Ous,,علي بن خميس بن علي المقبالي,Events,,events;event planner;wedding;corporate,,"M5MH+627, Seeb, Oman",Muscat,Oman,23.683027,58.177556,https://www.google.com/maps/place/?q=place_id:ChIJl89vyT_ljT4RhCpZitE_Ous,https://www.google.com/maps/place/?q=place_id:ChIJl89vyT_ljT4RhCpZitE_Ous,+968 9507 3598,https://www.google.com/maps/place/?q=place_id:ChIJl89vyT_ljT4RhCpZitE_Ous,https://www.google.com/s2/favicons?domain=www.google.com&sz=128,,,,,,,,,,,,,5.00,,,,,,3,Google,,2025-10-04,,,,,,,,,,,
ChIJB4s7ARLljT4Ry2nqVHQBOxM,wedding-hall-palace-and-occasions,قاعة قصر الافراح wedding hall palace and occasions,Events,,events;event planner;wedding;corporate,,"M4FG+VCH, Al Masarrat St, Sib, Oman",Muscat,Oman,23.675082,58.125830,https://www.google.com/maps/place/?q=place_id:ChIJB4s7ARLljT4Ry2nqVHQBOxM,https://www.google.com/maps/place/?q=place_id:ChIJB4s7ARLljT4Ry2nqVHQBOxM,+968 9902 0828,https://www.google.com/maps/place/?q=place_id:ChIJB4s7ARLljT4Ry2nqVHQBOxM,https://www.google.com/s2/favicons?domain=www.google.com&sz=128,,,,,,,,,,,,,3.90,,,,,,74,Google,,2025-10-04,,,,,,,,,,,
ChIJj_5fXT39jT4RDDuqt32ZZ9c,,هوم بارتي,Events,,events;event planner;wedding;corporate,,"J5WV+85Q, Seeb, Oman",Muscat,Oman,23.645844,58.192990,https://www.google.com/maps/place/?q=place_id:ChIJj_5fXT39jT4RDDuqt32ZZ9c,https://instagram.com/home_party?utm_medium=copy_link,+968 9201 5588,https://instagram.com/home_party?utm_medium=copy_link,https://www.google.com/s2/favicons?domain=instagram.com&sz=128,,,,,,,,,,,,,4.60,,,,,,28,Google,,2025-10-04,,,,,,,,,,,
ChIJjVR2W039jT4R6-vxOJSbAtA,,ولد الديرة للضيافة,Events,,events;event planner;wedding;corporate,,"شارع الحيل الشمالية صندوق البريد 1690 ولأية السيب، الحيل الشمالية، Sib 132, Oman",Muscat,Oman,23.642476,58.223884,https://www.google.com/maps/place/?q=place_id:ChIJjVR2W039jT4R6-vxOJSbAtA,https://www.google.com/maps/place/?q=place_id:ChIJjVR2W039jT4R6-vxOJSbAtA,+968 9228 8472,https://www.google.com/maps/place/?q=place_id:ChIJjVR2W039jT4R6-vxOJSbAtA,https://www.google.com/s2/favicons?domain=www.google.com&sz=128,,,,,,,,,,,,,,,,,,,,,,2025-10-04,,,,,,,,,,,
