id,slug,name,category,tagline,tags,neighborhood,address,city,country,lat,lng,maps_url,website,phone,url,logo_url,hero_url,image_credit,image_source_url,hours_raw,description,about_short,about_long,price_range,pricing,amenities,cuisines,meals,rating_overall,sub_food_quality,sub_service,sub_ambience,sub_value,sub_accessibility,review_count,review_source,review_insight,last_updated,services,brands_serviced,emergency_assist,warranty,pickup_dropoff,estimated_rate_note
ChIJRSH9DVX3kT4R1C3ga8qcPzE,alzakwani-auto-tech,ALZakwani Auto Tech,Garages,,garage;car repair;mechanic,,"HHP4+P3H, Muscat, Oman",Muscat,Oman,23.586813,58.555271,https://www.google.com/maps/place/?q=place_id:ChIJRSH9DVX3kT4R1C3ga8qcPzE,https://www.google.com/maps/place/?q=place_id:ChIJRSH9DVX3kT4R1C3ga8qcPzE,+968 9902 0061,https://www.google.com/maps/place/?q=place_id:ChIJRSH9DVX3kT4R1C3ga8qcPzE,https://www.google.com/s2/favicons?domain=www.google.com&sz=128,,,,,,,,,,,,,4.50,,,,,,4,Google,,2025-10-04,,,,,,
ChIJDZkNtp3_kT4Rz9zp2V21REQ,ashraf-auto-electrician,ASHRAF AUTO ELECTRICIAN,Garages,,garage;car repair;mechanic,,"Way no 4029, ÿ¥ÿßÿ±ÿπ ÿßŸÑÿ∫ÿ®ÿ±ÿ©ÿå ŸÖÿ≥ŸÇÿ∑ 130, Oman",Muscat,Oman,23.584072,58.400357,https://www.google.com/maps/place/?q=place_id:ChIJDZkNtp3_kT4Rz9zp2V21REQ,https://www.google.com/maps/place/?q=place_id:ChIJDZkNtp3_kT4Rz9zp2V21REQ,+968 9244 1462,https://www.google.com/maps/place/?q=place_id:ChIJDZkNtp3_kT4Rz9zp2V21REQ,https://www.google.com/s2/favicons?domain=www.google.com&sz=128,,,,,,,,,,,,,4.50,,,,,,10,Google,,2025-10-04,,,,,,
ChIJPy_oi_3_kT4RBnKXHxdIgCA,abu-juhaifa-llc,Abu Juhaifa LLC,Garages,,garage;car repair;mechanic,,"Ghala As Sinaiyyah St, Muscat, Oman",Muscat,Oman,23.574223,58.374025,https://www.google.com/maps/place/?q=place_id:ChIJPy_oi_3_kT4RBnKXHxdIgCA,https://www.google.com/maps/place/?q=place_id:ChIJPy_oi_3_kT4RBnKXHxdIgCA,+968 7824 8676,https://www.google.com/maps/place/?q=place_id:ChIJPy_oi_3_kT4RBnKXHxdIgCA,https://www.google.com/s2/favicons?domain=www.google.com&sz=128,,,,,,,,,,,,,4.90,,,,,,8,Google,,2025-10-04,,,,,,
ChIJV-4BAQD3kT4RnoN1pScSO0I,abu-sama-sale-of-tyres,Abu sama sale of tyres,Garages,,garage;car repair;mechanic,,"HHW7+QJ9, Muscat, Oman",Muscat,Oman,23.596845,58.563942,https://www.google.com/maps/place/?q=place_id:ChIJV-4BAQD3kT4RnoN1pScSO0I,https://www.google.com/maps/place/?q=place_id:ChIJV-4BAQD3kT4RnoN1pScSO0I,+968 9023 4210,https://www.google.com/maps/place/?q=place_id:ChIJV-4BAQD3kT4RnoN1pScSO0I,https://www.google.com/s2/favicons?domain=www.google.com&sz=128,,,,,,,,,,,,,,,,,,,,,,2025-10-04,,,,,,
ChIJw8_2cQD3kT4RNF6oSdF6uW8,advanced-performance-llc,Advanced Performance LLC ÿßŸÑÿßÿØÿßÿ° ÿßŸÑŸÖÿ™ŸÇÿØŸÖ ÿ¥ ŸÖ ŸÖ,Garages,,garage;car repair;mechanic,,"HHQF+FP7, Muscat, Oman",Muscat,Oman,23.588635,58.574393,https://www.google.com/maps/place/?q=place_id:ChIJw8_2cQD3kT4RNF6oSdF6uW8,https://www.google.com/maps/place/?q=place_id:ChIJw8_2cQD3kT4RNF6oSdF6uW8,+968 9599 9878,https://www.google.com/maps/place/?q=place_id:ChIJw8_2cQD3kT4RNF6oSdF6uW8,https://www.google.com/s2/favicons?domain=www.google.com&sz=128,,,,,,,,,,,,,,,,,,,,,,2025-10-04,,,,,,
ChIJWWvGcMTnjT4RCp1N3PHXSPk,ahmad-auto-garage,Ahmad Auto garage,Garages,,garage;car repair;mechanic,,"Ma'abilah Industrial Area, Seeb 122, Oman",Muscat,Oman,23.636345,58.097913,https://www.google.com/maps/place/?q=place_id:ChIJWWvGcMTnjT4RCp1N3PHXSPk,https://www.google.com/maps/place/?q=place_id:ChIJWWvGcMTnjT4RCp1N3PHXSPk,+968 9512 4351,https://www.google.com/maps/place/?q=place_id:ChIJWWvGcMTnjT4RCp1N3PHXSPk,https://www.google.com/s2/favicons?domain=www.google.com&sz=128,,,,,,,,,,,,,4.80,,,,,,88,Google,,2025-10-04,,,,,,
ChIJW1aBMwD5kT4Rw273w7wTUGE,akhter-auto-electrician,Akhter auto electrician,Garages,,garage;car repair;mechanic,,"876 6508 Way, Muscat, Oman",Muscat,Oman,23.589002,58.554336,https://www.google.com/maps/place/?q=place_id:ChIJW1aBMwD5kT4Rw273w7wTUGE,https://www.google.com/maps/place/?q=place_id:ChIJW1aBMwD5kT4Rw273w7wTUGE,+968 9677 0614,https://www.google.com/maps/place/?q=place_id:ChIJW1aBMwD5kT4Rw273w7wTUGE,https://www.google.com/s2/favicons?domain=www.google.com&sz=128,,,,,,,,,,,,,3.00,,,,,,1,Google,,2025-10-04,,,,,,
ChIJhXKAIQD_kT4R57nz4JPrHlo,al-asma-trading,Al Asma Trading,Garages,,garage;car repair;mechanic,,"HCPC+MP2, Muscat, Oman",Muscat,Oman,23.586644,58.421763,https://www.google.com/maps/place/?q=place_id:ChIJhXKAIQD_kT4R57nz4JPrHlo,https://www.google.com/maps/place/?q=place_id:ChIJhXKAIQD_kT4R57nz4JPrHlo,,https://www.google.com/maps/place/?q=place_id:ChIJhXKAIQD_kT4R57nz4JPrHlo,https://www.google.com/s2/favicons?domain=www.google.com&sz=128,,,,,,,,,,,,,,,,,,,,,,2025-10-04,,,,,,
ChIJu7DUdbL3kT4R8YYQKH9MWCE,al-saqia-tyre-shop,Al Saqia - Tyre Shop,Garages,,garage;car repair;mechanic,,"Opposite Al Khalili, Muscat 117, Oman",Muscat,Oman,23.588353,58.558374,https://www.google.com/maps/place/?q=place_id:ChIJu7DUdbL3kT4R8YYQKH9MWCE,https://www.google.com/maps/place/?q=place_id:ChIJu7DUdbL3kT4R8YYQKH9MWCE,+968 7820 7832,https://www.google.com/maps/place/?q=place_id:ChIJu7DUdbL3kT4R8YYQKH9MWCE,https://www.google.com/s2/favicons?domain=www.google.com&sz=128,,,,,,,,,,,,,5.00,,,,,,4,Google,,2025-10-04,,,,,,
ChIJKznlu-33kT4RPSabABzxM5w,al-tazaman-vehicle-repair,Al Tazaman vehicle repair,Garages,,garage;car repair;mechanic,,"HHR7+MQX, Muscat, Oman",Muscat,Oman,23.591731,58.564582,https://www.google.com/maps/place/?q=place_id:ChIJKznlu-33kT4RPSabABzxM5w,https://www.google.com/maps/place/?q=place_id:ChIJKznlu-33kT4RPSabABzxM5w,+968 7861 7793,https://www.google.com/maps/place/?q=place_id:ChIJKznlu-33kT4RPSabABzxM5w,https://www.google.com/s2/favicons?domain=www.google.com&sz=128,,,,,,,,,,,,,5.00,,,,,,1,Google,,2025-10-04,,,,,,
ChIJ8QVDrjj_kT4R01dkQMd4YsQ,al-baida-car-accessories-batteries,Al baida car accessories & batteries,Garages,,garage;car repair;mechanic,,"Al Ghubrah Ash Shamaliyyah, Muscat, Oman",Muscat,Oman,23.585750,58.404721,https://www.google.com/maps/place/?q=place_id:ChIJ8QVDrjj_kT4R01dkQMd4YsQ,https://www.google.com/maps/place/?q=place_id:ChIJ8QVDrjj_kT4R01dkQMd4YsQ,+968 7831 1373,https://www.google.com/maps/place/?q=place_id:ChIJ8QVDrjj_kT4R01dkQMd4YsQ,https://www.google.com/s2/favicons?domain=www.google.com&sz=128,,,,,,,,,,,,,4.90,,,,,,111,Google,,2025-10-04,,,,,,
ChIJA0kZOwD_kT4RooFvyT9cli0,al-ghubrah,Al ghubrah,Garages,,garage;car repair;mechanic,,"H9FX+WCJ, Al Ghubrah St, Muscat, Oman",Muscat,Oman,23.574840,58.398513,https://www.google.com/maps/place/?q=place_id:ChIJA0kZOwD_kT4RooFvyT9cli0,https://www.google.com/maps/place/?q=place_id:ChIJA0kZOwD_kT4RooFvyT9cli0,+968 9624 8783,https://www.google.com/maps/place/?q=place_id:ChIJA0kZOwD_kT4RooFvyT9cli0,https://www.google.com/s2/favicons?domain=www.google.com&sz=128,,,,,,,,,,,,,,,,,,,,,,2025-10-04,,,,,,
ChIJo5zUfwD5kT4R3lFwWcc4voM,al-midwa-a-trading-tyre-shop-qurram,Al-midwa'a trading Tyre shop Qurram,Garages,,garage;car repair;mechanic,,"JG42+PJF, Muscat, Oman",Muscat,Oman,23.606750,58.501646,https://www.google.com/maps/place/?q=place_id:ChIJo5zUfwD5kT4R3lFwWcc4voM,https://www.google.com/maps/place/?q=place_id:ChIJo5zUfwD5kT4R3lFwWcc4voM,+968 9498 6630,https://www.google.com/maps/place/?q=place_id:ChIJo5zUfwD5kT4R3lFwWcc4voM,https://www.google.com/s2/favicons?domain=www.google.com&sz=128,,,,,,,,,,,,,4.70,,,,,,3,Google,,2025-10-04,,,,,,
ChIJmbfjcX3_kT4RhsC-Owqr0XU,ali-abu-bin-ladin,Ali Abu bin Ladin,Garages,,garage;car repair;mechanic,,"HCRV+HF9, Muscat, Oman",Muscat,Oman,23.591472,58.443877,https://www.google.com/maps/place/?q=place_id:ChIJmbfjcX3_kT4RhsC-Owqr0XU,https://www.google.com/maps/place/?q=place_id:ChIJmbfjcX3_kT4RhsC-Owqr0XU,+968 9825 2021,https://www.google.com/maps/place/?q=place_id:ChIJmbfjcX3_kT4RhsC-Owqr0XU,https://www.google.com/s2/favicons?domain=www.google.com&sz=128,,,,,,,,,,,,,5.00,,,,,,3,Google,,2025-10-04,,,,,,
ChIJJbRVD2f3kT4R7sJ4rtGxZyo,arabian-garage,Arabian Garage ÿßŸÑÿ¨ÿ±ÿßÿ¨ ÿßŸÑÿπÿ±ÿ®Ÿä ŸÑÿßÿµŸÑÿßÿ≠ ÿßŸÑÿ≥Ÿäÿßÿ±ÿßÿ™,Garages,,garage;car repair;mechanic,,"Muscat, Oman",Muscat,Oman,23.591325,58.562748,https://www.google.com/maps/place/?q=place_id:ChIJJbRVD2f3kT4R7sJ4rtGxZyo,https://www.google.com/maps/place/?q=place_id:ChIJJbRVD2f3kT4R7sJ4rtGxZyo,+968 9937 7816,https://www.google.com/maps/place/?q=place_id:ChIJJbRVD2f3kT4R7sJ4rtGxZyo,https://www.google.com/s2/favicons?domain=www.google.com&sz=128,,,,,,,,,,,,,4.50,,,,,,68,Google,,2025-10-04,,,,,,
ChIJX1O3UAD_kT4RUuIJqS7T1ZY,ato-eliktrison-car-computer-programing,Ato eliktrison car computer programing,Garages,,garage;car repair;mechanic,,"H9GF+FWG, Muscat, Oman",Muscat,Oman,23.574316,58.373219,https://www.google.com/maps/place/?q=place_id:ChIJX1O3UAD_kT4RUuIJqS7T1ZY,https://www.google.com/maps/place/?q=place_id:ChIJX1O3UAD_kT4RUuIJqS7T1ZY,,https://www.google.com/maps/place/?q=place_id:ChIJX1O3UAD_kT4RUuIJqS7T1ZY,https://www.google.com/s2/favicons?domain=www.google.com&sz=128,,,,,,,,,,,,,,,,,,,,,,2025-10-04,,,,,,
ChIJqZm5PQD_kT4RJgsnPpS193E,auto-electrician-a-c-repair,Auto Electrician & A/C Repair,Garages,,garage;car repair;mechanic,,"Al Kuleiah St, Muscat, Oman",Muscat,Oman,23.586802,58.421897,https://www.google.com/maps/place/?q=place_id:ChIJqZm5PQD_kT4RJgsnPpS193E,https://www.google.com/maps/place/?q=place_id:ChIJqZm5PQD_kT4RJgsnPpS193E,+968 9238 0052,https://www.google.com/maps/place/?q=place_id:ChIJqZm5PQD_kT4RJgsnPpS193E,https://www.google.com/s2/favicons?domain=www.google.com&sz=128,,,,,,,,,,,,,4.10,,,,,,7,Google,,2025-10-04,,,,,,
ChIJn6e0YgD_kT4RVbJRhH_6kGk,auto-electrician-the-future-of-the-country,Auto Electrician ŸÉŸáÿ±ÿ®ÿßÿ¶Ÿä ÿ≥Ÿäÿßÿ±ÿßÿ™(The Future Of The Country),Garages,,garage;car repair;mechanic,,"HCM2+H4X, Souk Al Ghubrah St, Muscat, Oman",Muscat,Oman,23.583983,58.400363,https://www.google.com/maps/place/?q=place_id:ChIJn6e0YgD_kT4RVbJRhH_6kGk,https://www.google.com/maps/place/?q=place_id:ChIJn6e0YgD_kT4RVbJRhH_6kGk,+968 9579 5799,https://www.google.com/maps/place/?q=place_id:ChIJn6e0YgD_kT4RVbJRhH_6kGk,https://www.google.com/s2/favicons?domain=www.google.com&sz=128,,,,,,,,,,,,,4.20,,,,,,5,Google,,2025-10-04,,,,,,
ChIJiWndbOL_kT4Rli8vDKj1ZF8,auto-electrician-spare-parts-ac-battery-other-works,"Auto Electrician, Spare Parts, AC , Battery & Other Works",Garages,,garage;car repair;mechanic,,"Al Khuwair St, Muscat, Oman",Muscat,Oman,23.592737,58.427967,https://www.google.com/maps/place/?q=place_id:ChIJiWndbOL_kT4Rli8vDKj1ZF8,https://www.google.com/maps/place/?q=place_id:ChIJiWndbOL_kT4Rli8vDKj1ZF8,+968 9230 1611,https://www.google.com/maps/place/?q=place_id:ChIJiWndbOL_kT4Rli8vDKj1ZF8,https://www.google.com/s2/favicons?domain=www.google.com&sz=128,,,,,,,,,,,,,5.00,,,,,,11,Google,,2025-10-04,,,,,,
ChIJ14dxb-n4kT4RTXRQCz3wmRg,auto-power-car-repair,Auto Power Car Repair,Garages,,garage;car repair;mechanic,,"qurum city center, Muscat, Oman",Muscat,Oman,23.609333,58.489622,https://www.google.com/maps/place/?q=place_id:ChIJ14dxb-n4kT4RTXRQCz3wmRg,http://www.autopower.om/,+968 22 063829,http://www.autopower.om/,https://www.google.com/s2/favicons?domain=www.autopower.om&sz=128,,,,,,,,,,,,,3.80,,,,,,6,Google,,2025-10-04,,,,,,
ChIJ29v_-0P9jT4RnXetssGeg5w,auto-star-oman,Auto Star Oman,Garages,,garage;car repair;mechanic,,"Muscat, Oman",Muscat,Oman,23.595116,58.249085,https://www.google.com/maps/place/?q=place_id:ChIJ29v_-0P9jT4RnXetssGeg5w,https://instagram.com/auto_star_om?igshid=ZGUzMzM3NWJiOQ==,+968 9540 7474,https://instagram.com/auto_star_om?igshid=ZGUzMzM3NWJiOQ==,https://www.google.com/s2/favicons?domain=instagram.com&sz=128,,,,,,,,,,,,,4.70,,,,,,23,Google,,2025-10-04,,,,,,
ChIJU__S0Gb3kT4RUcI2ixVwTwY,auto-windshield-crack-repair-fixing-muscat,Auto Windshield Crack repair & Fixing MuscatŸÑÿ≠ÿßŸÖ ÿ≤ÿ¨ÿßÿ¨ ÿßŸÑÿ≥Ÿäÿßÿ±ÿßÿ™ ÿßŸÑŸàÿßÿØŸä ÿßŸÑŸÉÿ®Ÿäÿ±,Garages,,garage;car repair;mechanic,,"4411 Way Shop No 809, Bulling Box 855,144 , PC: 114, POB:, 148 SenEyah, ŸÖÿ≥ŸÇÿ∑ÿå Oman",Muscat,Oman,23.591781,58.560637,https://www.google.com/maps/place/?q=place_id:ChIJU__S0Gb3kT4RUcI2ixVwTwY,https://business.google.com/v/_/AKsrIN1cSjYk9IV7OqMQf-lVvK8AetlYY4PQhBma41k92_OI9DL69tYl-R84/cab5/_?,+968 9904 7944,https://business.google.com/v/_/AKsrIN1cSjYk9IV7OqMQf-lVvK8AetlYY4PQhBma41k92_OI9DL69tYl-R84/cab5/_?,https://www.google.com/s2/favicons?domain=business.google.com&sz=128,,,,,,,,,,,,,4.40,,,,,,273,Google,,2025-10-04,,,,,,
ChIJPTPoS1n9jT4RgxGqk-ZVCLo,auto-electrician-battery-oil-car-repair-mechanic,"Auto electrician: battery,oil,car repair, mechanic",Garages,,garage;car repair;mechanic,,"Near bank dofar Atm, Al Maha pump, ÿßŸÑÿ≥Ÿäÿ®‚Äé 121, Oman",Muscat,Oman,23.629469,58.232933,https://www.google.com/maps/place/?q=place_id:ChIJPTPoS1n9jT4RgxGqk-ZVCLo,https://www.google.com/maps/place/?q=place_id:ChIJPTPoS1n9jT4RgxGqk-ZVCLo,+968 9476 8786,https://www.google.com/maps/place/?q=place_id:ChIJPTPoS1n9jT4RgxGqk-ZVCLo,https://www.google.com/s2/favicons?domain=www.google.com&sz=128,,,,,,,,,,,,,4.80,,,,,,6,Google,,2025-10-04,,,,,,
ChIJEdDnTRH9jT4RFEhqNd5PKrk,auto-electrician-battery-and-car-repair-soman-p-k,Auto electrician:battery and car repair (Soman p.k),Garages,,garage;car repair;mechanic,,"Seeb, Oman",Muscat,Oman,23.602508,58.218086,https://www.google.com/maps/place/?q=place_id:ChIJEdDnTRH9jT4RFEhqNd5PKrk,https://www.google.com/maps/place/?q=place_id:ChIJEdDnTRH9jT4RFEhqNd5PKrk,+968 9476 8786,https://www.google.com/maps/place/?q=place_id:ChIJEdDnTRH9jT4RFEhqNd5PKrk,https://www.google.com/s2/favicons?domain=www.google.com&sz=128,,,,,,,,,,,,,4.80,,,,,,24,Google,,2025-10-04,,,,,,
ChIJFYFdr9_3kT4RsK0E5BLxU-Y,automagic-auto-electrician-and-ecu-programming,AutoMagic / Auto Electrician and ECU Programming,Garages,,garage;car repair;mechanic,,"4429 way, Muscat 133, Oman",Muscat,Oman,23.584090,58.558781,https://www.google.com/maps/place/?q=place_id:ChIJFYFdr9_3kT4RsK0E5BLxU-Y,https://www.google.com/maps/place/?q=place_id:ChIJFYFdr9_3kT4RsK0E5BLxU-Y,+968 9365 5708,https://www.google.com/maps/place/?q=place_id:ChIJFYFdr9_3kT4RsK0E5BLxU-Y,https://www.google.com/s2/favicons?domain=www.google.com&sz=128,,,,,,,,,,,,,4.40,,,,,,5,Google,,2025-10-04,,,,,,
ChIJ_R4DSZL5kT4RVp7uHki9I1Y,automed,Automed,Garages,,garage;car repair;mechanic,,"Ruwi Highstreet, Muscat 114, Oman",Muscat,Oman,23.588327,58.540098,https://www.google.com/maps/place/?q=place_id:ChIJ_R4DSZL5kT4RVp7uHki9I1Y,https://www.google.com/maps/place/?q=place_id:ChIJ_R4DSZL5kT4RVp7uHki9I1Y,+968 9576 3606,https://www.google.com/maps/place/?q=place_id:ChIJ_R4DSZL5kT4RVp7uHki9I1Y,https://www.google.com/s2/favicons?domain=www.google.com&sz=128,,,,,,,,,,,,,5.00,,,,,,1,Google,,2025-10-04,,,,,,
ChIJJzogLlf4kT4RNhyFSbuH6z8,autosmart-autocare-center,Autosmart Autocare Center ŸÖÿ±ŸÉÿ≤ ÿßÿ™Ÿàÿ≥ŸÖÿßÿ±ÿ™ ŸÑŸÑÿπŸÜÿßŸäÿ© ŸÑŸÑÿ≥Ÿäÿßÿ±ÿßÿ™,Garages,,garage;car repair;mechanic,,"Muscat -wuttayah, ŸÖÿ≥ŸÇÿ∑ 133, Oman",Muscat,Oman,23.608304,58.514028,https://www.google.com/maps/place/?q=place_id:ChIJJzogLlf4kT4RNhyFSbuH6z8,https://www.gcon.om/,+968 9922 3039,https://www.gcon.om/,https://www.google.com/s2/favicons?domain=www.gcon.om&sz=128,,,,,,,,,,,,,4.90,,,,,,222,Google,,2025-10-04,,,,,,
ChIJ7f-2MRgBjj4RnJZvj2dTYb4,bluzion-paintless-dent-repair,BLUZION - Paintless Dent Repair ÿ®ŸÑŸàÿ≤ŸäŸàŸÜ ŸÑÿ™ÿµŸÑŸäÿ≠ ÿßŸÑÿØÿπŸÖÿßÿ™ ÿ®ÿØŸàŸÜ ÿµÿ®ÿ∫,Garages,,garage;car repair;mechanic,,"Mwasalat Ghala, Muscat, Oman",Muscat,Oman,23.588088,58.355242,https://www.google.com/maps/place/?q=place_id:ChIJ7f-2MRgBjj4RnJZvj2dTYb4,https://www.instagram.com/bluzion_oman/,+968 9241 7550,https://www.instagram.com/bluzion_oman/,https://www.google.com/s2/favicons?domain=www.instagram.com&sz=128,,,,,,,,,,,,,3.50,,,,,,29,Google,,2025-10-04,,,,,,
ChIJqxX3WiT_kT4RW_FOi52X62s,bahr-al-karam-l-l-c,Bahr Al-Karam L.L.C,Garages,,garage;car repair;mechanic,,"HCMM+J2P, Al Khuwayral Al Janubyyah St, Muscat, Oman",Muscat,Oman,23.584094,58.432565,https://www.google.com/maps/place/?q=place_id:ChIJqxX3WiT_kT4RW_FOi52X62s,https://www.google.com/maps/place/?q=place_id:ChIJqxX3WiT_kT4RW_FOi52X62s,+968 9640 1406,https://www.google.com/maps/place/?q=place_id:ChIJqxX3WiT_kT4RW_FOi52X62s,https://www.google.com/s2/favicons?domain=www.google.com&sz=128,,,,,,,,,,,,,,,,,,,,,,2025-10-04,,,,,,
ChIJt5K5d2D_kT4R2urE1FF2QAI,blue-zone-auto-center,Blue Zone Auto Center ÿ®ŸÑŸàÿ≤ŸàŸÜ ŸÑŸÑÿπŸÜÿßŸäÿ© ÿ®ÿßŸÑÿ≥Ÿäÿßÿ±ÿßÿ™,Garages,,garage;car repair;mechanic,,"Al Ghubrah St Ghala Ghala, ŸÖÿ≥ŸÇÿ∑ 111, Oman",Muscat,Oman,23.576734,58.383418,https://www.google.com/maps/place/?q=place_id:ChIJt5K5d2D_kT4R2urE1FF2QAI,https://instagram.com/bluezone_om,+968 9199 4991,https://instagram.com/bluezone_om,https://www.google.com/s2/favicons?domain=instagram.com&sz=128,,,,,,,,,,,,,4.30,,,,,,43,Google,,2025-10-04,,,,,,
ChIJE5D8kR_9jT4R3yA9nAW1wdM,bullseye-car-electricity,Bullseye Car Electricity,Garages,,garage;car repair;mechanic,,"2511 Way, Sib 121, Oman",Muscat,Oman,23.629395,58.232843,https://www.google.com/maps/place/?q=place_id:ChIJE5D8kR_9jT4R3yA9nAW1wdM,https://www.google.com/maps/place/?q=place_id:ChIJE5D8kR_9jT4R3yA9nAW1wdM,+968 9403 5028,https://www.google.com/maps/place/?q=place_id:ChIJE5D8kR_9jT4R3yA9nAW1wdM,https://www.google.com/s2/favicons?domain=www.google.com&sz=128,,,,,,,,,,,,,,,,,,,,,,2025-10-04,,,,,,
ChIJRWVwSCT3kT4Rhfx-TokqX3U,bush-shop-for-all-cars-hassan-bush,Bush shop for all cars (HASSAN BUSH),Garages,,garage;car repair;mechanic,,"5611, Muscat, Oman",Muscat,Oman,23.591933,58.562462,https://www.google.com/maps/place/?q=place_id:ChIJRWVwSCT3kT4Rhfx-TokqX3U,https://www.google.com/maps/place/?q=place_id:ChIJRWVwSCT3kT4Rhfx-TokqX3U,+968 9251 8655,https://www.google.com/maps/place/?q=place_id:ChIJRWVwSCT3kT4Rhfx-TokqX3U,https://www.google.com/s2/favicons?domain=www.google.com&sz=128,,,,,,,,,,,,,5.00,,,,,,2,Google,,2025-10-04,,,,,,
ChIJ3Xuhu2b9jT4RaJK3MYOeeI0,carfix-maintenance-and-repair-center,CARFiX Maintenance and Repair Center ŸÉÿßÿ±ŸÅŸÉÿ≥ ŸÖÿ±ŸÉÿ≤ ÿµŸäÿßŸÜÿ© ŸàÿßÿµŸÑÿßÿ≠,Garages,,garage;car repair;mechanic,,"Al Hail South Al Seeb Shell station, Alseeb Bowling Center, ŸÖÿ≥ŸÇÿ∑ÿå Oman",Muscat,Oman,23.640826,58.222986,https://www.google.com/maps/place/?q=place_id:ChIJ3Xuhu2b9jT4RaJK3MYOeeI0,https://www.google.com/maps/place/?q=place_id:ChIJ3Xuhu2b9jT4RaJK3MYOeeI0,+968 9584 6640,https://www.google.com/maps/place/?q=place_id:ChIJ3Xuhu2b9jT4RaJK3MYOeeI0,https://www.google.com/s2/favicons?domain=www.google.com&sz=128,,,,,,,,,,,,,3.80,,,,,,92,Google,,2025-10-04,,,,,,
ChIJQQ56dQABjj4RWBiEWCxlr8Y,car-accessories-and-batteries,Car Accessories and Batteries,Garages,,garage;car repair;mechanic,,"H9PC+PFX, Al Maardih St, Muscat, Oman",Muscat,Oman,23.586682,58.371201,https://www.google.com/maps/place/?q=place_id:ChIJQQ56dQABjj4RWBiEWCxlr8Y,https://www.google.com/maps/place/?q=place_id:ChIJQQ56dQABjj4RWBiEWCxlr8Y,,https://www.google.com/maps/place/?q=place_id:ChIJQQ56dQABjj4RWBiEWCxlr8Y,https://www.google.com/s2/favicons?domain=www.google.com&sz=128,,,,,,,,,,,,,5.00,,,,,,1,Google,,2025-10-04,,,,,,
ChIJXQ0VUwD9jT4R_PRE95e2FZo,car-battery-shop,Car Battery Shop,Garages,,garage;car repair;mechanic,,"H6WX+7QV, Seeb, Oman",Muscat,Oman,23.595731,58.249429,https://www.google.com/maps/place/?q=place_id:ChIJXQ0VUwD9jT4R_PRE95e2FZo,https://www.google.com/maps/place/?q=place_id:ChIJXQ0VUwD9jT4R_PRE95e2FZo,+968 9901 4567,https://www.google.com/maps/place/?q=place_id:ChIJXQ0VUwD9jT4R_PRE95e2FZo,https://www.google.com/s2/favicons?domain=www.google.com&sz=128,,,,,,,,,,,,,3.00,,,,,,2,Google,,2025-10-04,,,,,,
ChIJQ3MQW2nnjT4RfG19NcNMSrU,car-service-repair-maintenance-mabela-muscat-oman-expresslanes,"Car Service Repair & Maintenance , Mabela Muscat ,Oman [ExpressLanes]",Garages,,garage;car repair;mechanic,,"Al Maabilah, Seeb 111, Oman",Muscat,Oman,23.654331,58.096030,https://www.google.com/maps/place/?q=place_id:ChIJQ3MQW2nnjT4RfG19NcNMSrU,https://www.expresslanes.om/,+968 9965 8007,https://www.expresslanes.om/,https://www.google.com/s2/favicons?domain=www.expresslanes.om&sz=128,,,,,,,,,,,,,4.90,,,,,,67,Google,,2025-10-04,,,,,,
ChIJd3Iqplr9jT4RdWSEknFXBs4,car-upholstery,Car Upholstery,Garages,,garage;car repair;mechanic,,"J6PH+3W9, Seeb, Oman",Muscat,Oman,23.635156,58.229844,https://www.google.com/maps/place/?q=place_id:ChIJd3Iqplr9jT4RdWSEknFXBs4,https://www.google.com/maps/place/?q=place_id:ChIJd3Iqplr9jT4RdWSEknFXBs4,+968 9274 8923,https://www.google.com/maps/place/?q=place_id:ChIJd3Iqplr9jT4RdWSEknFXBs4,https://www.google.com/s2/favicons?domain=www.google.com&sz=128,,,,,,,,,,,,,4.90,,,,,,12,Google,,2025-10-04,,,,,,
ChIJIdyg7ir_kT4RrVKYvXyLK6Y,car-care-station,Car care station,Garages,,garage;car repair;mechanic,,"HCG9+RH8, Muscat, Oman",Muscat,Oman,23.577050,58.418957,https://www.google.com/maps/place/?q=place_id:ChIJIdyg7ir_kT4RrVKYvXyLK6Y,https://www.google.com/maps/place/?q=place_id:ChIJIdyg7ir_kT4RrVKYvXyLK6Y,+968 9706 6008,https://www.google.com/maps/place/?q=place_id:ChIJIdyg7ir_kT4RrVKYvXyLK6Y,https://www.google.com/s2/favicons?domain=www.google.com&sz=128,,,,,,,,,,,,,5.00,,,,,,1,Google,,2025-10-04,,,,,,
ChIJqTghjav9jT4RFMb3Up8xA8c,car-clean-and-oil-change-center,Car clean and oil change center,Garages,,garage;car repair;mechanic,,"J7F6+VR4, Al Mauj St, Muscat, Oman",Muscat,Oman,23.624647,58.262083,https://www.google.com/maps/place/?q=place_id:ChIJqTghjav9jT4RFMb3Up8xA8c,https://www.google.com/maps/place/?q=place_id:ChIJqTghjav9jT4RFMb3Up8xA8c,,https://www.google.com/maps/place/?q=place_id:ChIJqTghjav9jT4RFMb3Up8xA8c,https://www.google.com/s2/favicons?domain=www.google.com&sz=128,,,,,,,,,,,,,2.30,,,,,,10,Google,,2025-10-04,,,,,,
ChIJla2I8p73kT4RXsmP8bv4iuw,car-dignosis-by-computer-and-oil-change,Car dignosis by computer and oil change,Garages,,garage;car repair;mechanic,,"63 St, Muscat, Oman",Muscat,Oman,23.582810,58.558821,https://www.google.com/maps/place/?q=place_id:ChIJla2I8p73kT4RXsmP8bv4iuw,https://www.google.com/maps/place/?q=place_id:ChIJla2I8p73kT4RXsmP8bv4iuw,+968 9527 3454,https://www.google.com/maps/place/?q=place_id:ChIJla2I8p73kT4RXsmP8bv4iuw,https://www.google.com/s2/favicons?domain=www.google.com&sz=128,,,,,,,,,,,,,1.00,,,,,,1,Google,,2025-10-04,,,,,,
ChIJ7W4CKQD9jT4RPyeYQfhYF_I,car-electrician-mohajan-investments-spc,Car electrician MOHAJAN INVESTMENTS SPC,Garages,,garage;car repair;mechanic,,"J6HM+P34, Seeb, Oman",Muscat,Oman,23.629273,58.232689,https://www.google.com/maps/place/?q=place_id:ChIJ7W4CKQD9jT4RPyeYQfhYF_I,https://www.google.com/maps/place/?q=place_id:ChIJ7W4CKQD9jT4RPyeYQfhYF_I,+968 9985 2752,https://www.google.com/maps/place/?q=place_id:ChIJ7W4CKQD9jT4RPyeYQfhYF_I,https://www.google.com/s2/favicons?domain=www.google.com&sz=128,,,,,,,,,,,,,5.00,,,,,,1,Google,,2025-10-04,,,,,,
ChIJ6dUnewD3kT4RvMoo1_bgFNI,car-headlights-repair-and-scale,Car headlights repair and scale,Garages,,garage;car repair;mechanic,,"HHW5+3WQ, Muscat, Oman",Muscat,Oman,23.595202,58.559849,https://www.google.com/maps/place/?q=place_id:ChIJ6dUnewD3kT4RvMoo1_bgFNI,https://www.google.com/maps/place/?q=place_id:ChIJ6dUnewD3kT4RvMoo1_bgFNI,+968 9778 3712,https://www.google.com/maps/place/?q=place_id:ChIJ6dUnewD3kT4RvMoo1_bgFNI,https://www.google.com/s2/favicons?domain=www.google.com&sz=128,,,,,,,,,,,,,5.00,,,,,,1,Google,,2025-10-04,,,,,,
ChIJ75f9OxsBjj4R6W254A0UOYQ,car-repair,Car repair,Garages,,garage;car repair;mechanic,,"Al Ansab St, Muscat 112, Oman",Muscat,Oman,23.532675,58.347236,https://www.google.com/maps/place/?q=place_id:ChIJ75f9OxsBjj4R6W254A0UOYQ,https://www.google.com/maps/place/?q=place_id:ChIJ75f9OxsBjj4R6W254A0UOYQ,+968 9743 3834,https://www.google.com/maps/place/?q=place_id:ChIJ75f9OxsBjj4R6W254A0UOYQ,https://www.google.com/s2/favicons?domain=www.google.com&sz=128,,,,,,,,,,,,,,,,,,,,,,2025-10-04,,,,,,
ChIJ93Gbxs_9jT4Rof3G_fKwRQs,car-repair-and-battery-replacement-service-24-hours-service,Car repair and battery replacement service 24 hours service,Garages,,garage;car repair;mechanic,,"Seeb, Oman",Muscat,Oman,23.594744,58.249090,https://www.google.com/maps/place/?q=place_id:ChIJ93Gbxs_9jT4Rof3G_fKwRQs,https://www.google.com/maps/place/?q=place_id:ChIJ93Gbxs_9jT4Rof3G_fKwRQs,+968 9743 3834,https://www.google.com/maps/place/?q=place_id:ChIJ93Gbxs_9jT4Rof3G_fKwRQs,https://www.google.com/s2/favicons?domain=www.google.com&sz=128,,,,,,,,,,,,,4.70,,,,,,20,Google,,2025-10-04,,,,,,
ChIJOWkeFOj9jT4RxKyFX9OyAYY,car-repair-and-bettery-replacement,Car repair and bettery replacement,Garages,,garage;car repair;mechanic,,"near city centre, Sib 112, Oman",Muscat,Oman,23.595029,58.249106,https://www.google.com/maps/place/?q=place_id:ChIJOWkeFOj9jT4RxKyFX9OyAYY,https://www.google.com/maps/place/?q=place_id:ChIJOWkeFOj9jT4RxKyFX9OyAYY,+968 9721 5825,https://www.google.com/maps/place/?q=place_id:ChIJOWkeFOj9jT4RxKyFX9OyAYY,https://www.google.com/s2/favicons?domain=www.google.com&sz=128,,,,,,,,,,,,,4.90,,,,,,62,Google,,2025-10-04,,,,,,
ChIJmacwTgAJjj4RxyR_HmvmRck,car-mechanic-home-service-general-service,Car üöó mechanic home service general service,Garages,,garage;car repair;mechanic,,"G5FQ+CJH, Al Jafnayn, Oman",Muscat,Oman,23.523553,58.189103,https://www.google.com/maps/place/?q=place_id:ChIJmacwTgAJjj4RxyR_HmvmRck,https://www.google.com/maps/place/?q=place_id:ChIJmacwTgAJjj4RxyR_HmvmRck,+968 9902 3259,https://www.google.com/maps/place/?q=place_id:ChIJmacwTgAJjj4RxyR_HmvmRck,https://www.google.com/s2/favicons?domain=www.google.com&sz=128,,,,,,,,,,,,,5.00,,,,,,6,Google,,2025-10-04,,,,,,
ChIJby1KQb3_kT4RXH28OfygBv8,carplay,CarPlay,Garages,,garage;car repair;mechanic,,"Unnamed Road, ŸÖÿ≥ŸÇÿ∑ÿåÿå Muscat, Oman",Muscat,Oman,23.581306,58.396201,https://www.google.com/maps/place/?q=place_id:ChIJby1KQb3_kT4RXH28OfygBv8,https://www.google.com/maps/place/?q=place_id:ChIJby1KQb3_kT4RXH28OfygBv8,+968 7260 5500,https://www.google.com/maps/place/?q=place_id:ChIJby1KQb3_kT4RXH28OfygBv8,https://www.google.com/s2/favicons?domain=www.google.com&sz=128,,,,,,,,,,,,,3.70,,,,,,3,Google,,2025-10-04,,,,,,
ChIJE6G8Tej_kT4RUu1yVdEkv_g,castrol-auto-service,Castrol Auto Service,Garages,,garage;car repair;mechanic,,"Al Ghubrah Ash Shamaliyyah, Ghubra 130, Oman",Muscat,Oman,23.585737,58.405587,https://www.google.com/maps/place/?q=place_id:ChIJE6G8Tej_kT4RUu1yVdEkv_g,http://www.castrol.com/,+968 9247 6069,http://www.castrol.com/,https://www.google.com/s2/favicons?domain=www.castrol.com&sz=128,,,,,,,,,,,,,3.90,,,,,,49,Google,,2025-10-04,,,,,,
ChIJMT-XHWL3kT4RSx45jKzzx6c,computer-car-check-auto-electrician-ac-repair,"Computer car check, Auto Electrician & AC Repair",Garages,,garage;car repair;mechanic,,"HHJ6+M3C, 63 St, Muscat, Oman",Muscat,Oman,23.581680,58.560142,https://www.google.com/maps/place/?q=place_id:ChIJMT-XHWL3kT4RSx45jKzzx6c,https://www.google.com/maps/place/?q=place_id:ChIJMT-XHWL3kT4RSx45jKzzx6c,+968 9769 3701,https://www.google.com/maps/place/?q=place_id:ChIJMT-XHWL3kT4RSx45jKzzx6c,https://www.google.com/s2/favicons?domain=www.google.com&sz=128,,,,,,,,,,,,,,,,,,,,,,2025-10-04,,,,,,
ChIJRyevbdUDjj4RxU76Ezo6wRY,drivex,Drivex,Garages,,garage;car repair;mechanic,,"F7c8+jjw, Muscat 130, Oman",Muscat,Oman,23.471500,58.266569,https://www.google.com/maps/place/?q=place_id:ChIJRyevbdUDjj4RxU76Ezo6wRY,https://drivex-int.com/,+968 7924 9995,https://drivex-int.com/,https://www.google.com/s2/favicons?domain=drivex-int.com&sz=128,,,,,,,,,,,,,4.70,,,,,,69,Google,,2025-10-04,,,,,,
ChIJbRTZs-L_kT4RAfUiqZzui4s,electric-car-repair,Electric Car Repair,Garages,,garage;car repair;mechanic,,"HCQ4+C5Q, Street 4006, Muscat, Oman",Muscat,Oman,23.588580,58.405496,https://www.google.com/maps/place/?q=place_id:ChIJbRTZs-L_kT4RAfUiqZzui4s,https://www.google.com/maps/place/?q=place_id:ChIJbRTZs-L_kT4RAfUiqZzui4s,,https://www.google.com/maps/place/?q=place_id:ChIJbRTZs-L_kT4RAfUiqZzui4s,https://www.google.com/s2/favicons?domain=www.google.com&sz=128,,,,,,,,,,,,,5.00,,,,,,1,Google,,2025-10-04,,,,,,
ChIJ_akAqJL8jT4RpvSbNkJD2w0,electronic-key,Electronic Key,Garages,,garage;car repair;mechanic,,"ÿßŸÑÿ≠ŸäŸÑ ÿßŸÑÿ¨ŸÜŸàÿ®Ÿäÿ© ÿßŸÑÿ≥Ÿäÿ®‚Äé OMÿå Sib 116, Oman",Muscat,Oman,23.640607,58.223565,https://www.google.com/maps/place/?q=place_id:ChIJ_akAqJL8jT4RpvSbNkJD2w0,https://www.instagram.com/ekey_om?igsh=MWt0OWsxazNpMTYwaw==,+968 9519 4386,https://www.instagram.com/ekey_om?igsh=MWt0OWsxazNpMTYwaw==,https://www.google.com/s2/favicons?domain=www.instagram.com&sz=128,,,,,,,,,,,,,4.40,,,,,,240,Google,,2025-10-04,,,,,,
ChIJk8HvBcIBjj4RFkH7oHSJ7_E,express-auto-repairs,Express Auto Repairs,Garages,,garage;car repair;mechanic,,"Muscat, Oman",Muscat,Oman,23.566346,58.354299,https://www.google.com/maps/place/?q=place_id:ChIJk8HvBcIBjj4RFkH7oHSJ7_E,https://www.google.com/maps/place/?q=place_id:ChIJk8HvBcIBjj4RFkH7oHSJ7_E,+968 9869 3333,https://www.google.com/maps/place/?q=place_id:ChIJk8HvBcIBjj4RFkH7oHSJ7_E,https://www.google.com/s2/favicons?domain=www.google.com&sz=128,,,,,,,,,,,,,2.60,,,,,,34,Google,,2025-10-04,,,,,,
ChIJpRDV_Gb3kT4RZpjmkRwxxMk,extreme-tourqe-workshop-etw-llc,Extreme Tourqe Workshop (ETW) LLC,Garages,,garage;car repair;mechanic,,"HHR9+4Q2, Muscat, Oman",Muscat,Oman,23.590269,58.569396,https://www.google.com/maps/place/?q=place_id:ChIJpRDV_Gb3kT4RZpjmkRwxxMk,https://www.google.com/maps/place/?q=place_id:ChIJpRDV_Gb3kT4RZpjmkRwxxMk,+968 9983 6662,https://www.google.com/maps/place/?q=place_id:ChIJpRDV_Gb3kT4RZpjmkRwxxMk,https://www.google.com/s2/favicons?domain=www.google.com&sz=128,,,,,,,,,,,,,4.80,,,,,,19,Google,,2025-10-04,,,,,,
ChIJ8zsbNtr3kT4RZqlElca5K8M,fanar-muttrah-trad-vehicle-paint-and-polish,Fanar Muttrah TRAD Vehicle paint and polish,Garages,,garage;car repair;mechanic,,"HHP4+WCX, 6508 Way, Muscat, Oman",Muscat,Oman,23.587355,58.556025,https://www.google.com/maps/place/?q=place_id:ChIJ8zsbNtr3kT4RZqlElca5K8M,https://www.google.com/maps/place/?q=place_id:ChIJ8zsbNtr3kT4RZqlElca5K8M,+968 7818 2489,https://www.google.com/maps/place/?q=place_id:ChIJ8zsbNtr3kT4RZqlElca5K8M,https://www.google.com/s2/favicons?domain=www.google.com&sz=128,,,,,,,,,,,,,4.00,,,,,,1,Google,,2025-10-04,,,,,,
ChIJQeRZWQD_kT4RR5GSYD-lyY4,fitting-android-screens,Fitting android screens,Garages,,garage;car repair;mechanic,,"HCM2+F6G, Souk Al Ghubrah St, Muscat, Oman",Muscat,Oman,23.583609,58.400658,https://www.google.com/maps/place/?q=place_id:ChIJQeRZWQD_kT4RR5GSYD-lyY4,https://www.google.com/maps/place/?q=place_id:ChIJQeRZWQD_kT4RR5GSYD-lyY4,+968 7935 3956,https://www.google.com/maps/place/?q=place_id:ChIJQeRZWQD_kT4RR5GSYD-lyY4,https://www.google.com/s2/favicons?domain=www.google.com&sz=128,,,,,,,,,,,,,5.00,,,,,,9,Google,,2025-10-04,,,,,,
ChIJXfj2Zp3_kT4RdQFhBjeyGnE,german-power-service-tyres,German power service & tyres,Garages,,garage;car repair;mechanic,,"Al Maha St, Muscat, Oman",Muscat,Oman,23.566786,58.412817,https://www.google.com/maps/place/?q=place_id:ChIJXfj2Zp3_kT4RdQFhBjeyGnE,https://www.google.com/maps/place/?q=place_id:ChIJXfj2Zp3_kT4RdQFhBjeyGnE,+968 7911 5121,https://www.google.com/maps/place/?q=place_id:ChIJXfj2Zp3_kT4RdQFhBjeyGnE,https://www.google.com/s2/favicons?domain=www.google.com&sz=128,,,,,,,,,,,,,2.00,,,,,,3,Google,,2025-10-04,,,,,,
ChIJ-Yrvxx7_kT4R0Hvknj8Plmo,hamer-ain-car-detailing,Hamer Ain Car Detailing,Garages,,garage;car repair;mechanic,,"Al Maha St, Muscat, Oman",Muscat,Oman,23.566772,58.412863,https://www.google.com/maps/place/?q=place_id:ChIJ-Yrvxx7_kT4R0Hvknj8Plmo,https://www.google.com/maps/place/?q=place_id:ChIJ-Yrvxx7_kT4R0Hvknj8Plmo,+968 7856 4984,https://www.google.com/maps/place/?q=place_id:ChIJ-Yrvxx7_kT4R0Hvknj8Plmo,https://www.google.com/s2/favicons?domain=www.google.com&sz=128,,,,,,,,,,,,,5.00,,,,,,2,Google,,2025-10-04,,,,,,
ChIJheL1IOT3kT4RFGUstUH4uzc,high-quality-windshield-crack-repair-solutions-in-al-wadi-kabir-muscat-oman,"High-Quality Windshield Crack Repair Solutions in Al Wadi Kabir, Muscat, Oman.ÿ™ÿµŸÑŸäÿ≠ ÿßŸÑÿ≤ÿ¨ÿßÿ¨ ÿßŸÑÿßŸÖÿßŸÖŸä ŸÑŸÑÿ≥Ÿäÿßÿ±ÿßÿ™",Garages,,garage;car repair;mechanic,,"4411 Way, Muscat, Oman",Muscat,Oman,23.591718,58.560485,https://www.google.com/maps/place/?q=place_id:ChIJheL1IOT3kT4RFGUstUH4uzc,https://www.google.com/maps/place/?q=place_id:ChIJheL1IOT3kT4RFGUstUH4uzc,+968 9428 2696,https://www.google.com/maps/place/?q=place_id:ChIJheL1IOT3kT4RFGUstUH4uzc,https://www.google.com/s2/favicons?domain=www.google.com&sz=128,,,,,,,,,,,,,4.90,,,,,,9,Google,,2025-10-04,,,,,,
ChIJJcSQYwD3kT4R2BuIOr2Zaco,invesment,Invesment,Garages,,garage;car repair;mechanic,,"H8VJ+6J2, Muscat, Oman",Muscat,Oman,23.593005,58.331519,https://www.google.com/maps/place/?q=place_id:ChIJJcSQYwD3kT4R2BuIOr2Zaco,https://www.google.com/maps/place/?q=place_id:ChIJJcSQYwD3kT4R2BuIOr2Zaco,+968 7878 7123,https://www.google.com/maps/place/?q=place_id:ChIJJcSQYwD3kT4R2BuIOr2Zaco,https://www.google.com/s2/favicons?domain=www.google.com&sz=128,,,,,,,,,,,,,5.00,,,,,,3,Google,,2025-10-04,,,,,,
ChIJW8uPNQD_kT4RAJdY7RR3bUY,jrk-car-accessories,JRK Car Accessories,Garages,,garage;car repair;mechanic,,"H9XP+C94, Muscat, Oman",Muscat,Oman,23.598326,58.385784,https://www.google.com/maps/place/?q=place_id:ChIJW8uPNQD_kT4RAJdY7RR3bUY,https://www.google.com/maps/place/?q=place_id:ChIJW8uPNQD_kT4RAJdY7RR3bUY,+968 9295 7840,https://www.google.com/maps/place/?q=place_id:ChIJW8uPNQD_kT4RAJdY7RR3bUY,https://www.google.com/s2/favicons?domain=www.google.com&sz=128,,,,,,,,,,,,,4.90,,,,,,105,Google,,2025-10-04,,,,,,
ChIJjRkpYhMBjj4RfS18iH2-MjY,jahanzeb,Jahanzeb,Garages,,garage;car repair;mechanic,,"H9J9+F36, Muscat, Oman",Muscat,Oman,23.581162,58.367626,https://www.google.com/maps/place/?q=place_id:ChIJjRkpYhMBjj4RfS18iH2-MjY,https://www.google.com/maps/place/?q=place_id:ChIJjRkpYhMBjj4RfS18iH2-MjY,+968 9767 1098,https://www.google.com/maps/place/?q=place_id:ChIJjRkpYhMBjj4RfS18iH2-MjY,https://www.google.com/s2/favicons?domain=www.google.com&sz=128,,,,,,,,,,,,,,,,,,,,,,2025-10-04,,,,,,
ChIJHT-qKnj3kT4RUICTfwbjaRw,jalal-radiator-shop,Jalal radiator shop,Garages,,garage;car repair;mechanic,,"Al nama street, Muscat 117, Oman",Muscat,Oman,23.575545,58.570257,https://www.google.com/maps/place/?q=place_id:ChIJHT-qKnj3kT4RUICTfwbjaRw,https://www.google.com/maps/place/?q=place_id:ChIJHT-qKnj3kT4RUICTfwbjaRw,+968 7977 9040,https://www.google.com/maps/place/?q=place_id:ChIJHT-qKnj3kT4RUICTfwbjaRw,https://www.google.com/s2/favicons?domain=www.google.com&sz=128,,,,,,,,,,,,,,,,,,,,,,2025-10-04,,,,,,
ChIJ7TbjvoT8jT4RPeWflbSITiM,jawed-car-repairing-shop,Jawed Car Repairing Shop,Garages,,garage;car repair;mechanic,,"M64F+3VF, Seeb, Oman",Muscat,Oman,23.655186,58.224669,https://www.google.com/maps/place/?q=place_id:ChIJ7TbjvoT8jT4RPeWflbSITiM,https://www.google.com/maps/place/?q=place_id:ChIJ7TbjvoT8jT4RPeWflbSITiM,+968 9908 0027,https://www.google.com/maps/place/?q=place_id:ChIJ7TbjvoT8jT4RPeWflbSITiM,https://www.google.com/s2/favicons?domain=www.google.com&sz=128,,,,,,,,,,,,,3.60,,,,,,23,Google,,2025-10-04,,,,,,
ChIJvUL7xywBjj4R16RlF-rYbJE,kama-car,KAMA CAR,Garages,,garage;car repair;mechanic,,"Beside Al-Latif Mosque, Way6621 130, Oman",Muscat,Oman,23.566309,58.354338,https://www.google.com/maps/place/?q=place_id:ChIJvUL7xywBjj4R16RlF-rYbJE,https://www.google.com/maps/place/?q=place_id:ChIJvUL7xywBjj4R16RlF-rYbJE,+968 9367 3543,https://www.google.com/maps/place/?q=place_id:ChIJvUL7xywBjj4R16RlF-rYbJE,https://www.google.com/s2/favicons?domain=www.google.com&sz=128,,,,,,,,,,,,,,,,,,,,,,2025-10-04,,,,,,
ChIJrWjWDh_9jT4RmoORU_ukma0,kamran-auto,Kamran Auto,Garages,,garage;car repair;mechanic,,"Seeb 112, Oman",Muscat,Oman,23.595216,58.249080,https://www.google.com/maps/place/?q=place_id:ChIJrWjWDh_9jT4RmoORU_ukma0,https://www.google.com/maps/place/?q=place_id:ChIJrWjWDh_9jT4RmoORU_ukma0,+968 9540 7474,https://www.google.com/maps/place/?q=place_id:ChIJrWjWDh_9jT4RmoORU_ukma0,https://www.google.com/s2/favicons?domain=www.google.com&sz=128,,,,,,,,,,,,,4.40,,,,,,7,Google,,2025-10-04,,,,,,
ChIJG_E34L73kT4RQ6NB2ywMNrU,khubba-al-jumrad,Khubba Al Jumrad,Garages,,garage;car repair;mechanic,,"Muscat, Oman",Muscat,Oman,23.592306,58.564702,https://www.google.com/maps/place/?q=place_id:ChIJG_E34L73kT4RQ6NB2ywMNrU,https://www.google.com/maps/place/?q=place_id:ChIJG_E34L73kT4RQ6NB2ywMNrU,+968 9928 8904,https://www.google.com/maps/place/?q=place_id:ChIJG_E34L73kT4RQ6NB2ywMNrU,https://www.google.com/s2/favicons?domain=www.google.com&sz=128,,,,,,,,,,,,,5.00,,,,,,1,Google,,2025-10-04,,,,,,
ChIJw2w3xd33kT4RyNgKJeQHqVk,legend-engines,Legend Engines,Garages,,garage;car repair;mechanic,,"Industrial Area Al Wadi Al Kabir, ŸÖÿ≥ŸÇÿ∑ÿå Oman",Muscat,Oman,23.597805,58.565069,https://www.google.com/maps/place/?q=place_id:ChIJw2w3xd33kT4RyNgKJeQHqVk,https://instagram.com/legendengines,+968 7171 5771,https://instagram.com/legendengines,https://www.google.com/s2/favicons?domain=instagram.com&sz=128,,,,,,,,,,,,,5.00,,,,,,2,Google,,2025-10-04,,,,,,
ChIJJwfcfgj3kT4RKgB0Xg0tEyc,maf-auto-pro,MAF Auto PRO,Garages,,garage;car repair;mechanic,,"way 6505, Muscat 112, Oman",Muscat,Oman,23.587633,58.554431,https://www.google.com/maps/place/?q=place_id:ChIJJwfcfgj3kT4RKgB0Xg0tEyc,http://www.mafoman.com/,+968 9670 4520,http://www.mafoman.com/,https://www.google.com/s2/favicons?domain=www.mafoman.com&sz=128,,,,,,,,,,,,,4.60,,,,,,103,Google,,2025-10-04,,,,,,
ChIJo9xsWiT_kT4R-ZIFp1kGmfk,majan-dream-trading-repair-of-vehicles-axles-brakes-auto-electrician,"MAJAN DREAM TRADING - Repair of Vehicles Axles, Brakes & Auto Electrician",Garages,,garage;car repair;mechanic,,"H9FF+JGW, Muscat, Oman",Muscat,Oman,23.573973,58.373883,https://www.google.com/maps/place/?q=place_id:ChIJo9xsWiT_kT4R-ZIFp1kGmfk,https://www.google.com/maps/place/?q=place_id:ChIJo9xsWiT_kT4R-ZIFp1kGmfk,+968 9966 7532,https://www.google.com/maps/place/?q=place_id:ChIJo9xsWiT_kT4R-ZIFp1kGmfk,https://www.google.com/s2/favicons?domain=www.google.com&sz=128,,,,,,,,,,,,,3.70,,,,,,43,Google,,2025-10-04,,,,,,
ChIJ05UzHgD3kT4R0xnqfucqrFs,malabar-auto-hub-auto-glass-fixing-auto-glass-repair-auto-glass-polish,"MALABAR AUTO HUB, Auto glass fixing, auto glass repair & auto glass polish",Garages,,garage;car repair;mechanic,,"HHQ7+537, Muscat, Oman",Muscat,Oman,23.587922,58.562726,https://www.google.com/maps/place/?q=place_id:ChIJ05UzHgD3kT4R0xnqfucqrFs,https://www.google.com/maps/place/?q=place_id:ChIJ05UzHgD3kT4R0xnqfucqrFs,+968 7814 9958,https://www.google.com/maps/place/?q=place_id:ChIJ05UzHgD3kT4R0xnqfucqrFs,https://www.google.com/s2/favicons?domain=www.google.com&sz=128,,,,,,,,,,,,,4.90,,,,,,126,Google,,2025-10-04,,,,,,
ChIJJcfBIgD_kT4RxWqkqhewye0,mechanical-repair-of-diesel-cleaning-of-patrol-enginespumps,MECHANICAL REPAIR OF DIESEL & CLEANING OF PATROL ENGINESPUMPS,Garages,,garage;car repair;mechanic,,"H9FF+M9, Muscat, Oman",Muscat,Oman,23.574171,58.373364,https://www.google.com/maps/place/?q=place_id:ChIJJcfBIgD_kT4RxWqkqhewye0,https://www.google.com/maps/place/?q=place_id:ChIJJcfBIgD_kT4RxWqkqhewye0,+968 9592 9138,https://www.google.com/maps/place/?q=place_id:ChIJJcfBIgD_kT4RxWqkqhewye0,https://www.google.com/s2/favicons?domain=www.google.com&sz=128,,,,,,,,,,,,,5.00,,,,,,1,Google,,2025-10-04,,,,,,
ChIJCbe9TUr3kT4RMsR0BRWHDxE,mercedes-bmw-lexus-infinity-car-repairing,"MERCEDES, BMW, LEXUS, INFINITY car repairing",Garages,,garage;car repair;mechanic,,"Muscat, Oman",Muscat,Oman,23.593967,58.560557,https://www.google.com/maps/place/?q=place_id:ChIJCbe9TUr3kT4RMsR0BRWHDxE,https://www.google.com/maps/place/?q=place_id:ChIJCbe9TUr3kT4RMsR0BRWHDxE,+968 9825 9126,https://www.google.com/maps/place/?q=place_id:ChIJCbe9TUr3kT4RMsR0BRWHDxE,https://www.google.com/s2/favicons?domain=www.google.com&sz=128,,,,,,,,,,,,,5.00,,,,,,4,Google,,2025-10-04,,,,,,
ChIJKZUtUvb7kT4RSePsmSZyv7I,mohsin-auto-electrician,MOHSIN Auto Electrician,Garages,,garage;car repair;mechanic,,"Al Amarat 100, Oman",Muscat,Oman,23.506140,58.491734,https://www.google.com/maps/place/?q=place_id:ChIJKZUtUvb7kT4RSePsmSZyv7I,https://www.google.com/maps/place/?q=place_id:ChIJKZUtUvb7kT4RSePsmSZyv7I,+968 9294 0786,https://www.google.com/maps/place/?q=place_id:ChIJKZUtUvb7kT4RSePsmSZyv7I,https://www.google.com/s2/favicons?domain=www.google.com&sz=128,,,,,,,,,,,,,4.30,,,,,,6,Google,,2025-10-04,,,,,,
ChIJPSmaBQD5kT4RimGNYrfCIuc,muscat-corner-car-care,MUSCAT CORNER CAR CARE,Garages,,garage;car repair;mechanic,,"HHQ3+VPV, Muscat, Oman",Muscat,Oman,23.589873,58.554349,https://www.google.com/maps/place/?q=place_id:ChIJPSmaBQD5kT4RimGNYrfCIuc,https://www.google.com/maps/place/?q=place_id:ChIJPSmaBQD5kT4RimGNYrfCIuc,+968 7222 5121,https://www.google.com/maps/place/?q=place_id:ChIJPSmaBQD5kT4RimGNYrfCIuc,https://www.google.com/s2/favicons?domain=www.google.com&sz=128,,,,,,,,,,,,,4.80,,,,,,16,Google,,2025-10-04,,,,,,
ChIJ1dGZYtsBjj4RDIoAZ_uHdOI,muscat-corner-united,MUSCAT CORNER UNITED ÿ±ŸÉŸÜ ŸÖÿ≥ŸÇÿ∑ ÿßŸÑŸÖÿ™ÿ≠ÿØÿ©,Garages,,garage;car repair;mechanic,,"Azaiba Squre, 116 ÿ∑ÿ±ŸäŸÇ ÿßŸÑÿ≥ŸÑÿ∑ÿßŸÜ ŸÇÿßÿ®Ÿàÿ≥ÿå ŸÖÿ≥ŸÇÿ∑ 116, Oman",Muscat,Oman,23.592845,58.349827,https://www.google.com/maps/place/?q=place_id:ChIJ1dGZYtsBjj4RDIoAZ_uHdOI,https://www.instagram.com/muscat_corner_l.l.c/,+968 7222 5123,https://www.instagram.com/muscat_corner_l.l.c/,https://www.google.com/s2/favicons?domain=www.instagram.com&sz=128,,,,,,,,,,,,,4.60,,,,,,40,Google,,2025-10-04,,,,,,
ChIJJTVvK9ldiz4R_BR6zCmQj0Q,meccanico-car-computer-diagnose-and-repair-recommending,Meccanico (Car computer diagnose and repair recommending). ŸÅÿ≠ÿµ ŸÉŸÖÿ®ŸäŸàÿ™ÿ± ŸÑŸÑÿ≥Ÿäÿßÿ±ÿßÿ™ ÿßŸäŸÜŸÖÿß ŸÉŸÜÿ™,Garages,,garage;car repair;mechanic,,"ŸÖŸÇÿßÿ®ŸÑ ÿßŸÑŸÉŸÑŸäÿ© ÿßŸÑÿ™ŸÇŸÜŸäÿ©, Al Khuwair St, Muscat 111, Oman",Muscat,Oman,23.595486,58.440023,https://www.google.com/maps/place/?q=place_id:ChIJJTVvK9ldiz4R_BR6zCmQj0Q,https://www.google.com/maps/place/?q=place_id:ChIJJTVvK9ldiz4R_BR6zCmQj0Q,+968 9436 0223,https://www.google.com/maps/place/?q=place_id:ChIJJTVvK9ldiz4R_BR6zCmQj0Q,https://www.google.com/s2/favicons?domain=www.google.com&sz=128,,,,,,,,,,,,,,,,,,,,,,2025-10-04,,,,,,
ChIJYSVsmFr3kT4RXRXLe7gaZig,mohamed-bin-nasser-cars-and-trucks-repair,Mohamed Bin Nasser Cars and Trucks Repair,Garages,,garage;car repair;mechanic,,"Muscat, Oman",Muscat,Oman,23.592065,58.563762,https://www.google.com/maps/place/?q=place_id:ChIJYSVsmFr3kT4RXRXLe7gaZig,https://www.google.com/maps/place/?q=place_id:ChIJYSVsmFr3kT4RXRXLe7gaZig,+968 9858 5702,https://www.google.com/maps/place/?q=place_id:ChIJYSVsmFr3kT4RXRXLe7gaZig,https://www.google.com/s2/favicons?domain=www.google.com&sz=128,,,,,,,,,,,,,4.80,,,,,,4,Google,,2025-10-04,,,,,,
ChIJt8GJbrP3kT4RBzOPNdwWOZI,mohammed-morshed-business-partner-llc-repair-of-cars-sale-of-used-spare-parts,Mohammed Morshed Business & Partner LLC- REPAIR OF CARS & SALE OF USED SPARE PARTS,Garages,,garage;car repair;mechanic,,"4411 Way, Muscat 112, Oman",Muscat,Oman,23.591953,58.560577,https://www.google.com/maps/place/?q=place_id:ChIJt8GJbrP3kT4RBzOPNdwWOZI,https://www.google.com/maps/place/?q=place_id:ChIJt8GJbrP3kT4RBzOPNdwWOZI,+968 9906 7613,https://www.google.com/maps/place/?q=place_id:ChIJt8GJbrP3kT4RBzOPNdwWOZI,https://www.google.com/s2/favicons?domain=www.google.com&sz=128,,,,,,,,,,,,,5.00,,,,,,1,Google,,2025-10-04,,,,,,
ChIJW6VwSwABjj4RgaZzhOODG30,muasasat-der-alzeen-al-maseeah,Muasasat der alzeen al maseeah,Garages,,garage;car repair;mechanic,,"H9F8+V6C, Muscat, Oman",Muscat,Oman,23.574678,58.365515,https://www.google.com/maps/place/?q=place_id:ChIJW6VwSwABjj4RgaZzhOODG30,https://www.google.com/maps/place/?q=place_id:ChIJW6VwSwABjj4RgaZzhOODG30,+968 7170 7057,https://www.google.com/maps/place/?q=place_id:ChIJW6VwSwABjj4RgaZzhOODG30,https://www.google.com/s2/favicons?domain=www.google.com&sz=128,,,,,,,,,,,,,5.00,,,,,,2,Google,,2025-10-04,,,,,,
ChIJHRuAa5T9jT4RHKrYCHGf8JE,mutamayiz-car-care,Mutamayiz car care . ÿßŸÑŸÖÿ™ŸÖŸäÿ≤ ŸÑÿ•ÿµŸÑÿßÿ≠ ÿßŸÑÿ≥Ÿäÿßÿ±ÿßÿ™ Ÿà ÿßŸÑÿÆÿØŸÖÿßÿ™ ÿßŸÑÿ≥ÿ±ŸäÿπŸá,Garages,,garage;car repair;mechanic,,"ÿ∑ÿ±ŸäŸÇ 3569ÿå ÿ¥ÿßÿ±ÿπ ÿßŸÑÿ≥ÿØ, ÿ¥ÿßÿ±ÿπ ÿßŸÑÿÆŸàÿ∂ ÿßŸÑÿ™ÿ¨ÿßÿ±Ÿäÿå ŸÖÿ≥ŸÇÿ∑ÿå Oman",Muscat,Oman,23.621578,58.202190,https://www.google.com/maps/place/?q=place_id:ChIJHRuAa5T9jT4RHKrYCHGf8JE,https://www.google.com/maps/place/?q=place_id:ChIJHRuAa5T9jT4RHKrYCHGf8JE,+968 9210 0304,https://www.google.com/maps/place/?q=place_id:ChIJHRuAa5T9jT4RHKrYCHGf8JE,https://www.google.com/s2/favicons?domain=www.google.com&sz=128,,,,,,,,,,,,,5.00,,,,,,2,Google,,2025-10-04,,,,,,
ChIJYwdkECID7WcRvg3WQZhiVvU,naser-car-maintenance-services-at-your-home,Naser - Car Maintenance Services At Your Home,Garages,,garage;car repair;mechanic,,"Street 4312 Building 4583 Al Sherif, Building Office 27, South Khuwair, ŸÖÿ≥ŸÇÿ∑ 243, Oman",Muscat,Oman,23.589445,58.429470,https://www.google.com/maps/place/?q=place_id:ChIJYwdkECID7WcRvg3WQZhiVvU,http://callnaser.com/,+968 7190 2000,http://callnaser.com/,https://www.google.com/s2/favicons?domain=callnaser.com&sz=128,,,,,,,,,,,,,4.90,,,,,,800,Google,,2025-10-04,,,,,,
ChIJ22SeNRz9jT4RzsCdTgAko3s,precision-tune-auto-care-al-hail,PRECISION TUNE AUTO CARE - Al Hail,Garages,,garage;car repair;mechanic,,"Al Mazoon St, Way # 2590, Al-Hail South, Al Hail, Oman",Muscat,Oman,23.615174,58.219240,https://www.google.com/maps/place/?q=place_id:ChIJ22SeNRz9jT4RzsCdTgAko3s,https://www.precisiontunegcc.com/,+968 9982 2918,https://www.precisiontunegcc.com/,https://www.google.com/s2/favicons?domain=www.precisiontunegcc.com&sz=128,,,,,,,,,,,,,3.50,,,,,,127,Google,,2025-10-04,,,,,,
ChIJAUAtKQX3kT4RMEi-nMwFN-8,precision-tune-auto-care-sidab,PRECISION TUNE AUTO CARE | SIDAB,Garages,,garage;car repair;mechanic,,"Inside Oman Oil filling station, Al Saidiya St, Muscat, Oman",Muscat,Oman,23.590616,58.599245,https://www.google.com/maps/place/?q=place_id:ChIJAUAtKQX3kT4RMEi-nMwFN-8,https://www.precisiontunegcc.com/,+968 9225 1987,https://www.precisiontunegcc.com/,https://www.google.com/s2/favicons?domain=www.precisiontunegcc.com&sz=128,,,,,,,,,,,,,4.50,,,,,,39,Google,,2025-10-04,,,,,,
ChIJs96q3_X_kT4RxlrCuObGSik,perfect-performance,Perfect Performance,Garages,,garage;car repair;mechanic,,"Al Maha St, Muscat 133, Oman",Muscat,Oman,23.586795,58.421794,https://www.google.com/maps/place/?q=place_id:ChIJs96q3_X_kT4RxlrCuObGSik,https://www.google.com/maps/place/?q=place_id:ChIJs96q3_X_kT4RxlrCuObGSik,+968 7975 1196,https://www.google.com/maps/place/?q=place_id:ChIJs96q3_X_kT4RxlrCuObGSik,https://www.google.com/s2/favicons?domain=www.google.com&sz=128,,,,,,,,,,,,,4.80,,,,,,9,Google,,2025-10-04,,,,,,
ChIJX08xRQD9kT4RP82HIIEStH0,pro-reflection,Pro Reflection,Garages,,garage;car repair;mechanic,,"GFH5+7PV, Al Amarat, Oman",Muscat,Oman,23.528231,58.459299,https://www.google.com/maps/place/?q=place_id:ChIJX08xRQD9kT4RP82HIIEStH0,https://www.google.com/maps/place/?q=place_id:ChIJX08xRQD9kT4RP82HIIEStH0,+968 9696 9647,https://www.google.com/maps/place/?q=place_id:ChIJX08xRQD9kT4RP82HIIEStH0,https://www.google.com/s2/favicons?domain=www.google.com&sz=128,,,,,,,,,,,,,5.00,,,,,,13,Google,,2025-10-04,,,,,,
ChIJdRePwvzzkT4R4AVHQuGBEbs,prodrive-auto-care-yiti,ProDrive Auto Care Yiti,Garages,,garage;car repair;mechanic,,"GM44+XRG, Yiti, Oman",Muscat,Oman,23.507356,58.656960,https://www.google.com/maps/place/?q=place_id:ChIJdRePwvzzkT4R4AVHQuGBEbs,http://www.facebook.com/ProDriveautocare,+968 9232 6288,http://www.facebook.com/ProDriveautocare,https://www.google.com/s2/favicons?domain=www.facebook.com&sz=128,,,,,,,,,,,,,4.90,,,,,,18,Google,,2025-10-04,,,,,,
ChIJy4GUiIL_kT4R8zspo7Arzbs,protostar-for-car-service,Protostar for car service,Garages,,garage;car repair;mechanic,,"111 Ghala St, Muscat, Oman",Muscat,Oman,23.581441,58.380447,https://www.google.com/maps/place/?q=place_id:ChIJy4GUiIL_kT4R8zspo7Arzbs,https://www.google.com/maps/place/?q=place_id:ChIJy4GUiIL_kT4R8zspo7Arzbs,+968 9935 7217,https://www.google.com/maps/place/?q=place_id:ChIJy4GUiIL_kT4R8zspo7Arzbs,https://www.google.com/s2/favicons?domain=www.google.com&sz=128,,,,,,,,,,,,,4.20,,,,,,12,Google,,2025-10-04,,,,,,
ChIJj7WZSQD3kT4RZWJ1bFEVqNU,qaisar-garage,Qaisar garage - ÿßÿµŸÑÿßÿ≠ ÿßŸÑÿ≥Ÿäÿßÿ±ÿßÿ™ ŸàÿßŸÑŸÖÿ±ŸÉÿ®ÿßÿ™,Garages,,garage;car repair;mechanic,,"HHQ3+7WX, 6508 Way, Muscat, Oman",Muscat,Oman,23.588211,58.554918,https://www.google.com/maps/place/?q=place_id:ChIJj7WZSQD3kT4RZWJ1bFEVqNU,https://www.google.com/maps/place/?q=place_id:ChIJj7WZSQD3kT4RZWJ1bFEVqNU,+968 9979 7577,https://www.google.com/maps/place/?q=place_id:ChIJj7WZSQD3kT4RZWJ1bFEVqNU,https://www.google.com/s2/favicons?domain=www.google.com&sz=128,,,,,,,,,,,,,,,,,,,,,,2025-10-04,,,,,,
ChIJeb4mVQD3kT4Rpcvp58RxsHo,r-p-m-auto,R P M Auto,Garages,,garage;car repair;mechanic,,"HHV8+562, Muscat, Oman",Muscat,Oman,23.592886,58.565511,https://www.google.com/maps/place/?q=place_id:ChIJeb4mVQD3kT4Rpcvp58RxsHo,https://www.google.com/maps/place/?q=place_id:ChIJeb4mVQD3kT4Rpcvp58RxsHo,,https://www.google.com/maps/place/?q=place_id:ChIJeb4mVQD3kT4Rpcvp58RxsHo,https://www.google.com/s2/favicons?domain=www.google.com&sz=128,,,,,,,,,,,,,5.00,,,,,,2,Google,,2025-10-04,,,,,,
ChIJt9Iz4l73kT4R5TjnvbMgui8,rabdhan-al-ghamam-auto-electrician,Rabdhan Al Ghamam ( Auto Electrician ŸÉŸáÿ±ÿ®ÿßÿ¶Ÿä ÿßŸÑÿ≥Ÿäÿßÿ±ÿßÿ™ ),Garages,,garage;car repair;mechanic,,"Muscat, Oman",Muscat,Oman,23.584675,58.557519,https://www.google.com/maps/place/?q=place_id:ChIJt9Iz4l73kT4R5TjnvbMgui8,https://www.google.com/maps/place/?q=place_id:ChIJt9Iz4l73kT4R5TjnvbMgui8,+968 9100 2789,https://www.google.com/maps/place/?q=place_id:ChIJt9Iz4l73kT4R5TjnvbMgui8,https://www.google.com/s2/favicons?domain=www.google.com&sz=128,,,,,,,,,,,,,4.40,,,,,,20,Google,,2025-10-04,,,,,,
ChIJdeuK8KT9kT4R7rbl02Y6znM,radiator-repair-shop-auto-electrician,Radiator Repair Shop&Auto Electrician(ÿ•ÿµŸÑÿßÿ≠ ÿßŸÑÿ±ÿßÿØŸäÿßÿ™Ÿäÿ± ŸàŸÉŸáÿ±ÿ®ÿßÿ¶Ÿä ÿßŸÑÿ≥Ÿäÿßÿ±ÿßÿ™),Garages,,garage;car repair;mechanic,,"Behind Makkah Hypermarket, ÿßŸÑÿπÿßŸÖÿ±ÿßÿ™ 119, Oman",Muscat,Oman,23.480917,58.502188,https://www.google.com/maps/place/?q=place_id:ChIJdeuK8KT9kT4R7rbl02Y6znM,https://www.google.com/maps/place/?q=place_id:ChIJdeuK8KT9kT4R7rbl02Y6znM,+968 7107 5462,https://www.google.com/maps/place/?q=place_id:ChIJdeuK8KT9kT4R7rbl02Y6znM,https://www.google.com/s2/favicons?domain=www.google.com&sz=128,,,,,,,,,,,,,5.00,,,,,,1,Google,,2025-10-04,,,,,,
ChIJvZwmWkL3kT4R3YDpMeXVZxU,rahi-partners-llc,Rahi & Partners LLC,Garages,,garage;car repair;mechanic,,"Muscat, Oman",Muscat,Oman,23.593161,58.562672,https://www.google.com/maps/place/?q=place_id:ChIJvZwmWkL3kT4R3YDpMeXVZxU,https://www.google.com/maps/place/?q=place_id:ChIJvZwmWkL3kT4R3YDpMeXVZxU,,https://www.google.com/maps/place/?q=place_id:ChIJvZwmWkL3kT4R3YDpMeXVZxU,https://www.google.com/s2/favicons?domain=www.google.com&sz=128,,,,,,,,,,,,,4.80,,,,,,4,Google,,2025-10-04,,,,,,
ChIJT-jsKSH3kT4RfjdVH4npCFo,rao-auto-zone-complete-automotive-solutions,Rao Auto Zone - Complete Automotive Solutions,Garages,,garage;car repair;mechanic,,"No. 1640 & 1642 , Way No. 4614 Al Sena Eyah St Al Wadi Al Kabir, ŸÖÿ≥ŸÇÿ∑ 117, Oman",Muscat,Oman,23.592883,58.565636,https://www.google.com/maps/place/?q=place_id:ChIJT-jsKSH3kT4RfjdVH4npCFo,https://raoautozone.com/,+968 9605 9941,https://raoautozone.com/,https://www.google.com/s2/favicons?domain=raoautozone.com&sz=128,,,,,,,,,,,,,4.80,,,,,,38,Google,,2025-10-04,,,,,,
ChIJE8JDSgD9jT4RhoeHDNJWoK4,rayan-tyres-and-car-services,Rayan tyres and car services ÿ±ÿßŸäÿßŸÜ ŸÑŸÑÿ•ÿ∑ÿßÿ±ÿßÿ™ ŸàÿÆÿØŸÖÿßÿ™ ÿßŸÑÿ≥Ÿäÿßÿ±ÿßÿ™,Garages,,garage;car repair;mechanic,,"212 Al Mazoon St, Sib, Oman",Muscat,Oman,23.614474,58.248169,https://www.google.com/maps/place/?q=place_id:ChIJE8JDSgD9jT4RhoeHDNJWoK4,https://www.google.com/maps/place/?q=place_id:ChIJE8JDSgD9jT4RhoeHDNJWoK4,+968 7744 7373,https://www.google.com/maps/place/?q=place_id:ChIJE8JDSgD9jT4RhoeHDNJWoK4,https://www.google.com/s2/favicons?domain=www.google.com&sz=128,,,,,,,,,,,,,5.00,,,,,,5,Google,,2025-10-04,,,,,,
ChIJ6ftqayUHjj4RLmbgAfa6cHA,repairing-of-cars-and-al-vehicles-nadeem,Repairing of cars and al vehicles nadeem,Garages,,garage;car repair;mechanic,,"G5GR+24J, Al Jafnayn, Oman",Muscat,Oman,23.525088,58.190259,https://www.google.com/maps/place/?q=place_id:ChIJ6ftqayUHjj4RLmbgAfa6cHA,https://www.google.com/maps/place/?q=place_id:ChIJ6ftqayUHjj4RLmbgAfa6cHA,+968 9767 2817,https://www.google.com/maps/place/?q=place_id:ChIJ6ftqayUHjj4RLmbgAfa6cHA,https://www.google.com/s2/favicons?domain=www.google.com&sz=128,,,,,,,,,,,,,3.70,,,,,,3,Google,,2025-10-04,,,,,,
ChIJqYH1H5YBjj4RfRaskPduIrE,s-brothers,S Brothers,Garages,,garage;car repair;mechanic,,"oman automobile association, Muscat 114, Oman",Muscat,Oman,23.587585,58.320577,https://www.google.com/maps/place/?q=place_id:ChIJqYH1H5YBjj4RfRaskPduIrE,https://www.google.com/maps/place/?q=place_id:ChIJqYH1H5YBjj4RfRaskPduIrE,+968 7848 3055,https://www.google.com/maps/place/?q=place_id:ChIJqYH1H5YBjj4RfRaskPduIrE,https://www.google.com/s2/favicons?domain=www.google.com&sz=128,,,,,,,,,,,,,4.60,,,,,,10,Google,,2025-10-04,,,,,,
ChIJCxgUEqf9jT4R6KJLL29drSc,sale-car-accessories-sale-of-battery,SALE CAR ACCESSORIES SALE OF BATTERY ÿ®Ÿäÿπ ÿßŸÉÿ≥ÿ≥Ÿàÿßÿ±ÿßÿ™ ÿßŸÑÿ≥Ÿäÿßÿ±ÿßÿ™ ÿ®Ÿäÿπ ÿßŸÑÿ®ÿ∑ÿßÿ±Ÿäÿ©,Garages,,garage;car repair;mechanic,,"J67X+R6R, Seeb, Oman",Muscat,Oman,23.614616,58.248001,https://www.google.com/maps/place/?q=place_id:ChIJCxgUEqf9jT4R6KJLL29drSc,https://www.google.com/maps/place/?q=place_id:ChIJCxgUEqf9jT4R6KJLL29drSc,+968 9395 2650,https://www.google.com/maps/place/?q=place_id:ChIJCxgUEqf9jT4R6KJLL29drSc,https://www.google.com/s2/favicons?domain=www.google.com&sz=128,,,,,,,,,,,,,5.00,,,,,,1,Google,,2025-10-04,,,,,,
ChIJeyoOO9D3kT4RYSOfMi-VTuY,si-garage-mechanical-repair,SI Garage Mechanical Repair,Garages,,garage;car repair;mechanic,,"Sinaya streetÿå Muscat, Oman",Muscat,Oman,23.588998,58.562572,https://www.google.com/maps/place/?q=place_id:ChIJeyoOO9D3kT4RYSOfMi-VTuY,https://www.google.com/maps/place/?q=place_id:ChIJeyoOO9D3kT4RYSOfMi-VTuY,+968 7991 2124,https://www.google.com/maps/place/?q=place_id:ChIJeyoOO9D3kT4RYSOfMi-VTuY,https://www.google.com/s2/favicons?domain=www.google.com&sz=128,,,,,,,,,,,,,3.50,,,,,,2,Google,,2025-10-04,,,,,,
ChIJF60vKQDljT4RoD9sIcv2kU4,sony-car-system-and-repair-car-screen-amplifier,SONY Car System And Repair Car Screen Amplifier ŸÖÿ≠ŸÑ ÿπÿßŸÖÿ± ÿ≥ŸàŸÜŸä ÿ™ÿµŸÑŸäÿ≠ ÿ¥ÿßÿ¥Ÿá ŸÖÿ≥ÿ¨ŸÑ Ÿàÿ™ÿ±ŸÉŸäÿ® ÿ¥ÿßÿ¥Ÿá ÿ¨ÿØŸäÿØŸá ÿ¨ŸÖŸäÿπ ÿ£ŸÜŸàÿßÿπ ÿ≥Ÿäÿßÿ±ÿßÿ™,Garages,,garage;car repair;mechanic,,"M5F6+C8C, Al Sharadi St, Sib, Oman",Muscat,Oman,23.673551,58.160777,https://www.google.com/maps/place/?q=place_id:ChIJF60vKQDljT4RoD9sIcv2kU4,https://www.google.com/maps/place/?q=place_id:ChIJF60vKQDljT4RoD9sIcv2kU4,+968 9622 1021,https://www.google.com/maps/place/?q=place_id:ChIJF60vKQDljT4RoD9sIcv2kU4,https://www.google.com/s2/favicons?domain=www.google.com&sz=128,,,,,,,,,,,,,5.00,,,,,,1,Google,,2025-10-04,,,,,,
ChIJzQLsyQ7_kT4RN7swDd-7NhA,sale-of-battery-and-computer-checking,Sale of Battery and Computer checking,Garages,,garage;car repair;mechanic,,"Ghala Sultan Qaboos road, Muscat, Oman",Muscat,Oman,23.582108,58.377283,https://www.google.com/maps/place/?q=place_id:ChIJzQLsyQ7_kT4RN7swDd-7NhA,https://www.google.com/maps/place/?q=place_id:ChIJzQLsyQ7_kT4RN7swDd-7NhA,+968 7983 1085,https://www.google.com/maps/place/?q=place_id:ChIJzQLsyQ7_kT4RN7swDd-7NhA,https://www.google.com/s2/favicons?domain=www.google.com&sz=128,,,,,,,,,,,,,5.00,,,,,,22,Google,,2025-10-04,,,,,,
ChIJgZLxXgD_kT4RW8UKgHDH73M,saraya-mazoon-l-l-c,Saraya Mazoon L.L.C,Garages,,garage;car repair;mechanic,,"H9CH+CGP, Muscat, Oman",Muscat,Oman,23.571096,58.378821,https://www.google.com/maps/place/?q=place_id:ChIJgZLxXgD_kT4RW8UKgHDH73M,https://www.google.com/maps/place/?q=place_id:ChIJgZLxXgD_kT4RW8UKgHDH73M,+968 9251 1063,https://www.google.com/maps/place/?q=place_id:ChIJgZLxXgD_kT4RW8UKgHDH73M,https://www.google.com/s2/favicons?domain=www.google.com&sz=128,,,,,,,,,,,,,5.00,,,,,,2,Google,,2025-10-04,,,,,,
ChIJ42lKf9f_kT4R2JXoNJCXolw,sea-shell-trading,Sea Shell trading,Garages,,garage;car repair;mechanic,,"ÿ¥ÿßÿ±ÿπ, Muscat, Oman",Muscat,Oman,23.590944,58.458701,https://www.google.com/maps/place/?q=place_id:ChIJ42lKf9f_kT4R2JXoNJCXolw,https://www.google.com/maps/place/?q=place_id:ChIJ42lKf9f_kT4R2JXoNJCXolw,+968 9980 8892,https://www.google.com/maps/place/?q=place_id:ChIJ42lKf9f_kT4R2JXoNJCXolw,https://www.google.com/s2/favicons?domain=www.google.com&sz=128,,,,,,,,,,,,,4.00,,,,,,6,Google,,2025-10-04,,,,,,
ChIJp-K7u1j3kT4RouEVf-fJte0,shama-trading-repair-polishing-painting-of-vehicles,"Shama Trading - repair, polishing & painting of vehicles",Garages,,garage;car repair;mechanic,,"HHV8+2FQ, Al Husaiah St, Muscat, Oman",Muscat,Oman,23.592592,58.566240,https://www.google.com/maps/place/?q=place_id:ChIJp-K7u1j3kT4RouEVf-fJte0,https://www.google.com/maps/place/?q=place_id:ChIJp-K7u1j3kT4RouEVf-fJte0,,https://www.google.com/maps/place/?q=place_id:ChIJp-K7u1j3kT4RouEVf-fJte0,https://www.google.com/s2/favicons?domain=www.google.com&sz=128,,,,,,,,,,,,,3.70,,,,,,3,Google,,2025-10-04,,,,,,
ChIJF8l-HLz3kT4R2ZTq1Fw_TGM,sital-united-garage,Sital United Garage,Garages,,garage;car repair;mechanic,,"Building No 3680 Way No 4441 Wadi Kabir Industrial Area, ŸÖÿ≥ŸÇÿ∑ 117, Oman",Muscat,Oman,23.591842,58.569379,https://www.google.com/maps/place/?q=place_id:ChIJF8l-HLz3kT4R2ZTq1Fw_TGM,https://sitalgarage.com/,+968 9919 4002,https://sitalgarage.com/,https://www.google.com/s2/favicons?domain=sitalgarage.com&sz=128,,,,,,,,,,,,,4.70,,,,,,101,Google,,2025-10-04,,,,,,
ChIJjTJWRPr9jT4Rv3KQ0T_f3mM,speedometer-car-inspector,Speedometer Car inspector,Garages,,garage;car repair;mechanic,,"2511 Way, Muscat, Oman",Muscat,Oman,23.629379,58.232822,https://www.google.com/maps/place/?q=place_id:ChIJjTJWRPr9jT4Rv3KQ0T_f3mM,https://www.google.com/maps/place/?q=place_id:ChIJjTJWRPr9jT4Rv3KQ0T_f3mM,+968 7988 2698,https://www.google.com/maps/place/?q=place_id:ChIJjTJWRPr9jT4Rv3KQ0T_f3mM,https://www.google.com/s2/favicons?domain=www.google.com&sz=128,,,,,,,,,,,,,3.30,,,,,,4,Google,,2025-10-04,,,,,,
ChIJ3Y5lIZ7_kT4RlDGGgHyv-5U,sulaiman-motor-vehicle-repair,Sulaiman Motor Vehicle Repair ÿ•ÿµŸÑÿßÿ≠ ŸÉŸáÿ±ÿ®ÿßÿ° ÿßŸÑÿ≥Ÿäÿßÿ±ÿßÿ™,Garages,,garage;car repair;mechanic,,"Muscat, Oman",Muscat,Oman,23.585812,58.405187,https://www.google.com/maps/place/?q=place_id:ChIJ3Y5lIZ7_kT4RlDGGgHyv-5U,https://www.google.com/maps/place/?q=place_id:ChIJ3Y5lIZ7_kT4RlDGGgHyv-5U,+968 9902 1268,https://www.google.com/maps/place/?q=place_id:ChIJ3Y5lIZ7_kT4RlDGGgHyv-5U,https://www.google.com/s2/favicons?domain=www.google.com&sz=128,,,,,,,,,,,,,3.90,,,,,,14,Google,,2025-10-04,,,,,,
ChIJ_5HfJ9D_kT4Rv_ByCjIDoWA,ten-star-trading,TEN STAR TRADING,Garages,,garage;car repair;mechanic,,"MQ Al Maha petrol station, Muscat 131, Oman",Muscat,Oman,23.591156,58.458682,https://www.google.com/maps/place/?q=place_id:ChIJ_5HfJ9D_kT4Rv_ByCjIDoWA,https://www.google.com/maps/place/?q=place_id:ChIJ_5HfJ9D_kT4Rv_ByCjIDoWA,+968 7932 8056,https://www.google.com/maps/place/?q=place_id:ChIJ_5HfJ9D_kT4Rv_ByCjIDoWA,https://www.google.com/s2/favicons?domain=www.google.com&sz=128,,,,,,,,,,,,,5.00,,,,,,2,Google,,2025-10-04,,,,,,
ChIJZ_DoBDn_kT4R3MqOyzD-EDE,three-brothers-auto-electrician-service-center-mechanic-a-c-repairing-computer-checking-and-programming,"Three brothers auto electrician , service center , mechanic , a/c repairing , computer checking and programming",Garages,,garage;car repair;mechanic,,"Gala, ŸÖÿ≥ŸÇÿ∑ 133, Oman",Muscat,Oman,23.572783,58.380432,https://www.google.com/maps/place/?q=place_id:ChIJZ_DoBDn_kT4R3MqOyzD-EDE,https://www.google.com/maps/place/?q=place_id:ChIJZ_DoBDn_kT4R3MqOyzD-EDE,+968 9602 5030,https://www.google.com/maps/place/?q=place_id:ChIJZ_DoBDn_kT4R3MqOyzD-EDE,https://www.google.com/s2/favicons?domain=www.google.com&sz=128,,,,,,,,,,,,,4.20,,,,,,25,Google,,2025-10-04,,,,,,
ChIJb31O2-7_kT4RZ85eVMVlm3A,track-autocare,Track Autocare,Garages,,garage;car repair;mechanic,,"Muscat, Oman",Muscat,Oman,23.598424,58.386641,https://www.google.com/maps/place/?q=place_id:ChIJb31O2-7_kT4RZ85eVMVlm3A,https://www.google.com/maps/place/?q=place_id:ChIJb31O2-7_kT4RZ85eVMVlm3A,+968 24 499914,https://www.google.com/maps/place/?q=place_id:ChIJb31O2-7_kT4RZ85eVMVlm3A,https://www.google.com/s2/favicons?domain=www.google.com&sz=128,,,,,,,,,,,,,3.60,,,,,,23,Google,,2025-10-04,,,,,,
ChIJI_6rter_kT4Rd7R8LHpb2MA,troubleshoot-car-electrician,TroubleShoot car electrician ŸÉŸáÿ±ÿ®ÿßÿ¶Ÿä ÿ≥Ÿäÿßÿ±ÿßÿ™ ÿ£ŸÑŸÖÿßŸÜŸäÿ©,Garages,,garage;car repair;mechanic,,"Al Maha St, Muscat 113, Oman",Muscat,Oman,23.584353,58.432548,https://www.google.com/maps/place/?q=place_id:ChIJI_6rter_kT4Rd7R8LHpb2MA,https://www.google.com/maps/place/?q=place_id:ChIJI_6rter_kT4Rd7R8LHpb2MA,+968 9640 1406,https://www.google.com/maps/place/?q=place_id:ChIJI_6rter_kT4Rd7R8LHpb2MA,https://www.google.com/s2/favicons?domain=www.google.com&sz=128,,,,,,,,,,,,,4.40,,,,,,17,Google,,2025-10-04,,,,,,
ChIJKZeVcwD3kT4RjNy6I13yscc,tyre-shop-and-machanical-repair,Tyre Shop and Machanical repair,Garages,,garage;car repair;mechanic,,"HHP4+CF3ÿå Ar Rabi' Bin Habib St.ÿå Muscat 114, Oman",Muscat,Oman,23.586001,58.556162,https://www.google.com/maps/place/?q=place_id:ChIJKZeVcwD3kT4RjNy6I13yscc,https://www.google.com/maps/place/?q=place_id:ChIJKZeVcwD3kT4RjNy6I13yscc,,https://www.google.com/maps/place/?q=place_id:ChIJKZeVcwD3kT4RjNy6I13yscc,https://www.google.com/s2/favicons?domain=www.google.com&sz=128,,,,,,,,,,,,,3.00,,,,,,1,Google,,2025-10-04,,,,,,
ChIJiYL0PZX_kT4R3HXo2KoWhyQ,vulcan-motorsports-oman,Vulcan Motorsports Oman ŸÅŸàŸÑŸÉÿßŸÜ ŸÑÿ±Ÿäÿßÿ∂ÿ© ÿßŸÑÿ≥Ÿäÿßÿ±ÿßÿ™,Garages,,garage;car repair;mechanic,,"H9J9+C9W Muscat Ghala, ŸÖÿ≥ŸÇÿ∑ 130, Oman",Muscat,Oman,23.581063,58.368437,https://www.google.com/maps/place/?q=place_id:ChIJiYL0PZX_kT4R3HXo2KoWhyQ,https://www.google.com/maps/place/?q=place_id:ChIJiYL0PZX_kT4R3HXo2KoWhyQ,+968 9907 6060,https://www.google.com/maps/place/?q=place_id:ChIJiYL0PZX_kT4R3HXo2KoWhyQ,https://www.google.com/s2/favicons?domain=www.google.com&sz=128,,,,,,,,,,,,,4.00,,,,,,3,Google,,2025-10-04,,,,,,
ChIJsYsd32z3kT4RacF4_xQh7vU,wareed-trading,Wareed Trading Ÿàÿ±ŸäÿØ ŸÑŸÑÿ™ÿ¨ÿßÿ±ÿ© - Ÿàÿ±ÿ¥ÿ© ÿßÿµŸÑÿßÿ≠ Ÿà ÿØŸáÿßŸÜ ŸÖÿ±ŸÉÿ®ÿßÿ™,Garages,,garage;car repair;mechanic,,"4611 Way, Muscat, Oman",Muscat,Oman,23.592381,58.564917,https://www.google.com/maps/place/?q=place_id:ChIJsYsd32z3kT4RacF4_xQh7vU,https://www.google.com/maps/place/?q=place_id:ChIJsYsd32z3kT4RacF4_xQh7vU,+968 9942 3342,https://www.google.com/maps/place/?q=place_id:ChIJsYsd32z3kT4RacF4_xQh7vU,https://www.google.com/s2/favicons?domain=www.google.com&sz=128,,,,,,,,,,,,,5.00,,,,,,1,Google,,2025-10-04,,,,,,
ChIJ-_nm7AH3kT4RlOQvZDSc06g,zahrat-al-farat-car-repairs,ZAHRAT AL FARAT CAR REPAIRS,Garages,,garage;car repair;mechanic,,"HHQ6+QJC, Al Sena Eyah St, Muscat, Oman",Muscat,Oman,23.589444,58.561517,https://www.google.com/maps/place/?q=place_id:ChIJ-_nm7AH3kT4RlOQvZDSc06g,https://www.google.com/maps/place/?q=place_id:ChIJ-_nm7AH3kT4RlOQvZDSc06g,+968 9469 4922,https://www.google.com/maps/place/?q=place_id:ChIJ-_nm7AH3kT4RlOQvZDSc06g,https://www.google.com/s2/favicons?domain=www.google.com&sz=128,,,,,,,,,,,,,2.50,,,,,,2,Google,,2025-10-04,,,,,,
ChIJRUenWAD3kT4R0bU5VMiEqK8,auto-car-repair-complete-solution,auto car repair complete solution,Garages,,garage;car repair;mechanic,,"HHR8+V3F, 4611 Way, Muscat, Oman",Muscat,Oman,23.592177,58.565243,https://www.google.com/maps/place/?q=place_id:ChIJRUenWAD3kT4R0bU5VMiEqK8,https://www.google.com/maps/place/?q=place_id:ChIJRUenWAD3kT4R0bU5VMiEqK8,+968 9315 1829,https://www.google.com/maps/place/?q=place_id:ChIJRUenWAD3kT4R0bU5VMiEqK8,https://www.google.com/s2/favicons?domain=www.google.com&sz=128,,,,,,,,,,,,,,,,,,,,,,2025-10-04,,,,,,
ChIJ3fOkYPv7jT4RrtemwCAv2j0,rs-auto-care,rs auto care,Garages,,garage;car repair;mechanic,,"Seeb 909, Oman",Muscat,Oman,23.659132,58.205876,https://www.google.com/maps/place/?q=place_id:ChIJ3fOkYPv7jT4RrtemwCAv2j0,https://www.google.com/maps/place/?q=place_id:ChIJ3fOkYPv7jT4RrtemwCAv2j0,+968 9545 0999,https://www.google.com/maps/place/?q=place_id:ChIJ3fOkYPv7jT4RrtemwCAv2j0,https://www.google.com/s2/favicons?domain=www.google.com&sz=128,,,,,,,,,,,,,4.60,,,,,,14,Google,,2025-10-04,,,,,,
ChIJhzbJYjzlkT4RUsmR-jsMjGk,repair-cars-break,ÿ•ÿµŸÑÿßÿ≠ ŸÖÿ≠ÿßŸàÿ± Ÿà ŸÅÿ±ÿßŸÖŸÑ Ÿà ŸÖ€åÿ≤ÿßŸÜ Ÿà ⁄©Ÿáÿ±ÿ®ÿßÿ¶Ÿä ÿßŸÑÿ≥€åÿßÿ±ÿßÿ™ repair cars break,Garages,,garage;car repair;mechanic,,"Al Amarat, Oman",Muscat,Oman,23.442963,58.510750,https://www.google.com/maps/place/?q=place_id:ChIJhzbJYjzlkT4RUsmR-jsMjGk,https://www.google.com/maps/place/?q=place_id:ChIJhzbJYjzlkT4RUsmR-jsMjGk,+968 9537 6747,https://www.google.com/maps/place/?q=place_id:ChIJhzbJYjzlkT4RUsmR-jsMjGk,https://www.google.com/s2/favicons?domain=www.google.com&sz=128,,,,,,,,,,,,,4.60,,,,,,5,Google,,2025-10-04,,,,,,
ChIJyVVtidgBjj4Rxs_CFrZPs1Y,,ÿ•ÿµŸÑÿßÿ≠ ŸàŸÖŸÉÿßŸÜŸäŸÉ ŸàŸÉŸáÿ±ÿ®ÿßÿ° ÿßŸÑÿ≥Ÿäÿßÿ±ÿßÿ™.,Garages,,garage;car repair;mechanic,,"H9H9+FQ3, Muscat, Oman",Muscat,Oman,23.578631,58.369520,https://www.google.com/maps/place/?q=place_id:ChIJyVVtidgBjj4Rxs_CFrZPs1Y,https://www.google.com/maps/place/?q=place_id:ChIJyVVtidgBjj4Rxs_CFrZPs1Y,+968 9286 2098,https://www.google.com/maps/place/?q=place_id:ChIJyVVtidgBjj4Rxs_CFrZPs1Y,https://www.google.com/s2/favicons?domain=www.google.com&sz=128,,,,,,,,,,,,,4.40,,,,,,9,Google,,2025-10-04,,,,,,
ChIJ9SUrbgD3kT4R_ZQNmeEYCjU,,ÿßÿ®ŸÜ ÿ≥ŸäŸÅ ÿßŸÑÿ¥ÿßŸÖŸä ŸÑÿ•ÿµŸÑÿßÿ≠ ŸÉŸáÿ±ÿ®ÿßÿ° ÿßŸÑŸÖÿ±ŸÉÿ®ÿßÿ™ Ÿàÿ¥ÿ≠ŸÜ ÿßŸÑÿ®ÿ∑ÿßÿ±Ÿäÿßÿ™,Garages,,garage;car repair;mechanic,,"HHFG+X83, Muscat, Oman",Muscat,Oman,23.574887,58.575810,https://www.google.com/maps/place/?q=place_id:ChIJ9SUrbgD3kT4R_ZQNmeEYCjU,https://www.google.com/maps/place/?q=place_id:ChIJ9SUrbgD3kT4R_ZQNmeEYCjU,+968 9705 1869,https://www.google.com/maps/place/?q=place_id:ChIJ9SUrbgD3kT4R_ZQNmeEYCjU,https://www.google.com/s2/favicons?domain=www.google.com&sz=128,,,,,,,,,,,,,,,,,,,,,,2025-10-04,,,,,,
ChIJEXUgEwD9jT4RbBXhiY_kGWM,union-tyres,ÿßÿ™ÿ≠ÿßÿØ ŸÑŸÑÿßÿ∑ÿßÿ±ÿßÿ™ UNION TYRES,Garages,,garage;car repair;mechanic,,"Seeb, Oman",Muscat,Oman,23.595932,58.249347,https://www.google.com/maps/place/?q=place_id:ChIJEXUgEwD9jT4RbBXhiY_kGWM,https://www.google.com/maps/place/?q=place_id:ChIJEXUgEwD9jT4RbBXhiY_kGWM,+968 9331 2654,https://www.google.com/maps/place/?q=place_id:ChIJEXUgEwD9jT4RbBXhiY_kGWM,https://www.google.com/s2/favicons?domain=www.google.com&sz=128,,,,,,,,,,,,,3.90,,,,,,16,Google,,2025-10-04,,,,,,
ChIJS-9mpvf_kT4RwcSGNo7PviY,all-car-battery-auto-electrician-and-accessories-wasim-abbas,"ÿßÿµŸÑÿßÿ≠ ÿ≥€åÿßÿ±ÿßÿ™ All Car Battery, Auto Electrician and Accessories (Wasim Abbas)",Garages,,garage;car repair;mechanic,,"near Al Khalili, Al Ghubrah St, Muscat, Oman",Muscat,Oman,23.585818,58.405249,https://www.google.com/maps/place/?q=place_id:ChIJS-9mpvf_kT4RwcSGNo7PviY,https://www.google.com/maps/place/?q=place_id:ChIJS-9mpvf_kT4RwcSGNo7PviY,+968 7195 3055,https://www.google.com/maps/place/?q=place_id:ChIJS-9mpvf_kT4RwcSGNo7PviY,https://www.google.com/s2/favicons?domain=www.google.com&sz=128,,,,,,,,,,,,,,,,,,,,,,2025-10-04,,,,,,
ChIJ91pDP6n3kT4Rx0US0jlfwT4,,ÿßŸÑÿ≥ÿßÿ≠ÿ© ÿßŸÑÿ®Ÿäÿ∂ÿßÿ°,Garages,,garage;car repair;mechanic,,"HHQ6+FVJ, Muscat, Oman",Muscat,Oman,23.588780,58.562409,https://www.google.com/maps/place/?q=place_id:ChIJ91pDP6n3kT4Rx0US0jlfwT4,https://www.google.com/maps/place/?q=place_id:ChIJ91pDP6n3kT4Rx0US0jlfwT4,,https://www.google.com/maps/place/?q=place_id:ChIJ91pDP6n3kT4Rx0US0jlfwT4,https://www.google.com/s2/favicons?domain=www.google.com&sz=128,,,,,,,,,,,,,3.00,,,,,,2,Google,,2025-10-04,,,,,,
ChIJeyAXUBX3kT4RdGaKYTV8WVQ,,ÿßŸÑÿπÿ±ÿßŸÇŸä ŸÑÿÆÿØŸÖÿßÿ™ ÿßŸÑÿ≥Ÿäÿßÿ±ÿßÿ™.,Garages,,garage;car repair;mechanic,,"ŸÖŸÇÿßÿ®ŸÑ ŸÖÿ≠ÿ∑Ÿá ÿßŸÑŸÖŸáÿßÿå ÿ¥ÿßÿ±ÿπ ÿ≥ŸàŸÇ ÿßŸÑÿ¨ŸÖÿπÿ©ÿå Muscat, Oman",Muscat,Oman,23.582740,58.558278,https://www.google.com/maps/place/?q=place_id:ChIJeyAXUBX3kT4RdGaKYTV8WVQ,https://www.google.com/maps/place/?q=place_id:ChIJeyAXUBX3kT4RdGaKYTV8WVQ,,https://www.google.com/maps/place/?q=place_id:ChIJeyAXUBX3kT4RdGaKYTV8WVQ,https://www.google.com/s2/favicons?domain=www.google.com&sz=128,,,,,,,,,,,,,3.60,,,,,,13,Google,,2025-10-04,,,,,,
ChIJveHZrbHNjz4R1gaRgo5PJXw,,ÿßŸÑŸÖÿ™ŸÖŸäÿ≤ ŸÑÿ•ÿµŸÑÿßÿ≠ ŸàŸÅÿ≠ÿµ Ÿàÿ®ÿ±ŸÖÿ¨ÿ© ÿßŸÑÿ≥Ÿäÿßÿ±ÿßÿ™,Garages,,garage;car repair;mechanic,,"Al Koudh, ŸÖÿ≥ŸÇÿ∑ÿå Oman",Muscat,Oman,23.623460,58.197190,https://www.google.com/maps/place/?q=place_id:ChIJveHZrbHNjz4R1gaRgo5PJXw,https://www.google.com/maps/place/?q=place_id:ChIJveHZrbHNjz4R1gaRgo5PJXw,+968 9855 8394,https://www.google.com/maps/place/?q=place_id:ChIJveHZrbHNjz4R1gaRgo5PJXw,https://www.google.com/s2/favicons?domain=www.google.com&sz=128,,,,,,,,,,,,,4.10,,,,,,56,Google,,2025-10-04,,,,,,
ChIJ06BsYr3_kT4RGNFbnIEmikY,,ÿßŸÑŸÖÿ≠ÿ™ÿ±ŸÅ ŸÑÿÆÿØŸÖÿßÿ™ ÿßŸÑÿ≥Ÿäÿßÿ±ÿßÿ™ ÿßŸÑÿ®Ÿàÿ¥ÿ±,Garages,,garage;car repair;mechanic,,"H92X+79J, Muscat, Oman",Muscat,Oman,23.550710,58.398400,https://www.google.com/maps/place/?q=place_id:ChIJ06BsYr3_kT4RGNFbnIEmikY,https://www.google.com/maps/place/?q=place_id:ChIJ06BsYr3_kT4RGNFbnIEmikY,+968 7104 9000,https://www.google.com/maps/place/?q=place_id:ChIJ06BsYr3_kT4RGNFbnIEmikY,https://www.google.com/s2/favicons?domain=www.google.com&sz=128,,,,,,,,,,,,,3.80,,,,,,8,Google,,2025-10-04,,,,,,
ChIJU9eTYgD3kT4R6HNIKAPTOG0,al-maloum,ÿßŸÑŸÖÿπŸÑŸàŸÖ ŸÑÿ™ÿµŸÑŸäÿ≠ ÿßŸÑÿ≥Ÿäÿßÿ±ÿßÿ™ Ÿà ÿ®Ÿäÿπ ŸÇÿ∑ÿπ ÿßŸÑÿ∫Ÿäÿßÿ± ÿßŸÑŸÖÿ≥ÿ™ÿπŸÖŸÑÿ© al maloum,Garages,,garage;car repair;mechanic,,"HHV5+HVX, 4414 Way, Muscat, Oman",Muscat,Oman,23.594071,58.559662,https://www.google.com/maps/place/?q=place_id:ChIJU9eTYgD3kT4R6HNIKAPTOG0,https://www.google.com/maps/place/?q=place_id:ChIJU9eTYgD3kT4R6HNIKAPTOG0,+968 9253 5717,https://www.google.com/maps/place/?q=place_id:ChIJU9eTYgD3kT4R6HNIKAPTOG0,https://www.google.com/s2/favicons?domain=www.google.com&sz=128,,,,,,,,,,,,,,,,,,,,,,2025-10-04,,,,,,
ChIJj85ijIf3kT4RsTkN9-I9rP0,almumayaz,ÿßŸÑŸÖŸÖŸäÿ≤ ŸÑ ÿ≥ŸÖŸÉÿ±ÿ© Ÿàÿµÿ®ÿ∫ ÿßŸÑÿ≥Ÿäÿßÿ±ÿßÿ™ Almumayaz,Garages,,garage;car repair;mechanic,,"4414 shop no 1343, Muscat 111, Oman",Muscat,Oman,23.594938,58.559667,https://www.google.com/maps/place/?q=place_id:ChIJj85ijIf3kT4RsTkN9-I9rP0,https://www.google.com/maps/place/?q=place_id:ChIJj85ijIf3kT4RsTkN9-I9rP0,+968 7956 0039,https://www.google.com/maps/place/?q=place_id:ChIJj85ijIf3kT4RsTkN9-I9rP0,https://www.google.com/s2/favicons?domain=www.google.com&sz=128,,,,,,,,,,,,,5.00,,,,,,2,Google,,2025-10-04,,,,,,
ChIJmW7yt_H5kT4Re2ZhT2droBA,bin-rashid-car-maintenance-center,ÿ®ŸÜ ÿ±ÿßÿ¥ÿØ ŸÑÿµŸäÿßŸÜÿ© ÿßŸÑÿ≥Ÿäÿßÿ±ÿßÿ™ | Bin Rashid car maintenance center,Garages,,garage;car repair;mechanic,,"Muscat, Seeb 112, Oman",Muscat,Oman,23.653575,58.184220,https://www.google.com/maps/place/?q=place_id:ChIJmW7yt_H5kT4Re2ZhT2droBA,https://www.google.com/maps/place/?q=place_id:ChIJmW7yt_H5kT4Re2ZhT2droBA,+968 7718 8726,https://www.google.com/maps/place/?q=place_id:ChIJmW7yt_H5kT4Re2ZhT2droBA,https://www.google.com/s2/favicons?domain=www.google.com&sz=128,,,,,,,,,,,,,,,,,,,,,,2025-10-04,,,,,,
ChIJNUOXCAD_kT4RRPbc3dzQ_NA,,ÿ™ŸÜÿ∏ŸäŸÅ ÿßŸÜÿ¨ŸÉÿ™ÿ±ÿßÿ™,Garages,,garage;car repair;mechanic,,"H9FF+M9, Muscat, Oman",Muscat,Oman,23.574252,58.373408,https://www.google.com/maps/place/?q=place_id:ChIJNUOXCAD_kT4RRPbc3dzQ_NA,https://www.google.com/maps/place/?q=place_id:ChIJNUOXCAD_kT4RRPbc3dzQ_NA,+968 9592 9138,https://www.google.com/maps/place/?q=place_id:ChIJNUOXCAD_kT4RRPbc3dzQ_NA,https://www.google.com/s2/favicons?domain=www.google.com&sz=128,,,,,,,,,,,,,,,,,,,,,,2025-10-04,,,,,,
ChIJayjwbQD9jT4R4r6PU7-eAuM,,ÿπŸÑŸä ÿßŸÑÿµŸäÿßÿØ ŸÑŸÑÿ®ÿ∑ÿßÿ±Ÿäÿßÿ™,Garages,,garage;car repair;mechanic,,"Shell Petrol Station, 1 Service Road, Sib, Oman",Muscat,Oman,23.640772,58.223417,https://www.google.com/maps/place/?q=place_id:ChIJayjwbQD9jT4R4r6PU7-eAuM,https://www.google.com/maps/place/?q=place_id:ChIJayjwbQD9jT4R4r6PU7-eAuM,+968 9197 2360,https://www.google.com/maps/place/?q=place_id:ChIJayjwbQD9jT4R4r6PU7-eAuM,https://www.google.com/s2/favicons?domain=www.google.com&sz=128,,,,,,,,,,,,,,,,,,,,,,2025-10-04,,,,,,
ChIJex1SaxD_kT4Ri6_QcVGEijw,,ŸÉŸáÿ±ÿ®ÿßÿ¶Ÿä ÿ≥Ÿäÿßÿ±ÿßÿ™ ŸàŸÖŸäŸÉÿßŸÜŸäŸÉŸä ŸàŸÅÿ≠ÿµ ÿßŸÑŸÉŸÖÿ®ŸäŸàÿ™ÿ± Ÿàÿ™ÿµŸÑŸäÿ≠ ÿßŸÑŸÖŸÉŸäŸÅÿßÿ™ ÿ¥ÿ±ŸÉÿ© ÿ™ÿ≠ŸÅÿ© ŸÑŸàŸâ,Garages,,garage;car repair;mechanic,,"Muscat, Oman",Muscat,Oman,23.583804,58.400657,https://www.google.com/maps/place/?q=place_id:ChIJex1SaxD_kT4Ri6_QcVGEijw,https://www.google.com/maps/place/?q=place_id:ChIJex1SaxD_kT4Ri6_QcVGEijw,+968 9213 4548,https://www.google.com/maps/place/?q=place_id:ChIJex1SaxD_kT4Ri6_QcVGEijw,https://www.google.com/s2/favicons?domain=www.google.com&sz=128,,,,,,,,,,,,,3.80,,,,,,44,Google,,2025-10-04,,,,,,
ChIJUSd8Yj7_kT4Rsgg7xJTPwoo,,ŸÖÿ≠ÿßÿ± ÿßŸÑÿ®ÿ≠ÿ±. ŸÉŸáÿ±ÿ®ÿßÿ¶Ÿä ÿ≥Ÿäÿßÿ±ÿßÿ™ ŸàÿßÿµŸÑÿßÿ≠ ŸÖŸÉŸäŸÅÿßÿ™ ÿßŸÑÿ≥Ÿäÿßÿ±ÿßÿ™,Garages,,garage;car repair;mechanic,,"HFR5+9F9, Madinat As Sultan Qaboos Rd, Muscat, Oman",Muscat,Oman,23.590911,58.458726,https://www.google.com/maps/place/?q=place_id:ChIJUSd8Yj7_kT4Rsgg7xJTPwoo,https://www.google.com/maps/place/?q=place_id:ChIJUSd8Yj7_kT4Rsgg7xJTPwoo,,https://www.google.com/maps/place/?q=place_id:ChIJUSd8Yj7_kT4Rsgg7xJTPwoo,https://www.google.com/s2/favicons?domain=www.google.com&sz=128,,,,,,,,,,,,,5.00,,,,,,1,Google,,2025-10-04,,,,,,
ChIJ7XeCJG3lkT4Rspz1juFTG_k,,ŸÖÿ±ŸÉÿ≤ ÿ¥ÿ±ÿßÿ± ŸÑÿµŸäÿßŸÜÿ© ÿßŸÑÿ≥Ÿäÿßÿ±ÿßÿ™,Garages,,garage;car repair;mechanic,,"41, Al Amarat 104, Oman",Muscat,Oman,23.437320,58.508414,https://www.google.com/maps/place/?q=place_id:ChIJ7XeCJG3lkT4Rspz1juFTG_k,https://www.google.com/maps/place/?q=place_id:ChIJ7XeCJG3lkT4Rspz1juFTG_k,+968 9076 0033,https://www.google.com/maps/place/?q=place_id:ChIJ7XeCJG3lkT4Rspz1juFTG_k,https://www.google.com/s2/favicons?domain=www.google.com&sz=128,,,,,,,,,,,,,4.00,,,,,,4,Google,,2025-10-04,,,,,,
ChIJPS43hPT_kT4RGqSZz4nxqBQ,,ŸÖÿ¥ÿßÿ±Ÿäÿπ ÿßŸÑÿ™ÿπÿßŸàŸÜ ÿßŸÑÿ≠ÿØŸäÿ™ÿ© ŸÑŸÑŸÉŸáÿ±ÿ®ÿßÿ° ÿßŸÑÿ≥Ÿäÿßÿ±ÿßÿ™,Garages,,garage;car repair;mechanic,,"Al Khalili Building, 1st floor, Al Khalili Buildingÿå, ÿ¥ÿßÿ±ÿπ ÿßŸÑÿ∫ÿ®ÿ±ÿ©ÿå ŸÖÿ≥ŸÇÿ∑ÿå Oman",Muscat,Oman,23.584480,58.404593,https://www.google.com/maps/place/?q=place_id:ChIJPS43hPT_kT4RGqSZz4nxqBQ,https://www.google.com/maps/place/?q=place_id:ChIJPS43hPT_kT4RGqSZz4nxqBQ,+968 9531 1616,https://www.google.com/maps/place/?q=place_id:ChIJPS43hPT_kT4RGqSZz4nxqBQ,https://www.google.com/s2/favicons?domain=www.google.com&sz=128,,,,,,,,,,,,,4.00,,,,,,22,Google,,2025-10-04,,,,,,
ChIJVcPxc4b9jT4RzffmSDs71gc,,ŸÖÿ¥ÿßÿ±Ÿäÿπ ÿßŸÑÿ≠Ÿàÿ≥ŸÜŸä ÿßŸÑÿßŸÖÿπŸá,Garages,,garage;car repair;mechanic,,"Hail Al Junubia St, ÿßŸÑÿ≠ŸäŸÑ 123, Oman",Muscat,Oman,23.624502,58.219534,https://www.google.com/maps/place/?q=place_id:ChIJVcPxc4b9jT4RzffmSDs71gc,https://www.google.com/maps/place/?q=place_id:ChIJVcPxc4b9jT4RzffmSDs71gc,+968 7156 1601,https://www.google.com/maps/place/?q=place_id:ChIJVcPxc4b9jT4RzffmSDs71gc,https://www.google.com/s2/favicons?domain=www.google.com&sz=128,,,,,,,,,,,,,4.50,,,,,,4,Google,,2025-10-04,,,,,,
ChIJT7v7RwD_kT4R8h1NNyhTS6A,,ŸÖÿµÿ∑ŸÅŸä ÿßŸÑÿ≥Ÿàÿ±Ÿä ŸÑŸÑÿ≥Ÿäÿßÿ±ÿßÿ™ (ÿ£ŸÑŸÖÿßŸÜŸäÿ© ŸàÿßŸÑÿ£Ÿàÿ±Ÿàÿ®Ÿäÿ©),Garages,,garage;car repair;mechanic,,"HCM2+G84, Souk Al Ghubrah St, Muscat, Oman",Muscat,Oman,23.583756,58.400820,https://www.google.com/maps/place/?q=place_id:ChIJT7v7RwD_kT4R8h1NNyhTS6A,https://www.google.com/maps/place/?q=place_id:ChIJT7v7RwD_kT4R8h1NNyhTS6A,+968 9596 9595,https://www.google.com/maps/place/?q=place_id:ChIJT7v7RwD_kT4R8h1NNyhTS6A,https://www.google.com/s2/favicons?domain=www.google.com&sz=128,,,,,,,,,,,,,5.00,,,,,,5,Google,,2025-10-04,,,,,,
ChIJlU7hMwD3kT4RtKJGzLdX25s,hormuz-car-service,Ÿáÿ±ŸÖÿ≤ ŸÑÿÆÿØŸÖÿßÿ™ ÿßŸÑÿ≥Ÿäÿßÿ±ÿßÿ™ | Hormuz car service,Garages,,garage;car repair;mechanic,,"HHQC+F5V, Al Husaiah St, Muscat, Oman",Muscat,Oman,23.588898,58.570221,https://www.google.com/maps/place/?q=place_id:ChIJlU7hMwD3kT4RtKJGzLdX25s,https://www.google.com/maps/place/?q=place_id:ChIJlU7hMwD3kT4RtKJGzLdX25s,+968 9666 5222,https://www.google.com/maps/place/?q=place_id:ChIJlU7hMwD3kT4RtKJGzLdX25s,https://www.google.com/s2/favicons?domain=www.google.com&sz=128,,,,,,,,,,,,,5.00,,,,,,3,Google,,2025-10-04,,,,,,
ChIJQxQOKwD9kT4RrpZfDtnKjdg,,Ÿàÿ≠ŸäÿØ ÿßŸÑÿ£ÿ∑ÿßÿ±ÿßÿ™,Garages,,garage;car repair;mechanic,,"GFH5+WV8, Al Amarat, Oman",Muscat,Oman,23.529798,58.459713,https://www.google.com/maps/place/?q=place_id:ChIJQxQOKwD9kT4RrpZfDtnKjdg,https://www.google.com/maps/place/?q=place_id:ChIJQxQOKwD9kT4RrpZfDtnKjdg,+968 9392 2720,https://www.google.com/maps/place/?q=place_id:ChIJQxQOKwD9kT4RrpZfDtnKjdg,https://www.google.com/s2/favicons?domain=www.google.com&sz=128,,,,,,,,,,,,,4.00,,,,,,3,Google,,2025-10-04,,,,,,
ChIJTQttN-v_kT4R8TwxPzH4sFA,,ŸäŸÜÿßÿ®Ÿäÿπ ŸÖÿ∑ÿ±ÿ≠ ŸÑŸÑÿ™ÿ¨ÿßÿ±ÿ©,Garages,,garage;car repair;mechanic,,"HCMM+R22ÿå ŸÖÿ≥ŸÇÿ∑ÿåÿå Muscat, Oman",Muscat,Oman,23.584539,58.432619,https://www.google.com/maps/place/?q=place_id:ChIJTQttN-v_kT4R8TwxPzH4sFA,https://www.google.com/maps/place/?q=place_id:ChIJTQttN-v_kT4R8TwxPzH4sFA,+968 9274 2069,https://www.google.com/maps/place/?q=place_id:ChIJTQttN-v_kT4R8TwxPzH4sFA,https://www.google.com/s2/favicons?domain=www.google.com&sz=128,,,,,,,,,,,,,4.80,,,,,,5,Google,,2025-10-04,,,,,,
