id,slug,name,category,tagline,tags,neighborhood,address,city,country,lat,lng,website,phone,maps_url,hours_raw,logo_url,hero_url,image_credit,image_source_url,place_id,osm_type,osm_id,wikidata_id,url,description,price_range,about_short,about_long,amenities,rating_overall,sub_service,sub_ambience,sub_value,sub_accessibility,review_count,review_source,review_insight,last_updated,star_rating,checkin_time,checkout_time,room_types,hotel_amenities,booking_url,distance_to_airport,breakfast_included,parking
ChIJxTIG8Ab3kT4RS3Dej55msII,the-chedi-muscat,The Chedi Muscat,Hotels,"Posh beachfront hotel featuring 8 restaurants & bars, plus free breakfast, 3 pools & tennis courts.",hotel;lodging,,"133 18th November St, Muscat, Oman",Muscat,Oman,23.602200,58.399051,http://www.ghmhotels.com/en/chedi-muscat-oman/home/,+968 24 524400,https://www.google.com/maps/place/?q=place_id:ChIJxTIG8Ab3kT4RS3Dej55msII,"{""open_now"": true, ""periods"": [{""close"": {""date"": ""2025-10-03"", ""day"": 5, ""time"": ""2359"", ""truncated"": true}, ""open"": {""date"": ""2025-09-27"", ""day"": 6, ""time"": ""0000"", ""truncated"": true}}], ""weekday_text"": [""Monday: Open 24 hours"", ""Tuesday: Open 24 hours"", ""Wednesday: Open 24 hours"", ""Thursday: Open 24 hours"", ""Friday: Open 24 hours"", ""Saturday: Open 24 hours"", ""Sunday: Open 24 hours""]}",,assets/hotels/the-chedi-muscat.jpg,Image © Google,https://www.google.com/maps/place/?q=place_id:ChIJxTIG8Ab3kT4RS3Dej55msII,ChIJxTIG8Ab3kT4RS3Dej55msII,,,,http://www.ghmhotels.com/en/chedi-muscat-oman/home/,"Posh beachfront hotel featuring 8 restaurants & bars, plus free breakfast, 3 pools & tennis courts.",,,,,4.60,,,,,3237,Google,,2025-09-27,,,,,,http://www.ghmhotels.com/en/chedi-muscat-oman/home/,,,
ChIJayFT4qIAjj4RxhyFXY38OmA,novotel-muscat-airport,Novotel Muscat Airport,Hotels,"Sophisticated hotel offering a sauna, 2 restaurants & 2 snack bars, plus a gym & a rooftop pool.",hotel;lodging,,"Al Maardih St, Sib 111, Oman",Muscat,Oman,23.585227,58.300493,https://all.accor.com/lien_externe.svlt?goto=fiche_hotel&code_hotel=B7A7&merchantid=seo-maps-OM-B7A7&sourceid=aw-cen&utm_medium=seo%20maps&utm_source=google%20Maps&utm_campaign=seo%20maps,+968 24 511800,https://www.google.com/maps/place/?q=place_id:ChIJayFT4qIAjj4RxhyFXY38OmA,,,assets/hotels/novotel-muscat-airport.jpg,Image © Google,https://www.google.com/maps/place/?q=place_id:ChIJayFT4qIAjj4RxhyFXY38OmA,ChIJayFT4qIAjj4RxhyFXY38OmA,,,,https://all.accor.com/lien_externe.svlt?goto=fiche_hotel&code_hotel=B7A7&merchantid=seo-maps-OM-B7A7&sourceid=aw-cen&utm_medium=seo%20maps&utm_source=google%20Maps&utm_campaign=seo%20maps,"Sophisticated hotel offering a sauna, 2 restaurants & 2 snack bars, plus a gym & a rooftop pool.",,,,,4.50,,,,,4305,Google,,2025-09-27,,,,,,https://all.accor.com/lien_externe.svlt?goto=fiche_hotel&code_hotel=B7A7&merchantid=seo-maps-OM-B7A7&sourceid=aw-cen&utm_medium=seo%20maps&utm_source=google%20Maps&utm_campaign=seo%20maps,,,
ChIJP-jOfwn_kT4RKeiGrbevJDQ,hilton-garden-inn-muscat-al-khuwair,Hilton Garden Inn Muscat Al Khuwair,Hotels,"Warm, contemporary rooms & suites in a chic hotel with a lounge & dining, plus gyms & rooftop pools.",hotel;lodging,,"Dauhat Al Adab St, Muscat 118, Oman",Muscat,Oman,23.594315,58.420612,https://www.hilton.com/en/hotels/mctakgi-hilton-garden-inn-muscat-al-khuwair/?SEO_id=GMB-EMEA-GI-MCTAKGI,+968 22 515555,https://www.google.com/maps/place/?q=place_id:ChIJP-jOfwn_kT4RKeiGrbevJDQ,,,assets/hotels/hilton-garden-inn-muscat-al-khuwair.jpg,Image © Google,https://www.google.com/maps/place/?q=place_id:ChIJP-jOfwn_kT4RKeiGrbevJDQ,ChIJP-jOfwn_kT4RKeiGrbevJDQ,,,,https://www.hilton.com/en/hotels/mctakgi-hilton-garden-inn-muscat-al-khuwair/?SEO_id=GMB-EMEA-GI-MCTAKGI,"Warm, contemporary rooms & suites in a chic hotel with a lounge & dining, plus gyms & rooftop pools.",,,,,4.40,,,,,2589,Google,,2025-09-27,,,,,,https://www.hilton.com/en/hotels/mctakgi-hilton-garden-inn-muscat-al-khuwair/?SEO_id=GMB-EMEA-GI-MCTAKGI,,,
ChIJgUYW6zrxkT4RIaJvt4wvA_Q,al-bustan-palace-a-ritz-carlton-hotel,"Al Bustan Palace, a Ritz-Carlton Hotel",Hotels,"Luxe hotel featuring 5 restaurants, 4 pools & a spa, plus direct access to a private beach.",hotel;lodging,,"Al Bustan St, Muscat 114, Oman",Muscat,Oman,23.567151,58.615507,https://www.ritzcarlton.com/en/hotels/mctrz-al-bustan-palace-a-ritz-carlton-hotel/overview/?scid=f2ae0541-1279-4f24-b197-a979c79310b0,+968 24 799666,https://www.google.com/maps/place/?q=place_id:ChIJgUYW6zrxkT4RIaJvt4wvA_Q,,,assets/hotels/al-bustan-palace-a-ritz-carlton-hotel.jpg,Image © Google,https://www.google.com/maps/place/?q=place_id:ChIJgUYW6zrxkT4RIaJvt4wvA_Q,ChIJgUYW6zrxkT4RIaJvt4wvA_Q,,,,https://www.ritzcarlton.com/en/hotels/mctrz-al-bustan-palace-a-ritz-carlton-hotel/overview/?scid=f2ae0541-1279-4f24-b197-a979c79310b0,"Luxe hotel featuring 5 restaurants, 4 pools & a spa, plus direct access to a private beach.",,,,,4.70,,,,,3691,Google,,2025-09-27,,,,,,https://www.ritzcarlton.com/en/hotels/mctrz-al-bustan-palace-a-ritz-carlton-hotel/overview/?scid=f2ae0541-1279-4f24-b197-a979c79310b0,,,
ChIJgY0d2J3_kT4RLvVSl3RVhTg,jw-marriott-hotel-muscat,JW Marriott Hotel Muscat,Hotels,"Chic quarters in a high-end hotel featuring indoor & outdoor pools, a spa & 2 restaurants.",hotel;lodging,,"Madinat Al Irfan, Airport Heights, مسقط 113, Oman",Muscat,Oman,23.569315,58.328246,https://www.marriott.com/en-us/hotels/mctmj-jw-marriott-hotel-muscat/overview/?scid=f2ae0541-1279-4f24-b197-a979c79310b0,+968 24 920000,https://www.google.com/maps/place/?q=place_id:ChIJgY0d2J3_kT4RLvVSl3RVhTg,,,assets/hotels/jw-marriott-hotel-muscat.jpg,Image © Google,https://www.google.com/maps/place/?q=place_id:ChIJgY0d2J3_kT4RLvVSl3RVhTg,ChIJgY0d2J3_kT4RLvVSl3RVhTg,,,,https://www.marriott.com/en-us/hotels/mctmj-jw-marriott-hotel-muscat/overview/?scid=f2ae0541-1279-4f24-b197-a979c79310b0,"Chic quarters in a high-end hotel featuring indoor & outdoor pools, a spa & 2 restaurants.",,,,,4.60,,,,,1246,Google,,2025-09-27,,,,,,https://www.marriott.com/en-us/hotels/mctmj-jw-marriott-hotel-muscat/overview/?scid=f2ae0541-1279-4f24-b197-a979c79310b0,,,
ChIJeZ3uMxj_jT4RRT8ajpMFAEU,the-st-regis-al-mouj-muscat-resort,The St. Regis Al Mouj Muscat Resort,Hotels,,hotel;lodging,,"Al Mouj, Muscat, Oman",Muscat,Oman,23.618581,58.285187,https://www.marriott.com/en-us/hotels/mctxr-the-st-regis-al-mouj-muscat-resort/overview/?scid=f2ae0541-1279-4f24-b197-a979c79310b0,+968 22 711111,https://www.google.com/maps/place/?q=place_id:ChIJeZ3uMxj_jT4RRT8ajpMFAEU,,,assets/hotels/the-st-regis-al-mouj-muscat-resort.jpg,Image © Google,https://www.google.com/maps/place/?q=place_id:ChIJeZ3uMxj_jT4RRT8ajpMFAEU,ChIJeZ3uMxj_jT4RRT8ajpMFAEU,,,,https://www.marriott.com/en-us/hotels/mctxr-the-st-regis-al-mouj-muscat-resort/overview/?scid=f2ae0541-1279-4f24-b197-a979c79310b0,,,,,,4.50,,,,,752,Google,,2025-09-27,,,,,,https://www.marriott.com/en-us/hotels/mctxr-the-st-regis-al-mouj-muscat-resort/overview/?scid=f2ae0541-1279-4f24-b197-a979c79310b0,,,
ChIJbRVtGaP4kT4R7xbwGYS7D1g,grand-hyatt-muscat,Grand Hyatt Muscat,Hotels,"Posh rooms & grand suites at a luxe, gulf-view hotel, plus dining, a roof-top grill & a pool.",hotel;lodging,,"Way no. 3032, As Saruj St, Muscat 133, Oman",Muscat,Oman,23.608076,58.444667,https://www.hyatt.com/grand-hyatt/en-US/musca-grand-hyatt-muscat?src=corp_lclb_google_seo_musca&utm_source=google&utm_medium=organic&utm_campaign=lmr,+968 24 641234,https://www.google.com/maps/place/?q=place_id:ChIJbRVtGaP4kT4R7xbwGYS7D1g,,,assets/hotels/grand-hyatt-muscat.jpg,Image © Google,https://www.google.com/maps/place/?q=place_id:ChIJbRVtGaP4kT4R7xbwGYS7D1g,ChIJbRVtGaP4kT4R7xbwGYS7D1g,,,,https://www.hyatt.com/grand-hyatt/en-US/musca-grand-hyatt-muscat?src=corp_lclb_google_seo_musca&utm_source=google&utm_medium=organic&utm_campaign=lmr,"Posh rooms & grand suites at a luxe, gulf-view hotel, plus dining, a roof-top grill & a pool.",,,,,4.40,,,,,4446,Google,,2025-09-27,,,,,,https://www.hyatt.com/grand-hyatt/en-US/musca-grand-hyatt-muscat?src=corp_lclb_google_seo_musca&utm_source=google&utm_medium=organic&utm_campaign=lmr,,,
ChIJ5cFsCrT4kT4RrgTEB502G-M,w-muscat,W Muscat,Hotels,"Chic, modern rooms & suites in an upscale hotel offering restaurants, a spa & an outdoor pool.",hotel;lodging,,"Al Qurum Bareeq Al Shatti, Al Kharjiya Street, Muscat 103, Oman",Muscat,Oman,23.617965,58.466208,https://www.marriott.com/en-us/hotels/mctwh-w-muscat/overview/?scid=f2ae0541-1279-4f24-b197-a979c79310b0,+968 22 120000,https://www.google.com/maps/place/?q=place_id:ChIJ5cFsCrT4kT4RrgTEB502G-M,,,assets/hotels/w-muscat.jpg,Image © Google,https://www.google.com/maps/place/?q=place_id:ChIJ5cFsCrT4kT4RrgTEB502G-M,ChIJ5cFsCrT4kT4RrgTEB502G-M,,,,https://www.marriott.com/en-us/hotels/mctwh-w-muscat/overview/?scid=f2ae0541-1279-4f24-b197-a979c79310b0,"Chic, modern rooms & suites in an upscale hotel offering restaurants, a spa & an outdoor pool.",,,,,4.60,,,,,3360,Google,,2025-09-27,,,,,,https://www.marriott.com/en-us/hotels/mctwh-w-muscat/overview/?scid=f2ae0541-1279-4f24-b197-a979c79310b0,,,
ChIJi5WTwTL8jT4R11x4VekEVlc,mysk-al-mouj,Mysk Al Mouj,Hotels,"Modern quarters, some with gulf views, in a stylish hotel offering a restaurant, a pool & a gym.",hotel;lodging,,"Al Mouj، 335 Street 6, Muscat, Oman",Muscat,Oman,23.629938,58.267155,https://myskhotels.com/en/our-hotels/mysk-al-mouj/,+968 24 274400,https://www.google.com/maps/place/?q=place_id:ChIJi5WTwTL8jT4R11x4VekEVlc,"{""open_now"": true, ""periods"": [{""close"": {""date"": ""2025-10-03"", ""day"": 5, ""time"": ""2359"", ""truncated"": true}, ""open"": {""date"": ""2025-09-27"", ""day"": 6, ""time"": ""0000"", ""truncated"": true}}], ""weekday_text"": [""Monday: Open 24 hours"", ""Tuesday: Open 24 hours"", ""Wednesday: Open 24 hours"", ""Thursday: Open 24 hours"", ""Friday: Open 24 hours"", ""Saturday: Open 24 hours"", ""Sunday: Open 24 hours""]}",,assets/hotels/mysk-al-mouj.jpg,Image © Google,https://www.google.com/maps/place/?q=place_id:ChIJi5WTwTL8jT4R11x4VekEVlc,ChIJi5WTwTL8jT4R11x4VekEVlc,,,,https://myskhotels.com/en/our-hotels/mysk-al-mouj/,"Modern quarters, some with gulf views, in a stylish hotel offering a restaurant, a pool & a gym.",,,,,4.60,,,,,4106,Google,,2025-09-27,,,,,,https://myskhotels.com/en/our-hotels/mysk-al-mouj/,,,
ChIJbePBy83zkT4RZJe1BOYjSD0,shangri-la-barr-al-jissah-muscat,"Shangri-La Barr Al Jissah, Muscat",Hotels,"Upscale quarters in a polished seafront hotel with 5 restaurants, a dive center & outdoor pools.",hotel;lodging,,"OM، Al Jissah St, Bandar Jissah 100, Oman",Muscat,Oman,23.550598,58.659512,http://www.shangri-la.com/,+968 24 776666,https://www.google.com/maps/place/?q=place_id:ChIJbePBy83zkT4RZJe1BOYjSD0,,,assets/hotels/shangri-la-barr-al-jissah-muscat.jpg,Image © Google,https://www.google.com/maps/place/?q=place_id:ChIJbePBy83zkT4RZJe1BOYjSD0,ChIJbePBy83zkT4RZJe1BOYjSD0,,,,http://www.shangri-la.com/,"Upscale quarters in a polished seafront hotel with 5 restaurants, a dive center & outdoor pools.",,,,,4.60,,,,,7344,Google,,2025-09-27,,,,,,http://www.shangri-la.com/,,,
ChIJ61iGebP4kT4RpGdtHCkzDtw,intercontinental-muscat-by-ihg,InterContinental Muscat by IHG,Hotels,"Elegant quarters in a luxe hotel featuring restaurants & bars, plus outdoor pools & beach access.",hotel;lodging,,"Al Kharjiya Street, شارع الشاطئ، Area 114, Oman",Muscat,Oman,23.615959,58.465053,https://www.ihg.com/intercontinental/hotels/gb/en/muscat/mscha/hoteldetail?cm_mmc=GoogleMaps-_-IC-_-OM-_-MSCHA,+968 24 680000,https://www.google.com/maps/place/?q=place_id:ChIJ61iGebP4kT4RpGdtHCkzDtw,,,assets/hotels/intercontinental-muscat-by-ihg.jpg,Image © Google,https://www.google.com/maps/place/?q=place_id:ChIJ61iGebP4kT4RpGdtHCkzDtw,ChIJ61iGebP4kT4RpGdtHCkzDtw,,,,https://www.ihg.com/intercontinental/hotels/gb/en/muscat/mscha/hoteldetail?cm_mmc=GoogleMaps-_-IC-_-OM-_-MSCHA,"Elegant quarters in a luxe hotel featuring restaurants & bars, plus outdoor pools & beach access.",,,,,4.60,,,,,8474,Google,,2025-09-27,,,,,,https://www.ihg.com/intercontinental/hotels/gb/en/muscat/mscha/hoteldetail?cm_mmc=GoogleMaps-_-IC-_-OM-_-MSCHA,,,
ChIJD54_vVgAjj4RPSYjdCWMbpU,crowne-plaza-muscat-ocec-by-ihg,Crowne Plaza Muscat OCEC by IHG,Hotels,"Bright rooms in a contemporary hotel featuring an infinity pool & dining, plus a spa & gulf views.",hotel;lodging,,"Madinat Al Irfan, Airport Heights, Muscat 113, Oman",Muscat,Oman,23.572228,58.326835,https://www.ihg.com/crowneplaza/hotels/gb/en/muscat/msccp/hoteldetail?cm_mmc=GoogleMaps-_-CP-_-OM-_-MSCCP,+968 24 252000,https://www.google.com/maps/place/?q=place_id:ChIJD54_vVgAjj4RPSYjdCWMbpU,,,assets/hotels/crowne-plaza-muscat-ocec-by-ihg.jpg,Image © Google,https://www.google.com/maps/place/?q=place_id:ChIJD54_vVgAjj4RPSYjdCWMbpU,ChIJD54_vVgAjj4RPSYjdCWMbpU,,,,https://www.ihg.com/crowneplaza/hotels/gb/en/muscat/msccp/hoteldetail?cm_mmc=GoogleMaps-_-CP-_-OM-_-MSCCP,"Bright rooms in a contemporary hotel featuring an infinity pool & dining, plus a spa & gulf views.",,,,,4.50,,,,,3667,Google,,2025-09-27,,,,,,https://www.ihg.com/crowneplaza/hotels/gb/en/muscat/msccp/hoteldetail?cm_mmc=GoogleMaps-_-CP-_-OM-_-MSCCP,,,
ChIJ042t8AX-jT4R-Mdbum89R6c,aerotel-muscat,Aerotel Muscat,Hotels,Streamlined rooms with complimentary Wi-Fi in a low-key hotel inside Muscat International Airport.,hotel;lodging,,"Level 5, Departures, Muscat International Airport Muscat OM، Muscat 111, Oman",Muscat,Oman,23.601209,58.288143,https://www.myaerotel.com/en-uk/find/middle-east/oman/muscat/aerotel-muscat?utm_source=google&utm_medium=organic&utm_campaign=mybusiness,+968 24 356555,https://www.google.com/maps/place/?q=place_id:ChIJ042t8AX-jT4R-Mdbum89R6c,"{""open_now"": true, ""periods"": [{""close"": {""date"": ""2025-10-03"", ""day"": 5, ""time"": ""2359"", ""truncated"": true}, ""open"": {""date"": ""2025-09-27"", ""day"": 6, ""time"": ""0000"", ""truncated"": true}}], ""weekday_text"": [""Monday: Open 24 hours"", ""Tuesday: Open 24 hours"", ""Wednesday: Open 24 hours"", ""Thursday: Open 24 hours"", ""Friday: Open 24 hours"", ""Saturday: Open 24 hours"", ""Sunday: Open 24 hours""]}",,assets/hotels/aerotel-muscat.jpg,Image © Google,https://www.google.com/maps/place/?q=place_id:ChIJ042t8AX-jT4R-Mdbum89R6c,ChIJ042t8AX-jT4R-Mdbum89R6c,,,,https://www.myaerotel.com/en-uk/find/middle-east/oman/muscat/aerotel-muscat?utm_source=google&utm_medium=organic&utm_campaign=mybusiness,Streamlined rooms with complimentary Wi-Fi in a low-key hotel inside Muscat International Airport.,,,,,4.10,,,,,782,Google,,2025-09-27,,,,,,https://www.myaerotel.com/en-uk/find/middle-east/oman/muscat/aerotel-muscat?utm_source=google&utm_medium=organic&utm_campaign=mybusiness,,,
ChIJkTg0lpz8jT4Ro5RCb_vcqyc,al-hail-waves-hotel-managed-by-centara,Al Hail Waves Hotel Managed by Centara,Hotels,"Chic rooms, studios & apartments in a casual hotel offering a rooftop pool & lounge with gulf views.",hotel;lodging,,"Al Hail North , Muscat , Near Al Maha Pertol Pump السيب‎ OM, السيب‎ 112, Oman",Muscat,Oman,23.656413,58.221877,https://www.centarahotelsresorts.com/managed-hotels/amo,+968 7990 3144,https://www.google.com/maps/place/?q=place_id:ChIJkTg0lpz8jT4Ro5RCb_vcqyc,"{""open_now"": true, ""periods"": [{""close"": {""date"": ""2025-10-03"", ""day"": 5, ""time"": ""2359"", ""truncated"": true}, ""open"": {""date"": ""2025-09-27"", ""day"": 6, ""time"": ""0000"", ""truncated"": true}}], ""weekday_text"": [""Monday: Open 24 hours"", ""Tuesday: Open 24 hours"", ""Wednesday: Open 24 hours"", ""Thursday: Open 24 hours"", ""Friday: Open 24 hours"", ""Saturday: Open 24 hours"", ""Sunday: Open 24 hours""]}",,assets/hotels/al-hail-waves-hotel-managed-by-centara.jpg,Image © Google,https://www.google.com/maps/place/?q=place_id:ChIJkTg0lpz8jT4Ro5RCb_vcqyc,ChIJkTg0lpz8jT4Ro5RCb_vcqyc,,,,https://www.centarahotelsresorts.com/managed-hotels/amo,"Chic rooms, studios & apartments in a casual hotel offering a rooftop pool & lounge with gulf views.",,,,,4.20,,,,,1584,Google,,2025-09-27,,,,,,https://www.centarahotelsresorts.com/managed-hotels/amo,,,
ChIJiabZCboAjj4RUW_LVMJShog,radisson-collection-muscat-hormuz-grand,"Radisson Collection Muscat, Hormuz Grand",Hotels,"Swanky hotel offering polished quarters, a spa & an outdoor pool, plus upscale restaurants.",hotel;lodging,,"111 Al Matar St, Muscat 128, Oman",Muscat,Oman,23.576860,58.292001,https://www.radissonhotels.com/en-us/hotels/radisson-collection-muscat?cid=a:se+b:gmb+c:emea+i:local+e:rco+d:mea+h:OMMCTHOR,+968 24 350500,https://www.google.com/maps/place/?q=place_id:ChIJiabZCboAjj4RUW_LVMJShog,,,assets/hotels/radisson-collection-muscat-hormuz-grand.jpg,Image © Google,https://www.google.com/maps/place/?q=place_id:ChIJiabZCboAjj4RUW_LVMJShog,ChIJiabZCboAjj4RUW_LVMJShog,,,,https://www.radissonhotels.com/en-us/hotels/radisson-collection-muscat?cid=a:se+b:gmb+c:emea+i:local+e:rco+d:mea+h:OMMCTHOR,"Swanky hotel offering polished quarters, a spa & an outdoor pool, plus upscale restaurants.",,,,,4.50,,,,,4133,Google,,2025-09-27,,,,,,https://www.radissonhotels.com/en-us/hotels/radisson-collection-muscat?cid=a:se+b:gmb+c:emea+i:local+e:rco+d:mea+h:OMMCTHOR,,,
ChIJqfUBNqL4kT4RAG70h4DQXoY,crowne-plaza-muscat-by-ihg,Crowne Plaza Muscat by IHG,Hotels,"Airy rooms & suites in an elegant hotel with 4 restaurants, a heated outdoor pool & a private beach.",hotel;lodging,,"112 Ruwi St, Muscat, Oman",Muscat,Oman,23.628633,58.483047,https://www.ihg.com/crowneplaza/hotels/gb/en/muscat/mschc/hoteldetail?cm_mmc=GoogleMaps-_-CP-_-OM-_-MSCHC,+968 24 660660,https://www.google.com/maps/place/?q=place_id:ChIJqfUBNqL4kT4RAG70h4DQXoY,,,assets/hotels/crowne-plaza-muscat-by-ihg.jpg,Image © Google,https://www.google.com/maps/place/?q=place_id:ChIJqfUBNqL4kT4RAG70h4DQXoY,ChIJqfUBNqL4kT4RAG70h4DQXoY,,,,https://www.ihg.com/crowneplaza/hotels/gb/en/muscat/mschc/hoteldetail?cm_mmc=GoogleMaps-_-CP-_-OM-_-MSCHC,"Airy rooms & suites in an elegant hotel with 4 restaurants, a heated outdoor pool & a private beach.",,,,,4.50,,,,,5234,Google,,2025-09-27,,,,,,https://www.ihg.com/crowneplaza/hotels/gb/en/muscat/mschc/hoteldetail?cm_mmc=GoogleMaps-_-CP-_-OM-_-MSCHC,,,
ChIJz5RPANP9jT4R2gbyhNKtzJ0,kempinski-hotel-muscat,Kempinski Hotel Muscat,Hotels,"Refined quarters, some with gulf views, in a chic lodging offering dining, outdoor pools & a spa.",hotel;lodging,,"335 Street 6, Muscat 138, Oman",Muscat,Oman,23.627418,58.271987,https://www.kempinski.com/en/kempinski-hotel-muscat?utm_medium=organic&utm_source=google&utm_campaign=KIMCT1&utm_content=gmb&source=S308962248,+968 24 985000,https://www.google.com/maps/place/?q=place_id:ChIJz5RPANP9jT4R2gbyhNKtzJ0,"{""open_now"": true, ""periods"": [{""close"": {""date"": ""2025-10-03"", ""day"": 5, ""time"": ""2359"", ""truncated"": true}, ""open"": {""date"": ""2025-09-27"", ""day"": 6, ""time"": ""0000"", ""truncated"": true}}], ""weekday_text"": [""Monday: Open 24 hours"", ""Tuesday: Open 24 hours"", ""Wednesday: Open 24 hours"", ""Thursday: Open 24 hours"", ""Friday: Open 24 hours"", ""Saturday: Open 24 hours"", ""Sunday: Open 24 hours""]}",,assets/hotels/kempinski-hotel-muscat.jpg,Image © Google,https://www.google.com/maps/place/?q=place_id:ChIJz5RPANP9jT4R2gbyhNKtzJ0,ChIJz5RPANP9jT4R2gbyhNKtzJ0,,,,https://www.kempinski.com/en/kempinski-hotel-muscat?utm_medium=organic&utm_source=google&utm_campaign=KIMCT1&utm_content=gmb&source=S308962248,"Refined quarters, some with gulf views, in a chic lodging offering dining, outdoor pools & a spa.",,,,,4.80,,,,,8465,Google,,2025-09-27,,,,,,https://www.kempinski.com/en/kempinski-hotel-muscat?utm_medium=organic&utm_source=google&utm_campaign=KIMCT1&utm_content=gmb&source=S308962248,,,
ChIJuYHxpa4Bjj4R6mtIQT01It4,swiss-belinn-airport-muscat-oman,"Swiss-Belinn Airport Muscat, Oman سويس- بل إن مسقط عمان",Hotels,"Contemporary hotel with a rooftop terrace & gym, plus a restaurant & gulf views.",hotel;lodging,,"Al Anwar Street Azaiba Muscat OM، Muscat 130, Oman",Muscat,Oman,23.594419,58.348453,https://www.swiss-belhotel.com/en-gb/swiss-belinn-muscat,+968 24 908800,https://www.google.com/maps/place/?q=place_id:ChIJuYHxpa4Bjj4R6mtIQT01It4,"{""open_now"": true, ""periods"": [{""close"": {""date"": ""2025-10-03"", ""day"": 5, ""time"": ""2359"", ""truncated"": true}, ""open"": {""date"": ""2025-09-27"", ""day"": 6, ""time"": ""0000"", ""truncated"": true}}], ""weekday_text"": [""Monday: Open 24 hours"", ""Tuesday: Open 24 hours"", ""Wednesday: Open 24 hours"", ""Thursday: Open 24 hours"", ""Friday: Open 24 hours"", ""Saturday: Open 24 hours"", ""Sunday: Open 24 hours""]}",,assets/hotels/swiss-belinn-airport-muscat-oman.jpg,Image © Google,https://www.google.com/maps/place/?q=place_id:ChIJuYHxpa4Bjj4R6mtIQT01It4,ChIJuYHxpa4Bjj4R6mtIQT01It4,,,,https://www.swiss-belhotel.com/en-gb/swiss-belinn-muscat,"Contemporary hotel with a rooftop terrace & gym, plus a restaurant & gulf views.",,,,,4.60,,,,,1679,Google,,2025-09-27,,,,,,https://www.swiss-belhotel.com/en-gb/swiss-belinn-muscat,,,
ChIJz_KvlD7_kT4RjhAyOaFHCko,citadines-al-ghubrah-muscat,Citadines Al Ghubrah Muscat,Hotels,"Modern units, some with balconies, in an upmarket apartment hotel featuring a rooftop pool.",hotel;lodging,,"H9JX+632 Bousher Building 631 South, Muscat City Way 3709, Al Ghubrah St, Muscat, Oman",Muscat,Oman,23.580447,58.397690,https://www.discoverasr.com/en/citadines/oman/citadines-al-ghubrah-muscat?utm_source=google&utm_medium=maps&utm_campaign=hq-google-gbp-alwayson-20240531-all-en-meati-om-citadinesalghubrahmuscat-eme-gbp,+968 22 844222,https://www.google.com/maps/place/?q=place_id:ChIJz_KvlD7_kT4RjhAyOaFHCko,,,assets/hotels/citadines-al-ghubrah-muscat.jpg,Image © Google,https://www.google.com/maps/place/?q=place_id:ChIJz_KvlD7_kT4RjhAyOaFHCko,ChIJz_KvlD7_kT4RjhAyOaFHCko,,,,https://www.discoverasr.com/en/citadines/oman/citadines-al-ghubrah-muscat?utm_source=google&utm_medium=maps&utm_campaign=hq-google-gbp-alwayson-20240531-all-en-meati-om-citadinesalghubrahmuscat-eme-gbp,"Modern units, some with balconies, in an upmarket apartment hotel featuring a rooftop pool.",,,,,4.50,,,,,603,Google,,2025-09-27,,,,,,https://www.discoverasr.com/en/citadines/oman/citadines-al-ghubrah-muscat?utm_source=google&utm_medium=maps&utm_campaign=hq-google-gbp-alwayson-20240531-all-en-meati-om-citadinesalghubrahmuscat-eme-gbp,,,
ChIJxVABVur_kT4ROhCAwaIFSaM,grand-millennium-muscat,Grand Millennium Muscat,Hotels,"Refined quarters, some with pools, in a luxury hotel offering 2 restaurants, a spa & city views.",hotel;lodging,,"Dauhat Al Adab St, Muscat 133, Oman",Muscat,Oman,23.590977,58.413211,https://www.millenniumhotels.com/en/muscat/grand-millennium-muscat/?cid=gplaces-grand-millennium-muscat,+968 22 342222,https://www.google.com/maps/place/?q=place_id:ChIJxVABVur_kT4ROhCAwaIFSaM,,,assets/hotels/grand-millennium-muscat.jpg,Image © Google,https://www.google.com/maps/place/?q=place_id:ChIJxVABVur_kT4ROhCAwaIFSaM,ChIJxVABVur_kT4ROhCAwaIFSaM,,,,https://www.millenniumhotels.com/en/muscat/grand-millennium-muscat/?cid=gplaces-grand-millennium-muscat,"Refined quarters, some with pools, in a luxury hotel offering 2 restaurants, a spa & city views.",,,,,4.40,,,,,3810,Google,,2025-09-27,,,,,,https://www.millenniumhotels.com/en/muscat/grand-millennium-muscat/?cid=gplaces-grand-millennium-muscat,,,
ChIJA1fyEfT_kT4Rf7CY0HBvjTE,intercityhotel-muscat,IntercityHotel Muscat,Hotels,"Laid-back hotel featuring an infinity pool & a fitness room, as well as a buffet restaurant.",hotel;lodging,,"Al Thaqafa St, Ministries area, شارع الخوير، مسقط 112, Oman",Muscat,Oman,23.600166,58.424565,https://hrewards.com/intercityhotel-muscat?wt_mc=seo_listing.ich.yext.maskat.hotel_link.text_cta,+968 22 650555,https://www.google.com/maps/place/?q=place_id:ChIJA1fyEfT_kT4Rf7CY0HBvjTE,,,assets/hotels/intercityhotel-muscat.jpg,Image © Google,https://www.google.com/maps/place/?q=place_id:ChIJA1fyEfT_kT4Rf7CY0HBvjTE,ChIJA1fyEfT_kT4Rf7CY0HBvjTE,,,,https://hrewards.com/intercityhotel-muscat?wt_mc=seo_listing.ich.yext.maskat.hotel_link.text_cta,"Laid-back hotel featuring an infinity pool & a fitness room, as well as a buffet restaurant.",,,,,4.50,,,,,1785,Google,,2025-09-27,,,,,,https://hrewards.com/intercityhotel-muscat?wt_mc=seo_listing.ich.yext.maskat.hotel_link.text_cta,,,
ChIJfz5wOEMAjj4RA3uJ-JHfDjg,muscat-hills-hotel,Muscat Hills Hotel,Hotels,,hotel;lodging,,"H8JP+7P3, Muscat, Oman",Muscat,Oman,23.578785,58.337799,https://www.google.com/maps/place/?q=place_id:ChIJfz5wOEMAjj4RA3uJ-JHfDjg,+968 24 222342,https://www.google.com/maps/place/?q=place_id:ChIJfz5wOEMAjj4RA3uJ-JHfDjg,"{""open_now"": true, ""periods"": [{""close"": {""date"": ""2025-10-03"", ""day"": 5, ""time"": ""2359"", ""truncated"": true}, ""open"": {""date"": ""2025-09-27"", ""day"": 6, ""time"": ""0000"", ""truncated"": true}}], ""weekday_text"": [""Monday: Open 24 hours"", ""Tuesday: Open 24 hours"", ""Wednesday: Open 24 hours"", ""Thursday: Open 24 hours"", ""Friday: Open 24 hours"", ""Saturday: Open 24 hours"", ""Sunday: Open 24 hours""]}",,assets/hotels/muscat-hills-hotel.jpg,Image © Google,https://www.google.com/maps/place/?q=place_id:ChIJfz5wOEMAjj4RA3uJ-JHfDjg,ChIJfz5wOEMAjj4RA3uJ-JHfDjg,,,,https://www.google.com/maps/place/?q=place_id:ChIJfz5wOEMAjj4RA3uJ-JHfDjg,,,,,,3.90,,,,,993,Google,,2025-09-27,,,,,,https://www.google.com/maps/place/?q=place_id:ChIJfz5wOEMAjj4RA3uJ-JHfDjg,,,
ChIJyRzq3ur5kT4RfAnzJ2M4U80,doubletree-by-hilton-muscat-qurum,DoubleTree by Hilton Muscat Qurum,Hotels,,hotel;lodging,,"Al Nahdah St, Muscat 111, Oman",Muscat,Oman,23.610307,58.497225,https://www.hilton.com/en/hotels/mctqudi-doubletree-muscat-qurum/?SEO_id=GMB-EMEA-DI-MCTQUDI,+968 22 540000,https://www.google.com/maps/place/?q=place_id:ChIJyRzq3ur5kT4RfAnzJ2M4U80,,,assets/hotels/doubletree-by-hilton-muscat-qurum.jpg,Image © Google,https://www.google.com/maps/place/?q=place_id:ChIJyRzq3ur5kT4RfAnzJ2M4U80,ChIJyRzq3ur5kT4RfAnzJ2M4U80,,,,https://www.hilton.com/en/hotels/mctqudi-doubletree-muscat-qurum/?SEO_id=GMB-EMEA-DI-MCTQUDI,,,,,,4.60,,,,,421,Google,,2025-09-27,,,,,,https://www.hilton.com/en/hotels/mctqudi-doubletree-muscat-qurum/?SEO_id=GMB-EMEA-DI-MCTQUDI,,,
ChIJryVTzXX9jT4RIPQj5oeTeHE,holiday-inn-muscat-al-seeb-by-ihg,Holiday Inn Muscat al Seeb by IHG,Hotels,"Modern lodging with a relaxed vibe, offering an outdoor pool, an international restaurant & a gym.",hotel;lodging,,"9214, Sib 130, Oman",Muscat,Oman,23.611449,58.244062,https://www.ihg.com/holidayinn/hotels/gb/en/muscat/musap/hoteldetail?cm_mmc=GoogleMaps-_-HI-_-OM-_-MUSAP,+968 22 080555,https://www.google.com/maps/place/?q=place_id:ChIJryVTzXX9jT4RIPQj5oeTeHE,,,assets/hotels/holiday-inn-muscat-al-seeb-by-ihg.jpg,Image © Google,https://www.google.com/maps/place/?q=place_id:ChIJryVTzXX9jT4RIPQj5oeTeHE,ChIJryVTzXX9jT4RIPQj5oeTeHE,,,,https://www.ihg.com/holidayinn/hotels/gb/en/muscat/musap/hoteldetail?cm_mmc=GoogleMaps-_-HI-_-OM-_-MUSAP,"Modern lodging with a relaxed vibe, offering an outdoor pool, an international restaurant & a gym.",,,,,4.40,,,,,3380,Google,,2025-09-27,,,,,,https://www.ihg.com/holidayinn/hotels/gb/en/muscat/musap/hoteldetail?cm_mmc=GoogleMaps-_-HI-_-OM-_-MUSAP,,,
ChIJM6aHe9v5kT4RQG45CPnAP5A,golden-tulip-headington-ruwi-hotel,Golden Tulip Headington Ruwi Hotel,Hotels,"Relaxed rooms & suites in a refined hotel offering dining, a gym & a rooftop pool.",hotel;lodging,,"Souq Street, PB# 254, PC 131، Muscat, Oman",Muscat,Oman,23.591075,58.544890,https://www.google.com/maps/place/?q=place_id:ChIJM6aHe9v5kT4RQG45CPnAP5A,+968 24 732000,https://www.google.com/maps/place/?q=place_id:ChIJM6aHe9v5kT4RQG45CPnAP5A,"{""open_now"": true, ""periods"": [{""close"": {""date"": ""2025-10-03"", ""day"": 5, ""time"": ""2359"", ""truncated"": true}, ""open"": {""date"": ""2025-09-27"", ""day"": 6, ""time"": ""0000"", ""truncated"": true}}], ""weekday_text"": [""Monday: Open 24 hours"", ""Tuesday: Open 24 hours"", ""Wednesday: Open 24 hours"", ""Thursday: Open 24 hours"", ""Friday: Open 24 hours"", ""Saturday: Open 24 hours"", ""Sunday: Open 24 hours""]}",,assets/hotels/golden-tulip-headington-ruwi-hotel.jpg,Image © Google,https://www.google.com/maps/place/?q=place_id:ChIJM6aHe9v5kT4RQG45CPnAP5A,ChIJM6aHe9v5kT4RQG45CPnAP5A,,,,https://www.google.com/maps/place/?q=place_id:ChIJM6aHe9v5kT4RQG45CPnAP5A,"Relaxed rooms & suites in a refined hotel offering dining, a gym & a rooftop pool.",,,,,4.20,,,,,1711,Google,,2025-09-27,,,,,,https://www.google.com/maps/place/?q=place_id:ChIJM6aHe9v5kT4RQG45CPnAP5A,,,
ChIJjfRbf875kT4Rb1muCo6Mw3k,ibis-hotel-muscat,Ibis Hotel Muscat,Hotels,"Low-key rooms in a casual hotel offering free Wi-Fi & a gym, plus a restaurant with a terrace.",hotel;lodging,,"Pc 130 Al Azaiba Dohat Aladab Road, شارع الخوير، مسقط 130, Oman",Muscat,Oman,23.593695,58.419232,https://all.accor.com/lien_externe.svlt?goto=fiche_hotel&code_hotel=6587&merchantid=seo-maps-OM-6587&sourceid=aw-cen&utm_medium=seo%20maps&utm_source=google%20Maps&utm_campaign=seo%20maps,+968 22 354600,https://www.google.com/maps/place/?q=place_id:ChIJjfRbf875kT4Rb1muCo6Mw3k,,,assets/hotels/ibis-hotel-muscat.jpg,Image © Google,https://www.google.com/maps/place/?q=place_id:ChIJjfRbf875kT4Rb1muCo6Mw3k,ChIJjfRbf875kT4Rb1muCo6Mw3k,,,,https://all.accor.com/lien_externe.svlt?goto=fiche_hotel&code_hotel=6587&merchantid=seo-maps-OM-6587&sourceid=aw-cen&utm_medium=seo%20maps&utm_source=google%20Maps&utm_campaign=seo%20maps,"Low-key rooms in a casual hotel offering free Wi-Fi & a gym, plus a restaurant with a terrace.",,,,,4.00,,,,,2916,Google,,2025-09-27,,,,,,https://all.accor.com/lien_externe.svlt?goto=fiche_hotel&code_hotel=6587&merchantid=seo-maps-OM-6587&sourceid=aw-cen&utm_medium=seo%20maps&utm_source=google%20Maps&utm_campaign=seo%20maps,,,
ChIJ9QPMHNb_kT4R1yNMOE70jRs,mandarin-oriental-muscat,"Mandarin Oriental, Muscat",Hotels,,hotel;lodging,,"JF74+8M5, Muscat, Oman",Muscat,Oman,23.613550,58.457706,https://www.mandarinoriental.com/en/muscat/shatti-al-qurum,+968 21 038888,https://www.google.com/maps/place/?q=place_id:ChIJ9QPMHNb_kT4R1yNMOE70jRs,,,assets/hotels/mandarin-oriental-muscat.jpg,Image © Google,https://www.google.com/maps/place/?q=place_id:ChIJ9QPMHNb_kT4R1yNMOE70jRs,ChIJ9QPMHNb_kT4R1yNMOE70jRs,,,,https://www.mandarinoriental.com/en/muscat/shatti-al-qurum,,,,,,4.70,,,,,547,Google,,2025-09-27,,,,,,https://www.mandarinoriental.com/en/muscat/shatti-al-qurum,,,
ChIJMc13ljrxkT4RDXa01UMBmfU,the-grand-mirage-hotel,The Grand Mirage Hotel,Hotels,,hotel;lodging,,"Way NO. 8745 Al Nuzhah Street, Mabela 112, Oman",Muscat,Oman,23.627410,58.141963,http://www.grandmiragehotels.com/,+968 24 266732,https://www.google.com/maps/place/?q=place_id:ChIJMc13ljrxkT4RDXa01UMBmfU,,,assets/hotels/the-grand-mirage-hotel.jpg,Image © Google,https://www.google.com/maps/place/?q=place_id:ChIJMc13ljrxkT4RDXa01UMBmfU,ChIJMc13ljrxkT4RDXa01UMBmfU,,,,http://www.grandmiragehotels.com/,,,,,,3.60,,,,,191,Google,,2025-09-27,,,,,,http://www.grandmiragehotels.com/,,,
ChIJIRRnehH_kT4RuTUMaAz4XpU,muscat-plaza-hotel,Muscat Plaza Hotel,Hotels,"Warm rooms, plus suites with living rooms, in a premium hotel featuring Wi-Fi & breakfast.",hotel;lodging,,"Al Khuwair St, Muscat, Oman",Muscat,Oman,23.595757,58.427450,https://sites.google.com/view/muscatplazahotel/home,+968 9465 8000,https://www.google.com/maps/place/?q=place_id:ChIJIRRnehH_kT4RuTUMaAz4XpU,"{""open_now"": true, ""periods"": [{""close"": {""date"": ""2025-10-03"", ""day"": 5, ""time"": ""2359"", ""truncated"": true}, ""open"": {""date"": ""2025-09-27"", ""day"": 6, ""time"": ""0000"", ""truncated"": true}}], ""weekday_text"": [""Monday: Open 24 hours"", ""Tuesday: Open 24 hours"", ""Wednesday: Open 24 hours"", ""Thursday: Open 24 hours"", ""Friday: Open 24 hours"", ""Saturday: Open 24 hours"", ""Sunday: Open 24 hours""]}",,assets/hotels/muscat-plaza-hotel.jpg,Image © Google,https://www.google.com/maps/place/?q=place_id:ChIJIRRnehH_kT4RuTUMaAz4XpU,ChIJIRRnehH_kT4RuTUMaAz4XpU,,,,https://sites.google.com/view/muscatplazahotel/home,"Warm rooms, plus suites with living rooms, in a premium hotel featuring Wi-Fi & breakfast.",,,,,3.90,,,,,1190,Google,,2025-09-27,,,,,,https://sites.google.com/view/muscatplazahotel/home,,,
ChIJgY1ZZyAAjj4RQrufH6P03nI,centara-muscat-hotel-oman,Centara Muscat Hotel Oman,Hotels,"Sophisticated hotel offering stylish rooms & suites, plus 3 restaurants, a rooftop pool & a spa.",hotel;lodging,,"Ghala Heights, Wilayat Bausher، Building No. 352، Way No.5003، Muscat 112, Oman",Muscat,Oman,23.586457,58.370379,http://www.centarahotelsresorts.com/centara/cmo/,+968 24 236600,https://www.google.com/maps/place/?q=place_id:ChIJgY1ZZyAAjj4RQrufH6P03nI,"{""open_now"": true, ""periods"": [{""close"": {""date"": ""2025-10-03"", ""day"": 5, ""time"": ""2359"", ""truncated"": true}, ""open"": {""date"": ""2025-09-27"", ""day"": 6, ""time"": ""0000"", ""truncated"": true}}], ""weekday_text"": [""Monday: Open 24 hours"", ""Tuesday: Open 24 hours"", ""Wednesday: Open 24 hours"", ""Thursday: Open 24 hours"", ""Friday: Open 24 hours"", ""Saturday: Open 24 hours"", ""Sunday: Open 24 hours""]}",,assets/hotels/centara-muscat-hotel-oman.jpg,Image © Google,https://www.google.com/maps/place/?q=place_id:ChIJgY1ZZyAAjj4RQrufH6P03nI,ChIJgY1ZZyAAjj4RQrufH6P03nI,,,,http://www.centarahotelsresorts.com/centara/cmo/,"Sophisticated hotel offering stylish rooms & suites, plus 3 restaurants, a rooftop pool & a spa.",,,,,4.20,,,,,3304,Google,,2025-09-27,,,,,,http://www.centarahotelsresorts.com/centara/cmo/,,,
ChIJbYFPipv_kT4RBw8jQjI9IgA,mercure-muscat,Mercure Muscat,Hotels,,hotel;lodging,,"Dauhat Al Adab St, Muscat 133, Oman",Muscat,Oman,23.588898,58.416571,https://all.accor.com/lien_externe.svlt?goto=fiche_hotel&code_hotel=C339&merchantid=seo-maps-OM-C339&sourceid=aw-cen&utm_medium=seo%20maps&utm_source=google%20Maps&utm_campaign=seo%20maps,+968 24 112200,https://www.google.com/maps/place/?q=place_id:ChIJbYFPipv_kT4RBw8jQjI9IgA,,,assets/hotels/mercure-muscat.jpg,Image © Google,https://www.google.com/maps/place/?q=place_id:ChIJbYFPipv_kT4RBw8jQjI9IgA,ChIJbYFPipv_kT4RBw8jQjI9IgA,,,,https://all.accor.com/lien_externe.svlt?goto=fiche_hotel&code_hotel=C339&merchantid=seo-maps-OM-C339&sourceid=aw-cen&utm_medium=seo%20maps&utm_source=google%20Maps&utm_campaign=seo%20maps,,,,,,4.70,,,,,1074,Google,,2025-09-27,,,,,,https://all.accor.com/lien_externe.svlt?goto=fiche_hotel&code_hotel=C339&merchantid=seo-maps-OM-C339&sourceid=aw-cen&utm_medium=seo%20maps&utm_source=google%20Maps&utm_campaign=seo%20maps,,,
ChIJWR3ZByv_kT4Rd6jHr3NsxEw,radisson-hotel-muscat-panorama,Radisson Hotel Muscat Panorama,Hotels,"Polished quarters in an upmarket property offering fine dining, an outdoor rooftop pool & a gym.",hotel;lodging,,"Towers 6 & 7، Panorama Mall، Al Ghubrah St, Muscat 112, Oman",Muscat,Oman,23.583648,58.409195,https://www.radissonhotels.com/en-us/hotels/radisson-muscat-panorama?cid=a:se+b:gmb+c:emea+i:local+e:rad+d:mea+h:OMMCTAAA,+968 24 239000,https://www.google.com/maps/place/?q=place_id:ChIJWR3ZByv_kT4Rd6jHr3NsxEw,,,assets/hotels/radisson-hotel-muscat-panorama.jpg,Image © Google,https://www.google.com/maps/place/?q=place_id:ChIJWR3ZByv_kT4Rd6jHr3NsxEw,ChIJWR3ZByv_kT4Rd6jHr3NsxEw,,,,https://www.radissonhotels.com/en-us/hotels/radisson-muscat-panorama?cid=a:se+b:gmb+c:emea+i:local+e:rad+d:mea+h:OMMCTAAA,"Polished quarters in an upmarket property offering fine dining, an outdoor rooftop pool & a gym.",,,,,4.40,,,,,1609,Google,,2025-09-27,,,,,,https://www.radissonhotels.com/en-us/hotels/radisson-muscat-panorama?cid=a:se+b:gmb+c:emea+i:local+e:rad+d:mea+h:OMMCTAAA,,,
ChIJ8eYbt83zkT4RIqFkCxhXScU,shangri-la-al-husn-muscat,"Shangri-La Al Husn, Muscat",Hotels,"Palatial beachfront hotel with 4 restaurants, a spa & an infinity pool, plus a private beach.",hotel;lodging,,"Muscat 100 Muscat Muscat، HM36+78X, Bandar Jissah 644, Oman",Muscat,Oman,23.551605,58.659304,http://www.shangri-la.com/muscat/alhusnresortandspa/,+968 24 776388,https://www.google.com/maps/place/?q=place_id:ChIJ8eYbt83zkT4RIqFkCxhXScU,"{""open_now"": true, ""periods"": [{""close"": {""date"": ""2025-10-03"", ""day"": 5, ""time"": ""2359"", ""truncated"": true}, ""open"": {""date"": ""2025-09-27"", ""day"": 6, ""time"": ""0000"", ""truncated"": true}}], ""weekday_text"": [""Monday: Open 24 hours"", ""Tuesday: Open 24 hours"", ""Wednesday: Open 24 hours"", ""Thursday: Open 24 hours"", ""Friday: Open 24 hours"", ""Saturday: Open 24 hours"", ""Sunday: Open 24 hours""]}",,assets/hotels/shangri-la-al-husn-muscat.jpg,Image © Google,https://www.google.com/maps/place/?q=place_id:ChIJ8eYbt83zkT4RIqFkCxhXScU,ChIJ8eYbt83zkT4RIqFkCxhXScU,,,,http://www.shangri-la.com/muscat/alhusnresortandspa/,"Palatial beachfront hotel with 4 restaurants, a spa & an infinity pool, plus a private beach.",,,,,4.80,,,,,1192,Google,,2025-09-27,,,,,,http://www.shangri-la.com/muscat/alhusnresortandspa/,,,
ChIJlWR2xRf_kT4RaHTSezzjA_s,best-western-premier-muscat-hotel,Best Western Premier Muscat Hotel,Hotels,"Contemporary hotel offering trendy quarters with free Wi-Fi, plus 2 restaurants, a cafe & a pool.",hotel;lodging,,"3341 Dauhat Al Adab St, Muscat, Oman",Muscat,Oman,23.595468,58.438874,https://www.bestwestern.com/content/best-western/en_US/hotels/destinations/worldwide-hotels/oman.html,+968 22 033333,https://www.google.com/maps/place/?q=place_id:ChIJlWR2xRf_kT4RaHTSezzjA_s,"{""open_now"": true, ""periods"": [{""close"": {""date"": ""2025-10-03"", ""day"": 5, ""time"": ""2359"", ""truncated"": true}, ""open"": {""date"": ""2025-09-27"", ""day"": 6, ""time"": ""0000"", ""truncated"": true}}], ""weekday_text"": [""Monday: Open 24 hours"", ""Tuesday: Open 24 hours"", ""Wednesday: Open 24 hours"", ""Thursday: Open 24 hours"", ""Friday: Open 24 hours"", ""Saturday: Open 24 hours"", ""Sunday: Open 24 hours""]}",,assets/hotels/best-western-premier-muscat-hotel.jpg,Image © Google,https://www.google.com/maps/place/?q=place_id:ChIJlWR2xRf_kT4RaHTSezzjA_s,ChIJlWR2xRf_kT4RaHTSezzjA_s,,,,https://www.bestwestern.com/content/best-western/en_US/hotels/destinations/worldwide-hotels/oman.html,"Contemporary hotel offering trendy quarters with free Wi-Fi, plus 2 restaurants, a cafe & a pool.",,,,,4.10,,,,,1722,Google,,2025-09-27,,,,,,https://www.bestwestern.com/content/best-western/en_US/hotels/destinations/worldwide-hotels/oman.html,,,
ChIJMYkJSCv_kT4RT5wOX1NBaUA,royal-tulip-muscat,Royal Tulip Muscat,Hotels,"Streamlined quarters in an elegant hotel offering a fitness center & a rooftop pool, plus dining.",hotel;lodging,,"Al Marafah Street OM، Way No. 238، Muscat 103, Oman",Muscat,Oman,23.591584,58.403918,http://www.royaltulipmuscat.com/,+968 22 125555,https://www.google.com/maps/place/?q=place_id:ChIJMYkJSCv_kT4RT5wOX1NBaUA,"{""open_now"": true, ""periods"": [{""close"": {""date"": ""2025-10-03"", ""day"": 5, ""time"": ""2359"", ""truncated"": true}, ""open"": {""date"": ""2025-09-27"", ""day"": 6, ""time"": ""0000"", ""truncated"": true}}], ""weekday_text"": [""Monday: Open 24 hours"", ""Tuesday: Open 24 hours"", ""Wednesday: Open 24 hours"", ""Thursday: Open 24 hours"", ""Friday: Open 24 hours"", ""Saturday: Open 24 hours"", ""Sunday: Open 24 hours""]}",,assets/hotels/royal-tulip-muscat.jpg,Image © Google,https://www.google.com/maps/place/?q=place_id:ChIJMYkJSCv_kT4RT5wOX1NBaUA,ChIJMYkJSCv_kT4RT5wOX1NBaUA,,,,http://www.royaltulipmuscat.com/,"Streamlined quarters in an elegant hotel offering a fitness center & a rooftop pool, plus dining.",,,,,4.50,,,,,2077,Google,,2025-09-27,,,,,,http://www.royaltulipmuscat.com/,,,
ChIJP9TlF_sBjj4R8iiKFNder6Y,m-venpick-hotel-and-apartments-ghala-muscat,Mövenpick Hotel and Apartments Ghala Muscat,Hotels,,hotel;lodging,,"Ghala Heights Complex, Al Maardih St, Muscat 111, Oman",Muscat,Oman,23.588394,58.358829,https://movenpick.accor.com/en/middle-east/oman/muscat/hotel-and-apartments-ghala-muscat.html?goto=fiche_hotel&code_hotel=B4W2&merchantid=seo-maps-OM-B4W2&sourceid=aw-cen&utm_medium=seo%20maps&utm_source=google%20Maps&utm_campaign=seo%20maps,+968 22 719999,https://www.google.com/maps/place/?q=place_id:ChIJP9TlF_sBjj4R8iiKFNder6Y,,,assets/hotels/m-venpick-hotel-and-apartments-ghala-muscat.jpg,Image © Google,https://www.google.com/maps/place/?q=place_id:ChIJP9TlF_sBjj4R8iiKFNder6Y,ChIJP9TlF_sBjj4R8iiKFNder6Y,,,,https://movenpick.accor.com/en/middle-east/oman/muscat/hotel-and-apartments-ghala-muscat.html?goto=fiche_hotel&code_hotel=B4W2&merchantid=seo-maps-OM-B4W2&sourceid=aw-cen&utm_medium=seo%20maps&utm_source=google%20Maps&utm_campaign=seo%20maps,,,,,,4.70,,,,,1310,Google,,2025-09-27,,,,,,https://movenpick.accor.com/en/middle-east/oman/muscat/hotel-and-apartments-ghala-muscat.html?goto=fiche_hotel&code_hotel=B4W2&merchantid=seo-maps-OM-B4W2&sourceid=aw-cen&utm_medium=seo%20maps&utm_source=google%20Maps&utm_campaign=seo%20maps,,,
ChIJk-vautnjjT4RFCZFYdJz3WA,diamond-star-hotel,Diamond Star Hotel,Hotels,,hotel;lodging,,"J4PQ+723, Unnamed Road, Sib, Oman",Muscat,Oman,23.637411,58.137419,https://www.google.com/maps/place/?q=place_id:ChIJk-vautnjjT4RFCZFYdJz3WA,+968 7990 6111,https://www.google.com/maps/place/?q=place_id:ChIJk-vautnjjT4RFCZFYdJz3WA,"{""open_now"": true, ""periods"": [{""close"": {""date"": ""2025-10-03"", ""day"": 5, ""time"": ""2359"", ""truncated"": true}, ""open"": {""date"": ""2025-09-27"", ""day"": 6, ""time"": ""0000"", ""truncated"": true}}], ""weekday_text"": [""Monday: Open 24 hours"", ""Tuesday: Open 24 hours"", ""Wednesday: Open 24 hours"", ""Thursday: Open 24 hours"", ""Friday: Open 24 hours"", ""Saturday: Open 24 hours"", ""Sunday: Open 24 hours""]}",,assets/hotels/diamond-star-hotel.jpg,Image © Google,https://www.google.com/maps/place/?q=place_id:ChIJk-vautnjjT4RFCZFYdJz3WA,ChIJk-vautnjjT4RFCZFYdJz3WA,,,,https://www.google.com/maps/place/?q=place_id:ChIJk-vautnjjT4RFCZFYdJz3WA,,,,,,4.50,,,,,896,Google,,2025-09-27,,,,,,https://www.google.com/maps/place/?q=place_id:ChIJk-vautnjjT4RFCZFYdJz3WA,,,
ChIJIRGgLJH9jT4RUSBS02AQ50U,city-center-hotel,City Center Hotel,Hotels,"Sophisticated hotel featuring a sauna, a cafe & an indoor pool, plus a restaurant & free Wi-Fi.",hotel;lodging,,"Muscat-St Sultan Qabus, H6XX+6Q8، مسقط 111, Oman",Muscat,Oman,23.598048,58.249461,https://www.google.com/maps/place/?q=place_id:ChIJIRGgLJH9jT4RUSBS02AQ50U,+968 22 866655,https://www.google.com/maps/place/?q=place_id:ChIJIRGgLJH9jT4RUSBS02AQ50U,"{""open_now"": true, ""periods"": [{""close"": {""date"": ""2025-10-03"", ""day"": 5, ""time"": ""2359"", ""truncated"": true}, ""open"": {""date"": ""2025-09-27"", ""day"": 6, ""time"": ""0000"", ""truncated"": true}}], ""weekday_text"": [""Monday: Open 24 hours"", ""Tuesday: Open 24 hours"", ""Wednesday: Open 24 hours"", ""Thursday: Open 24 hours"", ""Friday: Open 24 hours"", ""Saturday: Open 24 hours"", ""Sunday: Open 24 hours""]}",,assets/hotels/city-center-hotel.jpg,Image © Google,https://www.google.com/maps/place/?q=place_id:ChIJIRGgLJH9jT4RUSBS02AQ50U,ChIJIRGgLJH9jT4RUSBS02AQ50U,,,,https://www.google.com/maps/place/?q=place_id:ChIJIRGgLJH9jT4RUSBS02AQ50U,"Sophisticated hotel featuring a sauna, a cafe & an indoor pool, plus a restaurant & free Wi-Fi.",,,,,3.60,,,,,569,Google,,2025-09-27,,,,,,https://www.google.com/maps/place/?q=place_id:ChIJIRGgLJH9jT4RUSBS02AQ50U,,,
ChIJqfUBNqL4kT4Rkj5XVyUVJdE,al-falaj-hotel,Al Falaj Hotel,Hotels,"Refined hotel offering elegant dining & a sports bar, plus outdoor pools & gender-segregated gyms.",hotel;lodging,,"1692 131 Al Hamriya، Muscat 113, Oman",Muscat,Oman,23.606546,58.538803,https://www.alfalajhotel.com/?utm_source=google&utm_medium=organic&utm_campaign=alfalajhotel&utm_term=gbp,+968 24 702311,https://www.google.com/maps/place/?q=place_id:ChIJqfUBNqL4kT4Rkj5XVyUVJdE,,,assets/hotels/al-falaj-hotel.jpg,Image © Google,https://www.google.com/maps/place/?q=place_id:ChIJqfUBNqL4kT4Rkj5XVyUVJdE,ChIJqfUBNqL4kT4Rkj5XVyUVJdE,,,,https://www.alfalajhotel.com/?utm_source=google&utm_medium=organic&utm_campaign=alfalajhotel&utm_term=gbp,"Refined hotel offering elegant dining & a sports bar, plus outdoor pools & gender-segregated gyms.",,,,,4.00,,,,,2962,Google,,2025-09-27,,,,,,https://www.alfalajhotel.com/?utm_source=google&utm_medium=organic&utm_campaign=alfalajhotel&utm_term=gbp,,,
ChIJsdXrAX3xkT4R_mJXEvtoIiw,jumeirah-muscat-bay,Jumeirah Muscat Bay,Hotels,,hotel;lodging,,"Saraya OM, بندر الجصة 117, Oman",Muscat,Oman,23.549820,58.643316,https://www.jumeirah.com/en/stay/oman/jumeirah-muscat-bay?utm_source=google&utm_medium=google%20places&utm_campaign=hotel,+968 24 931000,https://www.google.com/maps/place/?q=place_id:ChIJsdXrAX3xkT4R_mJXEvtoIiw,,,assets/hotels/jumeirah-muscat-bay.jpg,Image © Google,https://www.google.com/maps/place/?q=place_id:ChIJsdXrAX3xkT4R_mJXEvtoIiw,ChIJsdXrAX3xkT4R_mJXEvtoIiw,,,,https://www.jumeirah.com/en/stay/oman/jumeirah-muscat-bay?utm_source=google&utm_medium=google%20places&utm_campaign=hotel,,,,,,4.70,,,,,1619,Google,,2025-09-27,,,,,,https://www.jumeirah.com/en/stay/oman/jumeirah-muscat-bay?utm_source=google&utm_medium=google%20places&utm_campaign=hotel,,,
ChIJgz_mxg__kT4RwHsf3Z_JX_g,the-platinum-hotel,The Platinum Hotel,Hotels,"Polished rooms & suites in a striking hotel offering a rooftop pool & restaurant, plus 2 gyms.",hotel;lodging,,"Next to Oman Oil Petrol Pump, Souk Al Khuwair St, Muscat 112, Oman",Muscat,Oman,23.592409,58.427712,http://www.theplatinumoman.com/,+968 24 392500,https://www.google.com/maps/place/?q=place_id:ChIJgz_mxg__kT4RwHsf3Z_JX_g,"{""open_now"": true, ""periods"": [{""close"": {""date"": ""2025-10-03"", ""day"": 5, ""time"": ""2359"", ""truncated"": true}, ""open"": {""date"": ""2025-09-27"", ""day"": 6, ""time"": ""0000"", ""truncated"": true}}], ""weekday_text"": [""Monday: Open 24 hours"", ""Tuesday: Open 24 hours"", ""Wednesday: Open 24 hours"", ""Thursday: Open 24 hours"", ""Friday: Open 24 hours"", ""Saturday: Open 24 hours"", ""Sunday: Open 24 hours""]}",,assets/hotels/the-platinum-hotel.jpg,Image © Google,https://www.google.com/maps/place/?q=place_id:ChIJgz_mxg__kT4RwHsf3Z_JX_g,ChIJgz_mxg__kT4RwHsf3Z_JX_g,,,,http://www.theplatinumoman.com/,"Polished rooms & suites in a striking hotel offering a rooftop pool & restaurant, plus 2 gyms.",,,,,4.10,,,,,1121,Google,,2025-09-27,,,,,,http://www.theplatinumoman.com/,,,
ChIJW9MwLnPljT4RQEPaJkCNETw,maani-muscat-hotel-suites,Maani Muscat Hotel Suites,Hotels,"Chic accommodations, some with kitchens, in an upmarket hotel with an outdoor pool, a gym & a spa.",hotel;lodging,,"Boulevard Mall, Seeb، Muscat، Oman",Muscat,Oman,23.655967,58.180656,https://www.google.com/maps/place/?q=place_id:ChIJW9MwLnPljT4RQEPaJkCNETw,+968 22 626000,https://www.google.com/maps/place/?q=place_id:ChIJW9MwLnPljT4RQEPaJkCNETw,,,assets/hotels/maani-muscat-hotel-suites.jpg,Image © Google,https://www.google.com/maps/place/?q=place_id:ChIJW9MwLnPljT4RQEPaJkCNETw,ChIJW9MwLnPljT4RQEPaJkCNETw,,,,https://www.google.com/maps/place/?q=place_id:ChIJW9MwLnPljT4RQEPaJkCNETw,"Chic accommodations, some with kitchens, in an upmarket hotel with an outdoor pool, a gym & a spa.",,,,,4.30,,,,,1035,Google,,2025-09-27,,,,,,https://www.google.com/maps/place/?q=place_id:ChIJW9MwLnPljT4RQEPaJkCNETw,,,
ChIJGYqTsi34kT4Rgr-rLR0VR98,sheraton-oman-hotel,Sheraton Oman Hotel,Hotels,"Warm rooms & suites, some with saunas, in an upscale hotel offering 3 restaurants, 2 pools & a spa.",hotel;lodging,,"40 Way, Muscat 112, Oman",Muscat,Oman,23.597412,58.552349,https://www.marriott.com/en-us/hotels/mctsi-sheraton-oman-hotel/overview/?scid=f2ae0541-1279-4f24-b197-a979c79310b0,+968 22 377777,https://www.google.com/maps/place/?q=place_id:ChIJGYqTsi34kT4Rgr-rLR0VR98,,,assets/hotels/sheraton-oman-hotel.jpg,Image © Google,https://www.google.com/maps/place/?q=place_id:ChIJGYqTsi34kT4Rgr-rLR0VR98,ChIJGYqTsi34kT4Rgr-rLR0VR98,,,,https://www.marriott.com/en-us/hotels/mctsi-sheraton-oman-hotel/overview/?scid=f2ae0541-1279-4f24-b197-a979c79310b0,"Warm rooms & suites, some with saunas, in an upscale hotel offering 3 restaurants, 2 pools & a spa.",,,,,4.40,,,,,4055,Google,,2025-09-27,,,,,,https://www.marriott.com/en-us/hotels/mctsi-sheraton-oman-hotel/overview/?scid=f2ae0541-1279-4f24-b197-a979c79310b0,,,
ChIJK4SgP7MBjj4RaFnnsseHnEU,aloft-muscat,Aloft Muscat,Hotels,"Trendy hotel offering a rooftop pool, 2 restaurants & 2 bars, plus a fitness center.",hotel;lodging,,"396 Ghala, Muscat 130, Oman",Muscat,Oman,23.585575,58.357464,https://www.marriott.com/en-us/hotels/mctal-aloft-muscat/overview/?scid=f2ae0541-1279-4f24-b197-a979c79310b0,+968 22 701777,https://www.google.com/maps/place/?q=place_id:ChIJK4SgP7MBjj4RaFnnsseHnEU,,,assets/hotels/aloft-muscat.jpg,Image © Google,https://www.google.com/maps/place/?q=place_id:ChIJK4SgP7MBjj4RaFnnsseHnEU,ChIJK4SgP7MBjj4RaFnnsseHnEU,,,,https://www.marriott.com/en-us/hotels/mctal-aloft-muscat/overview/?scid=f2ae0541-1279-4f24-b197-a979c79310b0,"Trendy hotel offering a rooftop pool, 2 restaurants & 2 bars, plus a fitness center.",,,,,4.40,,,,,770,Google,,2025-09-27,,,,,,https://www.marriott.com/en-us/hotels/mctal-aloft-muscat/overview/?scid=f2ae0541-1279-4f24-b197-a979c79310b0,,,
ChIJ8_q9eBgAjj4RlIfStaKhgSc,savoy-inn-grand-hotel-apartments,Savoy Inn Grand Hotel Apartments,Hotels,"Straightforward studios & apartments with minibars, plus a multi-cuisine restaurant & free parking.",hotel;lodging,,"Ghala Heights, Near Al-Nahda Towers Muscat, مسقط 123, Oman",Muscat,Oman,23.586842,58.363005,http://www.royalgroupoman.com/,+968 9767 7186,https://www.google.com/maps/place/?q=place_id:ChIJ8_q9eBgAjj4RlIfStaKhgSc,"{""open_now"": true, ""periods"": [{""close"": {""date"": ""2025-10-03"", ""day"": 5, ""time"": ""2359"", ""truncated"": true}, ""open"": {""date"": ""2025-09-27"", ""day"": 6, ""time"": ""0000"", ""truncated"": true}}], ""weekday_text"": [""Monday: Open 24 hours"", ""Tuesday: Open 24 hours"", ""Wednesday: Open 24 hours"", ""Thursday: Open 24 hours"", ""Friday: Open 24 hours"", ""Saturday: Open 24 hours"", ""Sunday: Open 24 hours""]}",,assets/hotels/savoy-inn-grand-hotel-apartments.jpg,Image © Google,https://www.google.com/maps/place/?q=place_id:ChIJ8_q9eBgAjj4RlIfStaKhgSc,ChIJ8_q9eBgAjj4RlIfStaKhgSc,,,,http://www.royalgroupoman.com/,"Straightforward studios & apartments with minibars, plus a multi-cuisine restaurant & free parking.",,,,,3.40,,,,,964,Google,,2025-09-27,,,,,,http://www.royalgroupoman.com/,,,
ChIJ7-Hyahv_kT4RJw8tOoDq9qc,radisson-blu-hotel-muscat,Radisson Blu Hotel Muscat,Hotels,"Sophisticated lodging offering dining & drinking options, as well as a sauna, a pool & a gym.",hotel;lodging,,"Sultan Qaboos Street Al Khuwair Muscat PC 133, مسقط 939, Oman",Muscat,Oman,23.587301,58.430224,https://www.radissonhotels.com/en-us/hotels/radisson-blu-muscat?cid=a:se+b:gmb+c:emea+i:local+e:rdb+d:mea+h:OMMCT2,+968 24 487777,https://www.google.com/maps/place/?q=place_id:ChIJ7-Hyahv_kT4RJw8tOoDq9qc,,,assets/hotels/radisson-blu-hotel-muscat.jpg,Image © Google,https://www.google.com/maps/place/?q=place_id:ChIJ7-Hyahv_kT4RJw8tOoDq9qc,ChIJ7-Hyahv_kT4RJw8tOoDq9qc,,,,https://www.radissonhotels.com/en-us/hotels/radisson-blu-muscat?cid=a:se+b:gmb+c:emea+i:local+e:rdb+d:mea+h:OMMCT2,"Sophisticated lodging offering dining & drinking options, as well as a sauna, a pool & a gym.",,,,,4.40,,,,,4873,Google,,2025-09-27,,,,,,https://www.radissonhotels.com/en-us/hotels/radisson-blu-muscat?cid=a:se+b:gmb+c:emea+i:local+e:rdb+d:mea+h:OMMCT2,,,
ChIJxytsh1b_kT4RkkgLB5EcfK4,intercityhotel-bawshar,IntercityHotel Bawshar,Hotels,,hotel;lodging,,"Near Mall of Oman, Express Highway, Muscat, Oman",Muscat,Oman,23.567865,58.397618,https://hrewards.com/en/intercityhotel-bawshar-muscat,+968 22 455999,https://www.google.com/maps/place/?q=place_id:ChIJxytsh1b_kT4RkkgLB5EcfK4,,,assets/hotels/intercityhotel-bawshar.jpg,Image © Google,https://www.google.com/maps/place/?q=place_id:ChIJxytsh1b_kT4RkkgLB5EcfK4,ChIJxytsh1b_kT4RkkgLB5EcfK4,,,,https://hrewards.com/en/intercityhotel-bawshar-muscat,,,,,,4.60,,,,,380,Google,,2025-09-27,,,,,,https://hrewards.com/en/intercityhotel-bawshar-muscat,,,
ChIJgVWWbI_3kT4RmPK48sHYhn8,naseem-hotel,Naseem Hotel,Hotels,,hotel;lodging,,"Muscat, Oman",Muscat,Oman,23.623189,58.560727,http://www.instagram.com/naseemhotel,+968 9044 6655,https://www.google.com/maps/place/?q=place_id:ChIJgVWWbI_3kT4RmPK48sHYhn8,,,assets/hotels/naseem-hotel.jpg,Image © Google,https://www.google.com/maps/place/?q=place_id:ChIJgVWWbI_3kT4RmPK48sHYhn8,ChIJgVWWbI_3kT4RmPK48sHYhn8,,,,http://www.instagram.com/naseemhotel,,,,,,3.80,,,,,315,Google,,2025-09-27,,,,,,http://www.instagram.com/naseemhotel,,,
ChIJoWOceFzljT4RMsuIdTYlGl8,al-rayyan-hotel-apartments,Al Rayyan Hotel Apartments,Hotels,,hotel;lodging,,"Al Khair St, Sib, Oman",Muscat,Oman,23.650248,58.121872,https://www.google.com/maps/place/?q=place_id:ChIJoWOceFzljT4RMsuIdTYlGl8,+968 9010 3043,https://www.google.com/maps/place/?q=place_id:ChIJoWOceFzljT4RMsuIdTYlGl8,"{""open_now"": true, ""periods"": [{""close"": {""date"": ""2025-10-03"", ""day"": 5, ""time"": ""2359"", ""truncated"": true}, ""open"": {""date"": ""2025-09-27"", ""day"": 6, ""time"": ""0000"", ""truncated"": true}}], ""weekday_text"": [""Monday: Open 24 hours"", ""Tuesday: Open 24 hours"", ""Wednesday: Open 24 hours"", ""Thursday: Open 24 hours"", ""Friday: Open 24 hours"", ""Saturday: Open 24 hours"", ""Sunday: Open 24 hours""]}",,assets/hotels/al-rayyan-hotel-apartments.jpg,Image © Google,https://www.google.com/maps/place/?q=place_id:ChIJoWOceFzljT4RMsuIdTYlGl8,ChIJoWOceFzljT4RMsuIdTYlGl8,,,,https://www.google.com/maps/place/?q=place_id:ChIJoWOceFzljT4RMsuIdTYlGl8,,,,,,3.40,,,,,754,Google,,2025-09-27,,,,,,https://www.google.com/maps/place/?q=place_id:ChIJoWOceFzljT4RMsuIdTYlGl8,,,
ChIJbYEl4lb9jT4RL1gDnXeXzkk,alsahwa-hotel,Alsahwa Hotel,Hotels,,hotel;lodging,,"Tameer st WAY, 4736 BLD NO 2845, السيب‎ 121, Oman",Muscat,Oman,23.593309,58.234305,https://www.google.com/maps/place/?q=place_id:ChIJbYEl4lb9jT4RL1gDnXeXzkk,+968 9365 6076,https://www.google.com/maps/place/?q=place_id:ChIJbYEl4lb9jT4RL1gDnXeXzkk,,,assets/hotels/alsahwa-hotel.jpg,Image © Google,https://www.google.com/maps/place/?q=place_id:ChIJbYEl4lb9jT4RL1gDnXeXzkk,ChIJbYEl4lb9jT4RL1gDnXeXzkk,,,,https://www.google.com/maps/place/?q=place_id:ChIJbYEl4lb9jT4RL1gDnXeXzkk,,,,,,4.10,,,,,131,Google,,2025-09-27,,,,,,https://www.google.com/maps/place/?q=place_id:ChIJbYEl4lb9jT4RL1gDnXeXzkk,,,
ChIJaaMcKkD9jT4RA1JOrkHGa2I,super-oyo-106-muscat-grand-hotel-apartment,Super OYO 106 Muscat Grand Hotel Apartment,Hotels,"Unpretentious hotel featuring simple rooms & apartments with kitchens, plus parking and Wi-Fi.",hotel;lodging,,"H6R9+G6, 4796, 411,Seeb, مسقط، Oman",Muscat,Oman,23.591288,58.218058,https://www.oyorooms.com/86520/,+968 22 711535,https://www.google.com/maps/place/?q=place_id:ChIJaaMcKkD9jT4RA1JOrkHGa2I,,,assets/hotels/super-oyo-106-muscat-grand-hotel-apartment.jpg,Image © Google,https://www.google.com/maps/place/?q=place_id:ChIJaaMcKkD9jT4RA1JOrkHGa2I,ChIJaaMcKkD9jT4RA1JOrkHGa2I,,,,https://www.oyorooms.com/86520/,"Unpretentious hotel featuring simple rooms & apartments with kitchens, plus parking and Wi-Fi.",,,,,3.90,,,,,224,Google,,2025-09-27,,,,,,https://www.oyorooms.com/86520/,,,
ChIJJyHzPgzljT4RgxKSn83O744,boulevard-oman-hotel-l2800099,فندق بوليفارد عمان Boulevard Oman Hotel (ترخيص سياحي رقم: L2800099),Hotels,,hotel;lodging,,"Beside Al Araimi Boulevard Mall, Building No. 8949, Complex No. 795, Street No. 6194, Muscat, السيب‎ 130, Oman",Muscat,Oman,23.657294,58.180665,https://boulevardoman.com/,+968 22 845900,https://www.google.com/maps/place/?q=place_id:ChIJJyHzPgzljT4RgxKSn83O744,,,assets/hotels/boulevard-oman-hotel-l2800099.jpg,Image © Google,https://www.google.com/maps/place/?q=place_id:ChIJJyHzPgzljT4RgxKSn83O744,ChIJJyHzPgzljT4RgxKSn83O744,,,,https://boulevardoman.com/,,,,,,4.10,,,,,625,Google,,2025-09-27,,,,,,https://boulevardoman.com/,,,
ChIJPaNM6e7njT4R6ZUsA84Cmds,summit-hotel-suites,Summit Hotel Suites - القمة للأجنحة الفندقيه,Hotels,,hotel;lodging,,"Al Mabaila, Seeb, Muscat Way No: 7780, مسقط، Oman",Muscat,Oman,23.645398,58.090465,http://www.summithotelsuites.com/en,+968 9069 4976,https://www.google.com/maps/place/?q=place_id:ChIJPaNM6e7njT4R6ZUsA84Cmds,,,assets/hotels/summit-hotel-suites.jpg,Image © Google,https://www.google.com/maps/place/?q=place_id:ChIJPaNM6e7njT4R6ZUsA84Cmds,ChIJPaNM6e7njT4R6ZUsA84Cmds,,,,http://www.summithotelsuites.com/en,,,,,,4.20,,,,,123,Google,,2025-09-27,,,,,,http://www.summithotelsuites.com/en,,,
ChIJiRJw0tz_kT4RI_c6SxYShzQ,muscat-gate-hotel,Muscat Gate Hotel,Hotels,"Casual hotel featuring a buffet restaurant & a cafe, as well as an exercise room.",hotel;lodging,,"Building 336, Way 99, Al, H8JP+F35, 111 Jamil Akbar St, مسقط، Oman",Muscat,Oman,23.581313,58.335136,http://www.muscatgatehotel.com/,+968 24 511238,https://www.google.com/maps/place/?q=place_id:ChIJiRJw0tz_kT4RI_c6SxYShzQ,,,assets/hotels/muscat-gate-hotel.jpg,Image © Google,https://www.google.com/maps/place/?q=place_id:ChIJiRJw0tz_kT4RI_c6SxYShzQ,ChIJiRJw0tz_kT4RI_c6SxYShzQ,,,,http://www.muscatgatehotel.com/,"Casual hotel featuring a buffet restaurant & a cafe, as well as an exercise room.",,,,,4.30,,,,,525,Google,,2025-09-27,,,,,,http://www.muscatgatehotel.com/,,,
ChIJD28Lrd_kjT4ReugPyQwR8Qk,ramee-dream-resort-seeb,"Ramee Dream Resort, Seeb",Hotels,"Relaxed rooms & suites, plus an Indian restaurant, an outdoor pool & a fitness center.",hotel;lodging,,"Way 6405, Sib 121, Oman",Muscat,Oman,23.688360,58.169412,https://www.rameehotels.com/ramee-dream-resort/,+968 24 453399,https://www.google.com/maps/place/?q=place_id:ChIJD28Lrd_kjT4ReugPyQwR8Qk,,,assets/hotels/ramee-dream-resort-seeb.jpg,Image © Google,https://www.google.com/maps/place/?q=place_id:ChIJD28Lrd_kjT4ReugPyQwR8Qk,ChIJD28Lrd_kjT4ReugPyQwR8Qk,,,,https://www.rameehotels.com/ramee-dream-resort/,"Relaxed rooms & suites, plus an Indian restaurant, an outdoor pool & a fitness center.",,,,,3.80,,,,,947,Google,,2025-09-27,,,,,,https://www.rameehotels.com/ramee-dream-resort/,,,
ChIJzStgUaX_kT4RYLapwcgvuJs,ramada-encore-by-wyndham-muscat-al-ghubra,Ramada Encore by Wyndham Muscat Al-Ghubra,Hotels,"Streamlined quarters in a relaxed hotel offering a rooftop pool, a fitness room & a restaurant.",hotel;lodging,,"Sultan Qaboos Highway Building 374 Way no. 4011, مسقط، Oman",Muscat,Oman,23.586438,58.406164,https://www.wyndhamhotels.com/ramada/muscat-oman/ramada-encore-muscat-al-ghubra/overview?CID=LC:RA::GGL:RIO:National:49291&iata=00093796,+968 22 370000,https://www.google.com/maps/place/?q=place_id:ChIJzStgUaX_kT4RYLapwcgvuJs,,,assets/hotels/ramada-encore-by-wyndham-muscat-al-ghubra.jpg,Image © Google,https://www.google.com/maps/place/?q=place_id:ChIJzStgUaX_kT4RYLapwcgvuJs,ChIJzStgUaX_kT4RYLapwcgvuJs,,,,https://www.wyndhamhotels.com/ramada/muscat-oman/ramada-encore-muscat-al-ghubra/overview?CID=LC:RA::GGL:RIO:National:49291&iata=00093796,"Streamlined quarters in a relaxed hotel offering a rooftop pool, a fitness room & a restaurant.",,,,,4.50,,,,,1310,Google,,2025-09-27,,,,,,https://www.wyndhamhotels.com/ramada/muscat-oman/ramada-encore-muscat-al-ghubra/overview?CID=LC:RA::GGL:RIO:National:49291&iata=00093796,,,
ChIJxTIG8Ab3kT4RCuuX6kFg1l0,ramee-guestline-hotel-qurum,"Ramee Guestline Hotel, Qurum",Hotels,"Polished hotel with modern rooms & suites, plus 2 vibrant restaurants, a 24-hour cafe & 2 bars.",hotel;lodging,,"Way No : 1622، Muscat 114, Oman",Muscat,Oman,23.627820,58.486353,https://www.rameehotels.com/ramee-guestline-hotel/,+968 24 564443,https://www.google.com/maps/place/?q=place_id:ChIJxTIG8Ab3kT4RCuuX6kFg1l0,"{""open_now"": true, ""periods"": [{""close"": {""date"": ""2025-10-03"", ""day"": 5, ""time"": ""2359"", ""truncated"": true}, ""open"": {""date"": ""2025-09-27"", ""day"": 6, ""time"": ""0000"", ""truncated"": true}}], ""weekday_text"": [""Monday: Open 24 hours"", ""Tuesday: Open 24 hours"", ""Wednesday: Open 24 hours"", ""Thursday: Open 24 hours"", ""Friday: Open 24 hours"", ""Saturday: Open 24 hours"", ""Sunday: Open 24 hours""]}",,assets/hotels/ramee-guestline-hotel-qurum.jpg,Image © Google,https://www.google.com/maps/place/?q=place_id:ChIJxTIG8Ab3kT4RCuuX6kFg1l0,ChIJxTIG8Ab3kT4RCuuX6kFg1l0,,,,https://www.rameehotels.com/ramee-guestline-hotel/,"Polished hotel with modern rooms & suites, plus 2 vibrant restaurants, a 24-hour cafe & 2 bars.",,,,,3.90,,,,,1475,Google,,2025-09-27,,,,,,https://www.rameehotels.com/ramee-guestline-hotel/,,,
ChIJZ3wi74XjjT4RG1EjigECGsw,be-inn-hotel,Be Inn Hotel فندق بي إن,Hotels,"Refined quarters in a relaxed hotel offering a lobby cafe, a restaurant & meeting space, plus a gym.",hotel;lodging,,"Al Khoudh Road, Opposite S.Q.U, 6 شارع الخوض، السيب‎ 123, Oman",Muscat,Oman,23.601992,58.159019,http://www.beinnhotel.com/,+968 24 070800,https://www.google.com/maps/place/?q=place_id:ChIJZ3wi74XjjT4RG1EjigECGsw,"{""open_now"": true, ""periods"": [{""close"": {""date"": ""2025-10-03"", ""day"": 5, ""time"": ""2359"", ""truncated"": true}, ""open"": {""date"": ""2025-09-27"", ""day"": 6, ""time"": ""0000"", ""truncated"": true}}], ""weekday_text"": [""Monday: Open 24 hours"", ""Tuesday: Open 24 hours"", ""Wednesday: Open 24 hours"", ""Thursday: Open 24 hours"", ""Friday: Open 24 hours"", ""Saturday: Open 24 hours"", ""Sunday: Open 24 hours""]}",,assets/hotels/be-inn-hotel.jpg,Image © Google,https://www.google.com/maps/place/?q=place_id:ChIJZ3wi74XjjT4RG1EjigECGsw,ChIJZ3wi74XjjT4RG1EjigECGsw,,,,http://www.beinnhotel.com/,"Refined quarters in a relaxed hotel offering a lobby cafe, a restaurant & meeting space, plus a gym.",,,,,4.10,,,,,172,Google,,2025-09-27,,,,,,http://www.beinnhotel.com/,,,
ChIJ29sX72j9jT4RMIfEXXjKA8Y,season-inn-hotel-al-hail,Season Inn Hotel_Al hail,Hotels,,hotel;lodging,,"1284 Way, Sib 320, Oman",Muscat,Oman,23.652231,58.214029,https://www.google.com/maps/place/?q=place_id:ChIJ29sX72j9jT4RMIfEXXjKA8Y,+968 7172 2222,https://www.google.com/maps/place/?q=place_id:ChIJ29sX72j9jT4RMIfEXXjKA8Y,,,assets/hotels/season-inn-hotel-al-hail.jpg,Image © Google,https://www.google.com/maps/place/?q=place_id:ChIJ29sX72j9jT4RMIfEXXjKA8Y,ChIJ29sX72j9jT4RMIfEXXjKA8Y,,,,https://www.google.com/maps/place/?q=place_id:ChIJ29sX72j9jT4RMIfEXXjKA8Y,,,,,,4.30,,,,,155,Google,,2025-09-27,,,,,,https://www.google.com/maps/place/?q=place_id:ChIJ29sX72j9jT4RMIfEXXjKA8Y,,,
ChIJGbehgav_kT4RJdPFVM0eoAE,fraser-suites-muscat,Fraser Suites Muscat,Hotels,"Upscale apartment hotel offering a warm restaurant & a rooftop pool, plus a spa & a gym.",hotel;lodging,,"HCH6+VMQ, 23rd July St, Muscat, Oman",Muscat,Oman,23.579303,58.411748,http://www.frasershospitality.com/en/oman/muscat/fraser-suites-muscat/?utm_source=google_map&utm_medium=organic,+968 22 008800,https://www.google.com/maps/place/?q=place_id:ChIJGbehgav_kT4RJdPFVM0eoAE,"{""open_now"": true, ""periods"": [{""close"": {""date"": ""2025-10-03"", ""day"": 5, ""time"": ""2359"", ""truncated"": true}, ""open"": {""date"": ""2025-09-27"", ""day"": 6, ""time"": ""0000"", ""truncated"": true}}], ""weekday_text"": [""Monday: Open 24 hours"", ""Tuesday: Open 24 hours"", ""Wednesday: Open 24 hours"", ""Thursday: Open 24 hours"", ""Friday: Open 24 hours"", ""Saturday: Open 24 hours"", ""Sunday: Open 24 hours""]}",,assets/hotels/fraser-suites-muscat.jpg,Image © Google,https://www.google.com/maps/place/?q=place_id:ChIJGbehgav_kT4RJdPFVM0eoAE,ChIJGbehgav_kT4RJdPFVM0eoAE,,,,http://www.frasershospitality.com/en/oman/muscat/fraser-suites-muscat/?utm_source=google_map&utm_medium=organic,"Upscale apartment hotel offering a warm restaurant & a rooftop pool, plus a spa & a gym.",,,,,4.70,,,,,2577,Google,,2025-09-27,,,,,,http://www.frasershospitality.com/en/oman/muscat/fraser-suites-muscat/?utm_source=google_map&utm_medium=organic,,,
