id,slug,name,category,tagline,tags,neighborhood,address,city,country,lat,lng,maps_url,website,phone,url,logo_url,hero_url,image_credit,image_source_url,hours_raw,description,about_short,about_long,price_range,pricing,amenities,cuisines,meals,rating_overall,sub_food_quality,sub_service,sub_ambience,sub_value,sub_accessibility,review_count,review_source,review_insight,last_updated,services,coverage_area,truck_sizes,packing_materials,storage_available,insurance_offered,free_quote_url,quote_url,booking_url,tracking_url,brochure_url,packing,unpacking,storage,international_moving,local_moving,office_moving,residential_moving,vehicle_shipping,pet_relocation,insurance,customs_clearance,heavy_lift,boxes_supplies,approx_price_min,approx_price_max
ChIJt68xrWsBjj4RHC0-Z8iN3P0,ags-movers-oman,AGS Movers Oman,Moving & Storage,,moving;relocation;storage;packers,,"Warehouse #4, Way 5019, Muscat 100, Oman",Muscat,Oman,23.571454,58.371857,https://www.google.com/maps/place/?q=place_id:ChIJt68xrWsBjj4RHC0-Z8iN3P0,https://www.agsmovers.com/branches/middle-east/oman/oman/,+968 24 231699,https://www.agsmovers.com/branches/middle-east/oman/oman/,https://www.google.com/s2/favicons?domain=www.agsmovers.com&sz=128,https://www.agsmovers.com/wp-content/uploads/2017/12/ags-north-africa-middle-east-branch-3.jpg,,,,,"AGS Movers Oman offers professional local and international removals, packing, storage, vehicle moving, and insurance. Move to and from Muscat effortlessly.","AGS Movers Oman offers professional local and international removals, packing, storage, vehicle moving, and insurance. Move to and from Muscat effortlessly. Are you searching for a trusted moving company that serves the whole of Oman, including major cities like Muscat, Salalah, Sohar, Nizwa, Sur, and beyond? Based in the Oman, AGS Movers Oman is your dedicated international removals partner, offering specialised moving and storage services for individuals and businesses nationwide. With AGS Movers Oman, you can count on a professional and seamless move, no matter where your destination lies…",,,packing;unpacking;storage;international moving;local moving;vehicle shipping;insurance;customs clearance;boxes & supplies,,,4.90,,,,,,19,Google,,2025-10-04,,,,,,,,https://www.agsmovers.com/moving-quote/,,,,Yes,Yes,Yes,Yes,Yes,,,Yes,,Yes,Yes,,Yes,,
ChIJaxq-kDf_kT4RogLWUdtL6Vc,al-sarmi-transport,AL SARMI TRANSPORT,Moving & Storage,,moving;relocation;storage;packers,,"HCMF+993, Muscat, Oman",Muscat,Oman,23.583386,58.423429,https://www.google.com/maps/place/?q=place_id:ChIJaxq-kDf_kT4RogLWUdtL6Vc,https://www.google.com/maps/place/?q=place_id:ChIJaxq-kDf_kT4RogLWUdtL6Vc,+968 9989 9885,https://www.google.com/maps/place/?q=place_id:ChIJaxq-kDf_kT4RogLWUdtL6Vc,https://www.google.com/s2/favicons?domain=www.google.com&sz=128,https://lh3.googleusercontent.com/gps-cs-s/AC9h4noelhmK22XL-I8-KkJ_SJpjFQw56-IAV-Ab0G0NpuLUKa18bB7EvqmnwfZt7xfxumF92DJ2qEanfqjbGVzRtsa6pLhivYgcYsZpZKXUWHHO1qz8mLVVoe0UiIl4FrpUae9yhcWd=w900-h900-p-k-no,,,,,★★★★☆ · Mover,★★★★☆ · Mover,,,,,,3.90,,,,,,7,Google,,2025-10-04,,,,,,,,,,,,,,,,,,,,,,,,,,
ChIJjTGJO7n_kT4RzWBqivc1J_w,aus-movers-logistics,AUS Movers & Logistics,Moving & Storage,,moving;relocation;storage;packers,,"North Al-Ghubrah, Muscat 112, Oman",Muscat,Oman,23.574836,58.400958,https://www.google.com/maps/place/?q=place_id:ChIJjTGJO7n_kT4RzWBqivc1J_w,http://www.ausmoversoman.com/,+968 7713 0203,http://www.ausmoversoman.com/,https://www.google.com/s2/favicons?domain=www.ausmoversoman.com&sz=128,https://ausmoversoman.com/wp-content/uploads/2024/11/aus_logo.png,,,,,"AUS Movers & Logistics: Trusted experts in relocation, packing, and storage services in Oman. Reliable and affordable solutions for office and home moving.","AUS Movers & Logistics: Trusted experts in relocation, packing, and storage services in Oman. Reliable and affordable solutions for office and home moving. Premium Professional Movers for Residential, Commercial & International Moving Services",,,packing;unpacking;storage;international moving;local moving;office moving;residential moving;pet relocation;customs clearance;boxes & supplies,,,4.90,,,,,,50,Google,,2025-10-04,,,,,,,,https://ausmoversoman.com/,,,,Yes,Yes,Yes,Yes,Yes,Yes,Yes,,Yes,,Yes,,Yes,,
ChIJMRo7wzgBjj4RbCsFsUSWcVw,ali-moving-solutions-movers-and-shifting-services,Ali Moving Solutions (Movers and Shifting Services),Moving & Storage,,moving;relocation;storage;packers,,"Flat No. 105, Building No. 13, Al، Muscat, Oman",Muscat,Oman,23.584865,58.369791,https://www.google.com/maps/place/?q=place_id:ChIJMRo7wzgBjj4RbCsFsUSWcVw,https://www.google.com/maps/place/?q=place_id:ChIJMRo7wzgBjj4RbCsFsUSWcVw,+968 9670 6371,https://www.google.com/maps/place/?q=place_id:ChIJMRo7wzgBjj4RbCsFsUSWcVw,https://www.google.com/s2/favicons?domain=www.google.com&sz=128,https://lh3.googleusercontent.com/p/AF1QipOPlKDeaN4YdzyqT1V7uqQsGmPpUvko9kXNTxk6=w900-h900-p-k-no,,,,,★★★★★ · Mover,★★★★★ · Mover,,,,,,4.70,,,,,,3,Google,,2025-10-04,,,,,,,,,,,,,,,,,,,,,,,,,,
ChIJcdThoS7_kT4RYIck_5uuQlY,allied-logistics-llc,Allied Logistics LLC,Moving & Storage,,moving;relocation;storage;packers,,"Warehouse #4, Way 5019, Ghala Industrial Muscat OM, مسقط 100, Oman",Muscat,Oman,23.571761,58.372045,https://www.google.com/maps/place/?q=place_id:ChIJcdThoS7_kT4RYIck_5uuQlY,http://www.alliedlogistics.co.om/,+968 22 071177,http://www.alliedlogistics.co.om/,https://www.google.com/s2/favicons?domain=www.alliedlogistics.co.om&sz=128,https://www.omanobserver.om/omanobserver/uploads/images/2025/03/18/2958649.jpg,,,,,,,,,,,,3.90,,,,,,33,Google,,2025-10-04,,,,,,,,,,,,,,,,,,,,,,,,,,
ChIJRcaZLtFpXz4RI9M3N5bP-qU,allied-moving-services-uae,Allied Moving Services UAE,Moving & Storage,,moving;relocation;storage;packers,,"Boulevard Plaza Tower 1 - 9th Floor, Office - 22 Sheikh Mohammed bin Rashid Blvd - Burj Khalifa - Dubai - United Arab Emirates",Muscat,Oman,25.199986,55.275023,https://www.google.com/maps/place/?q=place_id:ChIJRcaZLtFpXz4RI9M3N5bP-qU,http://www.allied.com/ae?utm_source=google&utm_medium=organic&utm_campaign=GBP,+971 4 818 0400,http://www.allied.com/ae?utm_source=google&utm_medium=organic&utm_campaign=GBP,https://www.google.com/s2/favicons?domain=www.allied.com&sz=128,https://avlnavlblob.blob.core.windows.net/allied-com/images/librariesprovider2/default-album/uae-resize-home.jpg?sfvrsn=b80b49fb_6,,,,,"Whether moving overseas or domestically, our award winning team of packers & movers are professional, reliable & efficient. Contact us today!","Whether moving overseas or domestically, our award winning team of packers & movers are professional, reliable & efficient. Contact us today! Welcome to Allied Moving Services UAE, your partner in seamless and stress-free relocations. With a global legacy of excellence, we bring world-class moving expertise to the heart of the United Arab Emirates. Our team of dedicated movers and packers with years of experience navigating the intricacies of the UAE are committed to making your move a success down to every detail.",,,packing;unpacking;storage;international moving;local moving;office moving;pet relocation;insurance;boxes & supplies,,,3.70,,,,,,79,Google,,2025-10-04,,,,,,,,https://www.allied.com/ae/?utm_source=google&utm_medium=organic&utm_campaign=GBP#thankYouForm,,https://www.allied.com/ae/resources/track-your-move,,Yes,Yes,Yes,Yes,Yes,Yes,,,Yes,Yes,,,Yes,,
ChIJ39Hh54DaRT4RnlnzPij32xs,almas-movers-international-domestic-international-moving-company,Almas Movers International | Domestic & International Moving Company,Moving & Storage,,moving;relocation;storage;packers,,"Building 317, Office 01, Street 250, Zone 43, Fereej Al Ali, الدوحة، Qatar",Muscat,Oman,25.254097,51.512644,https://www.google.com/maps/place/?q=place_id:ChIJ39Hh54DaRT4RnlnzPij32xs,http://www.almasintl.com/,+974 4435 5663,http://www.almasintl.com/,https://www.google.com/s2/favicons?domain=www.almasintl.com&sz=128,https://www.omanobserver.om/omanobserver/uploads/images/2024/06/25/2701550.jpg,,,,,,,,,international moving,,,4.90,,,,,,1238,Google,,2025-10-04,,,,,,,,,,,,,,,Yes,,,,,,,,,,,
ChIJhYxdsYDdxUcR_BSDaXZmziI,atlas-international-movers-bv,Atlas International Movers BV,Moving & Storage,,moving;relocation;storage;packers,,"Bennebroekerweg 281, 1435 CJ Rijsenhout, Netherlands",Muscat,Oman,52.267545,4.698374,https://www.google.com/maps/place/?q=place_id:ChIJhYxdsYDdxUcR_BSDaXZmziI,http://www.atlas-movers.nl/,+31 297 348 281,http://www.atlas-movers.nl/,https://www.google.com/s2/favicons?domain=www.atlas-movers.nl&sz=128,https://atlas-movers.com/wp-content/uploads/2022/12/Atlas-movers-7.png,,,,,Atlas International Movers provides international moving services. ✔️Many years of experience ✔️ Worldwide network of trusted partners,"Atlas International Movers provides international moving services. ✔️Many years of experience ✔️ Worldwide network of trusted partners Tell us where you are moving to, we will get you there safely and swiftly",,,storage;international moving;office moving,,,4.00,,,,,,89,Google,,2025-10-04,,,,,,,,https://atlas-movers.com/quotation/,https://atlas-movers.com/wp-content/uploads/2025/01/AVVV-AVVV-BE-AVBV-AVHD-PV05-Terms-and-Conditions-2025.pdf,https://atlas-movers.com/wp-content/uploads/2025/01/AVVV-AVVV-BE-AVBV-AVHD-PV05-Terms-and-Conditions-2025.pdf,https://atlas-movers.com/wp-content/uploads/2025/01/AVVV-AVVV-BE-AVBV-AVHD-PV05-Terms-and-Conditions-2025.pdf,,,Yes,Yes,,Yes,,,,,,,,,
ChIJzUtZyV75kT4RKAWwylEChBw,best-movers,Best Movers,Moving & Storage,,moving;relocation;storage;packers,,"Ruwi Building Number 2411, Road 4535, Muscat 417, Oman",Muscat,Oman,23.587414,58.543193,https://www.google.com/maps/place/?q=place_id:ChIJzUtZyV75kT4RKAWwylEChBw,https://www.google.com/maps/place/?q=place_id:ChIJzUtZyV75kT4RKAWwylEChBw,+968 7981 3112,https://www.google.com/maps/place/?q=place_id:ChIJzUtZyV75kT4RKAWwylEChBw,https://www.google.com/s2/favicons?domain=www.google.com&sz=128,https://lh3.googleusercontent.com/p/AF1QipMFnsfwFJZMnKzziUSW6lVDF4g3NXTsGm5THo5a=w900-h900-p-k-no,,,,,★★★★★ · Mover,★★★★★ · Mover,,,,,,5.00,,,,,,3,Google,,2025-10-04,,,,,,,,,,,,,,,,,,,,,,,,,,
ChIJ4Q04QvhDXz4Rt5w_uDoqThE,best-movers-and-packers-dubai,Best Movers and Packers Dubai,Moving & Storage,,moving;relocation;storage;packers,,"Business Bay, Prism Tower - Office # 702 Al Mustaqbal St - Zaa'beel Second - Za'abeel 2 - Dubai - United Arab Emirates",Muscat,Oman,25.206215,55.278928,https://www.google.com/maps/place/?q=place_id:ChIJ4Q04QvhDXz4Rt5w_uDoqThE,https://www.topbestmovers.com/,+971 50 951 9430,https://www.topbestmovers.com/,https://www.google.com/s2/favicons?domain=www.topbestmovers.com&sz=128,https://moverz.themeht.com/wp-content/uploads/2024/10/get4.9d737c55f921f22aafb6.png,,,,,Dubai MoversFast Movers and Packers We Make Moving Cheap & Safe. Experience hassle-free journeys with our movers and packers solutions that prioritize your comfort. Get A Quote Watch Now Local…,"Dubai MoversFast Movers and Packers We Make Moving Cheap & Safe. Experience hassle-free journeys with our movers and packers solutions that prioritize your comfort. Get A Quote Watch Now Local MoversAffordable Movers and Packers Careful MovesMade Easy. Office Relocation, Removal Services, Exhibitions Events, Storage Services in Dubai, UAE. Get A Quote Watch Now Moving Safely […] Experience hassle-free journeys with our movers and packers solutions that prioritize your comfort.",,,packing;storage;international moving;local moving;office moving;residential moving;insurance,,,4.90,,,,,,194,Google,,2025-10-04,,,,,,,,https://www.topbestmovers.com/contact,,,,Yes,,Yes,Yes,Yes,Yes,Yes,,,Yes,,,,,
ChIJeRLkShD5kT4Rb05M_zFHqVY,bestmoversoman,Bestmoversoman,Moving & Storage,,moving;relocation;storage;packers,,"1122 RUWI OM, Muscat 114, Oman",Muscat,Oman,23.597531,58.540170,https://www.google.com/maps/place/?q=place_id:ChIJeRLkShD5kT4Rb05M_zFHqVY,https://www.bestmoversoman.com/,+968 9741 2541,https://www.bestmoversoman.com/,https://www.google.com/s2/favicons?domain=www.bestmoversoman.com&sz=128,https://bestmoversoman.com/wp-content/uploads/2025/07/Banner-01.jpg,,,,,,"Best Packers & Movers Oman is a trusted name in the logistics and relocation industry, proudly serving individuals and businesses across Oman with reliable, efficient, and tailored moving solutions. With a strong reputation built on years of experience, our company has become synonymous with professionalism, safety, and customer satisfaction. We specialize in a wide range of services including residential and office relocation, local and international shipping, vehicle transport, secure storage solutions, and comprehensive packing and unpacking services.",,,packing;unpacking;storage;international moving;office moving;customs clearance;boxes & supplies,,,4.40,,,,,,7,Google,,2025-10-04,,,,,,,,,,,,Yes,Yes,Yes,Yes,,Yes,,,,,Yes,,Yes,,
ChIJUe9BM2T_kT4RT5ZV0xhYq0k,bhatti-mover-oman,Bhatti Mover Oman,Moving & Storage,,moving;relocation;storage;packers,,"Sultan Qaboos St, Muscat 130, Oman",Muscat,Oman,23.590667,58.410834,https://www.google.com/maps/place/?q=place_id:ChIJUe9BM2T_kT4RT5ZV0xhYq0k,https://bhattimoveroman.com/,+968 7909 2634,https://bhattimoveroman.com/,https://www.google.com/s2/favicons?domain=bhattimoveroman.com&sz=128,https://bhattimoveroman.com/wp-content/uploads/2025/07/Bhatti-Movers-e1751718836169.png,,,,,We Make Moving Fast & EasyCheap & Safe,"We Make Moving Fast & EasyCheap & Safe From packing your memories to placing your future, Bhatti Movers turns moving into a breeze. Whether it’s local or international—we handle it all, so you don’t have to.",,,packing;unpacking;storage;international moving;local moving;office moving;residential moving;vehicle shipping;boxes & supplies,,,5.00,,,,,,3,Google,,2025-10-04,,,,,,,,,,,,Yes,Yes,Yes,Yes,Yes,Yes,Yes,Yes,,,,,Yes,,
ChIJ-QqdNgD5kT4Ri2sQjiv-R3Q,billamovers,Billamovers,Moving & Storage,,moving;relocation;storage;packers,,"HGQV+PWP, Ruwi St, Muscat, Oman",Muscat,Oman,23.589350,58.544843,https://www.google.com/maps/place/?q=place_id:ChIJ-QqdNgD5kT4Ri2sQjiv-R3Q,https://www.google.com/maps/place/?q=place_id:ChIJ-QqdNgD5kT4Ri2sQjiv-R3Q,,https://www.google.com/maps/place/?q=place_id:ChIJ-QqdNgD5kT4Ri2sQjiv-R3Q,https://www.google.com/s2/favicons?domain=www.google.com&sz=128,https://streetviewpixels-pa.googleapis.com/v1/thumbnail?panoid=YCw-5nZgbp2P8zC1-s_E5w&cb_client=search.gws-prod.gps&w=900&h=900&yaw=192.73062&pitch=0&thumbfov=100,,,,,Moving and storage service,Moving and storage service,,,,,,,,,,,,,,,2025-10-04,,,,,,,,,,,,,,,,,,,,,,,,,,
ChIJj2hQAaFpXz4RxinIYwG7sHs,brightlink-cargo-and-movers-llc,BrightLink Cargo and Movers LLC,Moving & Storage,,moving;relocation;storage;packers,,Al Asayel St - Business Bay - Dubai - United Arab Emirates,Muscat,Oman,25.187331,55.280591,https://www.google.com/maps/place/?q=place_id:ChIJj2hQAaFpXz4RxinIYwG7sHs,https://www.brightlinkcargo.com/,+971 50 424 6869,https://www.brightlinkcargo.com/,https://www.google.com/s2/favicons?domain=www.brightlinkcargo.com&sz=128,https://www.brightlinkcargo.com/wp-content/uploads/2024/09/logistics-services-company-home-img.webp,,,,,"BrightLink Shipping and Logistics offers shipping, logistics, freight forwarding, customs clearance, warehousing, and moving services in UAE.","BrightLink Shipping and Logistics offers shipping, logistics, freight forwarding, customs clearance, warehousing, and moving services in UAE. Efficient Freight Forwarding, Moving, Storage, and Cargo Solutions with a Global Reach: BrightLink Shipping and Logistics, Your Trusted Logistics Partner in UAE.",,,packing;storage;international moving;local moving;office moving;vehicle shipping;customs clearance;boxes & supplies,,,5.00,,,,,,29,Google,,2025-10-04,,,,,,,,https://www.brightlinkcargo.com/shipping-quote/,,https://www.brightlinkcargo.com/shipment-tracking/,,Yes,,Yes,Yes,Yes,Yes,,Yes,,,Yes,,Yes,,
ChIJFzFsDotDXz4RmYS3oi0peXM,brightlink-cargo-and-movers-llc,BrightLink Cargo and Movers LLC,Moving & Storage,,moving;relocation;storage;packers,,7 Street - Ras Al Khor Industrial Area - Ras Al Khor Industrial Area 2 - Dubai - United Arab Emirates,Muscat,Oman,25.182370,55.354230,https://www.google.com/maps/place/?q=place_id:ChIJFzFsDotDXz4RmYS3oi0peXM,https://www.brightlinkcargo.com/,+971 50 643 6869,https://www.brightlinkcargo.com/,https://www.google.com/s2/favicons?domain=www.brightlinkcargo.com&sz=128,https://www.brightlinkcargo.com/wp-content/uploads/2024/09/logistics-services-company-home-img.webp,,,,,"BrightLink Shipping and Logistics offers shipping, logistics, freight forwarding, customs clearance, warehousing, and moving services in UAE.","BrightLink Shipping and Logistics offers shipping, logistics, freight forwarding, customs clearance, warehousing, and moving services in UAE. Efficient Freight Forwarding, Moving, Storage, and Cargo Solutions with a Global Reach: BrightLink Shipping and Logistics, Your Trusted Logistics Partner in UAE.",,,packing;storage;international moving;local moving;office moving;vehicle shipping;customs clearance;boxes & supplies,,,5.00,,,,,,5,Google,,2025-10-04,,,,,,,,https://www.brightlinkcargo.com/shipping-quote/,,https://www.brightlinkcargo.com/shipment-tracking/,,Yes,,Yes,Yes,Yes,Yes,,Yes,,,Yes,,Yes,,
ChIJydvLqwn9jT4RmAqoLlbUKGw,brightlink-shipping-and-logistics,BrightLink Shipping and Logistics,Moving & Storage,,moving;relocation;storage;packers,,"Al Seeb Street Al Seeb, مسقط، Oman",Muscat,Oman,23.648002,58.216423,https://www.google.com/maps/place/?q=place_id:ChIJydvLqwn9jT4RmAqoLlbUKGw,https://www.brightlinkcargo.com/en-om/,+968 7277 7405,https://www.brightlinkcargo.com/en-om/,https://www.google.com/s2/favicons?domain=www.brightlinkcargo.com&sz=128,https://www.brightlinkcargo.com/en-om/wp-content/uploads/sites/2/2024/09/logistics-services-company-home-img.webp,,,,,"BrightLink Shipping and Logistics offers shipping, logistics, freight forwarding, customs clearance, warehousing, and moving services in Oman.","BrightLink Shipping and Logistics offers shipping, logistics, freight forwarding, customs clearance, warehousing, and moving services in Oman. Innovative Freight Forwarding Solutions with Global Expertise: BrightLink Shipping and Logistics, Your Premier Logistics Partner in Oman",,,packing;storage;international moving;local moving;office moving;vehicle shipping;customs clearance;boxes & supplies,,,3.80,,,,,,10,Google,,2025-10-04,,,,,,,,https://www.brightlinkcargo.com/en-om/shipping-quote/,,https://www.brightlinkcargo.com/en-om/shipment-tracking/,,Yes,,Yes,Yes,Yes,Yes,,Yes,,,Yes,,Yes,,
ChIJd3Uol9RrXz4R6x7KPvkv9Zw,easytruck-moving-storage-shipping,"Easytruck Moving, Storage & Shipping.",Moving & Storage,,moving;relocation;storage;packers,,87b 6 Street - Al Quoz - Dubai - United Arab Emirates,Muscat,Oman,25.139402,55.221609,https://www.google.com/maps/place/?q=place_id:ChIJd3Uol9RrXz4R6x7KPvkv9Zw,https://easytruck.ae/,+971 800 3279,https://easytruck.ae/,https://www.google.com/s2/favicons?domain=easytruck.ae&sz=128,https://easytruck.ae/wp-content/uploads/2022/08/Home-Banner-1200x617.png,,,,,"Easytruck™ award-winning Storage and moving companies in Dubai and Abu Dhabi with a focus on customer service. We dismantle, pack, transport & store - you relax!","Easytruck™ award-winning Storage and moving companies in Dubai and Abu Dhabi with a focus on customer service. We dismantle, pack, transport & store - you relax! Book your Dubai movers or Abu Dhabi movers online or get in touch via live chat, Whatsapp, phone or webform.",,,packing;unpacking;storage;international moving;local moving;office moving;customs clearance;boxes & supplies,,,4.90,,,,,,542,Google,,2025-10-04,,,,,,,,https://easytruck.ae/booking/,https://easytruck.ae/booking/,,,Yes,Yes,Yes,Yes,Yes,Yes,,,,,Yes,,Yes,,
ChIJ-8sYqLf_kT4RZmSg0HMdDdk,etihad-mover-oman,Etihad Mover Oman,Moving & Storage,,moving;relocation;storage;packers,,"Coral Building, 2nd Floor, Al Khuwair Muscat 133, مسقط 112, Oman",Muscat,Oman,23.594733,58.442574,https://www.google.com/maps/place/?q=place_id:ChIJ-8sYqLf_kT4RZmSg0HMdDdk,https://etihadmoveroman.com/,+968 9595 5481,https://etihadmoveroman.com/,https://www.google.com/s2/favicons?domain=etihadmoveroman.com&sz=128,https://www.omanobserver.om/omanobserver/uploads/images/2025/05/11/3009009.jpeg,,,,,,,,,,,,4.80,,,,,,10,Google,,2025-10-04,,,,,,,,,,,,,,,,,,,,,,,,,,
ChIJA0vk9Of_kT4R26RD9PayhiA,gac-international-moving,GAC International Moving,Moving & Storage,,moving;relocation;storage;packers,,"Dauhat Al Adab St, Muscat, Oman",Muscat,Oman,23.592830,58.444355,https://www.google.com/maps/place/?q=place_id:ChIJA0vk9Of_kT4R26RD9PayhiA,https://moving.gac.com/,+968 24 477800,https://moving.gac.com/,https://www.google.com/s2/favicons?domain=moving.gac.com&sz=128,https://cdn2.hubspot.net/hubfs/3816325/SETTING%20UP%20200x222px.png,,,,,"With over 60 years of experience, GAC International Moving is a trusted provider of moving and packing services across Dubai, Abu Dhabi, Qatar, Kuwait, Bahrain, Oman, and Saudi Arabia. Offering…","With over 60 years of experience, GAC International Moving is a trusted provider of moving and packing services across Dubai, Abu Dhabi, Qatar, Kuwait, Bahrain, Oman, and Saudi Arabia. Offering reliable domestic and international relocation solutions for individuals and businesses. Learn more on our website. We understand that moving to a new house isn't just about moving furniture - it’s about relocating your home and preserving cherished memories while creating new ones. That’s why our expert team of packers and movers treats your belongings with the utmost care and attention, ensuring they…",,,packing;storage;international moving;local moving;office moving,,,4.80,,,,,,14,Google,,2025-10-04,,,,,,,,https://moving.gac.com/#form-pop,,,,Yes,,Yes,Yes,Yes,Yes,,,,,,,,,
ChIJ85ztjjIBjj4RkLdG1w3zBM0,happy-movers-logistics,Happy Movers Logistics,Moving & Storage,,moving;relocation;storage;packers,,"18th November St, Muscat 130, Oman",Muscat,Oman,23.600345,58.378613,https://www.google.com/maps/place/?q=place_id:ChIJ85ztjjIBjj4RkLdG1w3zBM0,https://happymovermsct.com/,+968 9579 7617,https://happymovermsct.com/,https://www.google.com/s2/favicons?domain=happymovermsct.com&sz=128,https://happymovermsct.com/admin/uploads/Dark-Logo-15-08-2024-1723708424-Happy-Mover.png,,,,,Looking for the best movers and packers in Oman? Trust Happy Mover MSC for a stress-free and reliable moving experience. We make relocation simple for you!,"Looking for the best movers and packers in Oman? Trust Happy Mover MSC for a stress-free and reliable moving experience. We make relocation simple for you! Are you planning to change the home and office location? Are you looking for the best movers and packers in Oman for shifting your home or office? If yes, then you should go for a trusted and reliable company. Happy Mover is going to provide the perfect moving solution to you. We are one of the leading best packers and movers in Oman and for the safe, secure, and careful home and office moving services.",,,packing;unpacking;storage;international moving;local moving;office moving;residential moving,,,4.70,,,,,,29,Google,,2025-10-04,,,,,,,,https://happymovermsct.com/,,,,Yes,Yes,Yes,Yes,Yes,Yes,Yes,,,,,,,,
ChIJNTcqcZ75kT4RlIJGOQ4jIEM,home-shifting-muscat-movers,Home Shifting Muscat Movers,Moving & Storage,,moving;relocation;storage;packers,,"HGQX+MQJ, 4308 Way, Muscat, Oman",Muscat,Oman,23.589177,58.549414,https://www.google.com/maps/place/?q=place_id:ChIJNTcqcZ75kT4RlIJGOQ4jIEM,http://muscatshifting.com/,+968 9729 6647,http://muscatshifting.com/,https://www.google.com/s2/favicons?domain=muscatshifting.com&sz=128,https://www.omanobserver.om/omanobserver/uploads/images/2024/06/25/2701550.jpg,,,,,,,,,,,,5.00,,,,,,37,Google,,2025-10-04,,,,,,,,,,,,,,,,,,,,,,,,,,
ChIJDxmjOPTSQmwRUDTHBxFHR1c,horizon-al-khoudh-united-llc,Horizon Al Khoudh United LLC,Moving & Storage,,moving;relocation;storage;packers,,"Misfah Industrial Area Near Sultan Centre Warehouse, Muscat 112, Oman",Muscat,Oman,23.493663,58.259601,https://www.google.com/maps/place/?q=place_id:ChIJDxmjOPTSQmwRUDTHBxFHR1c,https://horizon-united.com/,+968 9988 2613,https://horizon-united.com/,https://www.google.com/s2/favicons?domain=horizon-united.com&sz=128,https://www.omanobserver.om/omanobserver/uploads/images/2024/06/25/2701550.jpg,,,,,,,,,,,,5.00,,,,,,1,Google,,2025-10-04,,,,,,,,,,,,,,,,,,,,,,,,,,
ChIJiYGC1-8XHxURS5O08YY_fRQ,i-movers-relocation-services-sarl,I-MOVERS RELOCATION SERVICES SARL,Moving & Storage,,moving;relocation;storage;packers,,"Karam Rahal Street Bldg Achrafieh 4883, 2nd Floor, بيروت، Lebanon",Muscat,Oman,33.877660,35.521480,https://www.google.com/maps/place/?q=place_id:ChIJiYGC1-8XHxURS5O08YY_fRQ,https://www.i-movers.com/,+961 76 507 772,https://www.i-movers.com/,https://www.google.com/s2/favicons?domain=www.i-movers.com&sz=128,https://i-movers.com/wp-content/uploads/2020/03/Untitled-1-1_edited-e1675327313284.png,,,,,,"i-movers is an international certified moving company that is fully insured, completely transparent, and provides tailored services to your specific needs.",,,packing;unpacking;storage;international moving;local moving;office moving;vehicle shipping;insurance,,,4.90,,,,,,64,Google,,2025-10-04,,,,,,,,https://i-movers.com/request-a-quote/,,,,Yes,Yes,Yes,Yes,Yes,Yes,,Yes,,Yes,,,,,
ChIJQ2FES4H5kT4RhEmGkYMiRmY,iss-relocations,ISS Relocations,Moving & Storage,,moving;relocation;storage;packers,,"45, Hatat Complex A, Ground Floor Building A, مسقط 112, Oman",Muscat,Oman,23.591932,58.523943,https://www.google.com/maps/place/?q=place_id:ChIJQ2FES4H5kT4RhEmGkYMiRmY,https://www.iss-relocations.com/,+968 24 567707,https://www.iss-relocations.com/,https://www.google.com/s2/favicons?domain=www.iss-relocations.com&sz=128,https://iss-relocations.com/wp-content/uploads/2025/05/Trusted-Experts-in-Residential-Office-International-Relocations-ISS-Relocations.jpg,,,,,"Need moving services in UAE? ISS Relocations provides expert house, office, and international relocations with end-to-end support. Get a free quote today!","Need moving services in UAE? ISS Relocations provides expert house, office, and international relocations with end-to-end support. Get a free quote today! Relocating your home, office, or even your entire life to a new country? At ISS Relocations , we understand that moving is more than just transporting boxes — it’s about ensuring a seamless journey to your next chapter. Whether you’re shifting across the street in Dubai or moving overseas from Abu Dhabi, our professional moving services in UAE are designed to take the stress out of your relocation. Local or international. Residential or…",,,packing;storage;international moving;local moving;office moving;residential moving;pet relocation;insurance;customs clearance;boxes & supplies,,,5.00,,,,,,1,Google,,2025-10-04,,,,,,,,https://iss-relocations.com/request-a-quote/,https://iss-relocations.com/e-brochure-iss-relocation/,https://iss-relocations.com/e-brochure-iss-relocation/,https://iss-relocations.com/e-brochure-iss-relocation/,Yes,,Yes,Yes,Yes,Yes,Yes,,Yes,Yes,Yes,,Yes,,
ChIJV7F9lR75kT4RVqGB-lpRqlA,iss-relocations,ISS Relocations,Moving & Storage,,moving;relocation;storage;packers,,"Warehouse 08, Vitality Logistics Warehouse Compound, 2985 Way, مسقط 112, Oman",Muscat,Oman,23.602833,58.543503,https://www.google.com/maps/place/?q=place_id:ChIJV7F9lR75kT4RVqGB-lpRqlA,https://www.iss-relocations.com/,+968 24 567707,https://www.iss-relocations.com/,https://www.google.com/s2/favicons?domain=www.iss-relocations.com&sz=128,https://iss-relocations.com/wp-content/uploads/2025/05/Trusted-Experts-in-Residential-Office-International-Relocations-ISS-Relocations.jpg,,,,,"Need moving services in UAE? ISS Relocations provides expert house, office, and international relocations with end-to-end support. Get a free quote today!","Need moving services in UAE? ISS Relocations provides expert house, office, and international relocations with end-to-end support. Get a free quote today! Relocating your home, office, or even your entire life to a new country? At ISS Relocations , we understand that moving is more than just transporting boxes — it’s about ensuring a seamless journey to your next chapter. Whether you’re shifting across the street in Dubai or moving overseas from Abu Dhabi, our professional moving services in UAE are designed to take the stress out of your relocation. Local or international. Residential or…",,,packing;storage;international moving;local moving;office moving;residential moving;pet relocation;insurance;customs clearance;boxes & supplies,,,4.70,,,,,,47,Google,,2025-10-04,,,,,,,,https://iss-relocations.com/request-a-quote/,https://iss-relocations.com/e-brochure-iss-relocation/,https://iss-relocations.com/e-brochure-iss-relocation/,https://iss-relocations.com/e-brochure-iss-relocation/,Yes,,Yes,Yes,Yes,Yes,Yes,,Yes,Yes,Yes,,Yes,,
ChIJQ6Y6G1FpXz4RMVMf4W3KtRc,idea-star-packing-materials-company-llc,Idea Star Packing Materials Company LLC,Moving & Storage,,moving;relocation;storage;packers,,Post Box number: 115299 - 26th St - Al Quoz - Al Quoz Industrial Area 4 - Dubai - United Arab Emirates,Muscat,Oman,25.110904,55.233090,https://www.google.com/maps/place/?q=place_id:ChIJQ6Y6G1FpXz4RMVMf4W3KtRc,https://www.ideastarpackingmaterials.com/,+971 55 972 5112,https://www.ideastarpackingmaterials.com/,https://www.google.com/s2/favicons?domain=www.ideastarpackingmaterials.com&sz=128,https://www.ideastarpackingmaterials.com/uploads/product/small/75.jpg,,,,,"Idea Star is the best packing materials company in Dubai, We are the best in providing perfect packing materials in Dubai and packaging materials manufacturers & Suppliers in Dubai, UAE","Idea Star is the best packing materials company in Dubai, We are the best in providing perfect packing materials in Dubai and packaging materials manufacturers & Suppliers in Dubai, UAE With more than 30 years of experience as a packaging materials supplier and manufacturer in Dubai, United Arab Emirates",,,packing;storage;boxes & supplies,,,4.70,,,,,,122,Google,,2025-10-04,,,,,,,,,,,,Yes,,Yes,,,,,,,,,,Yes,,
ChIJTZsZH-ddXz4R0pPFMLuiLFY,international-moving-company-movers-global,International Moving Company - Movers Global,Moving & Storage,,moving;relocation;storage;packers,,"Office No.SF-01, Second Floor, Galadhari Building - Al Ittihad Rd - أبو هيل - دبي - United Arab Emirates",Muscat,Oman,25.274705,55.347998,https://www.google.com/maps/place/?q=place_id:ChIJTZsZH-ddXz4R0pPFMLuiLFY,https://www.movers-global.com/,+971 4 287 9900,https://www.movers-global.com/,https://www.google.com/s2/favicons?domain=www.movers-global.com&sz=128,https://www.movers-global.com/wp-content/uploads/2019/11/happy-children-helping-parents-unpack-boxes-moving-day_1163-3940.jpg,,,,,Movers global - an international moving company in Dubai - helps you to deal with the entire job of relocation in a seamless and straightforward manner.,"Movers global - an international moving company in Dubai - helps you to deal with the entire job of relocation in a seamless and straightforward manner. Are you planning to relocate to another country or move some of your belongings? Door-to-Door, 2CBM or upto 12CBM, 20/40FT Container. Are you looking for the best International Moving companies in Dubai? Ever since 2003, Movers Global has the honor to be UAE’s premium Moving Expert.",,,packing;unpacking;storage;international moving;local moving;office moving;vehicle shipping;pet relocation;insurance;heavy lift,,,5.00,,,,,,10,Google,,2025-10-04,,,,,,,,https://movers-global.com/get-a-quote/,,https://movers-global.com/track-your-shipment/,https://movers-global.com/,Yes,Yes,Yes,Yes,Yes,Yes,,Yes,Yes,Yes,,Yes,,,
ChIJY_ZP9qr5kT4RYCMdJ5TG6Mc,mover-of-oman,Mover of Oman,Moving & Storage,,moving;relocation;storage;packers,,"4376 Ruwi OM, مسقط 112, Oman",Muscat,Oman,23.597531,58.540170,https://www.google.com/maps/place/?q=place_id:ChIJY_ZP9qr5kT4RYCMdJ5TG6Mc,http://moverofoman.com/,+968 9695 9473,http://moverofoman.com/,https://www.google.com/s2/favicons?domain=moverofoman.com&sz=128,https://www.omanobserver.om/omanobserver/uploads/images/2025/04/02/2969730.jpeg,,,,,,,,,,,,5.00,,,,,,2,Google,,2025-10-04,,,,,,,,,,,,,,,,,,,,,,,,,,
ChIJbVWzP0FZXz4RexnxgorCcf0,movers-company,Movers company,Moving & Storage,,moving;relocation;storage;packers,,Ithad street - Al Wasl - Dubai - United Arab Emirates,Muscat,Oman,25.200137,55.257409,https://www.google.com/maps/place/?q=place_id:ChIJbVWzP0FZXz4RexnxgorCcf0,https://mizanmovers.com/,+971 50 212 7269,https://mizanmovers.com/,https://www.google.com/s2/favicons?domain=mizanmovers.com&sz=128,https://mizanmovers.com/public/uploads/team-member-1.jpg,,,,,,"Don’t spend your precious time on moving your house. Shift your responsibilities to us. UAE’s largest and Top Rated Moving Service, handle your Home Relocation, while you enjoy peace of mind.",,,packing;storage;international moving;office moving,,,4.00,,,,,,1,Google,,2025-10-04,,,,,,,,https://mizanmovers.com/pricing,,,,Yes,,Yes,Yes,,Yes,,,,,,,,,
ChIJme7008CqHYkRM1Q1TZJ71_k,muscat-mover-and-packer,Muscat Mover and Packer,Moving & Storage,,moving;relocation;storage;packers,,"3961 Way, Muscat 131, Oman",Muscat,Oman,23.589040,58.544196,https://www.google.com/maps/place/?q=place_id:ChIJme7008CqHYkRM1Q1TZJ71_k,https://www.muscatmoverandpacker.com/,+968 9478 7813,https://www.muscatmoverandpacker.com/,https://www.google.com/s2/favicons?domain=www.muscatmoverandpacker.com&sz=128,https://www.omanobserver.om/omanobserver/uploads/images/2024/06/25/2701550.jpg,,,,,,,,,,,,5.00,,,,,,9,Google,,2025-10-04,,,,,,,,,,,,,,,,,,,,,,,,,,
ChIJYWYEyUr5kT4RBwlkEOEUjs0,muscat-movers-packers,Muscat Movers & Packers,Moving & Storage,,moving;relocation;storage;packers,,"Ruwi High St, Muscat 112, Oman",Muscat,Oman,23.590060,58.547062,https://www.google.com/maps/place/?q=place_id:ChIJYWYEyUr5kT4RBwlkEOEUjs0,https://www.google.com/maps/place/?q=place_id:ChIJYWYEyUr5kT4RBwlkEOEUjs0,+968 7803 8755,https://www.google.com/maps/place/?q=place_id:ChIJYWYEyUr5kT4RBwlkEOEUjs0,https://www.google.com/s2/favicons?domain=www.google.com&sz=128,https://lh3.googleusercontent.com/p/AF1QipPDryxsBZWWWEA8Qklw-kIzDC0ftdjfeoPBfjOW=w900-h900-p-k-no,,,,,★★★★★ · Mover,★★★★★ · Mover,,,,,,5.00,,,,,,10,Google,,2025-10-04,,,,,,,,,,,,,,,,,,,,,,,,,,
ChIJnUV2g1QpRAIR7taofj_26Qw,muscat-movers-packers,Muscat Movers & Packers,Moving & Storage,,moving;relocation;storage;packers,,"HGQV+8JM Near by Arab & India Spices, Ruwi St, Muscat 112, Oman",Muscat,Oman,23.613321,58.543317,https://www.google.com/maps/place/?q=place_id:ChIJnUV2g1QpRAIR7taofj_26Qw,http://muscatmoverspackers.com/,+968 9899 0141,http://muscatmoverspackers.com/,https://www.google.com/s2/favicons?domain=muscatmoverspackers.com&sz=128,https://muscatmoverspackers.com/wp-content/uploads/2025/07/portrait-of-happy-woman-with-curly-hair-at-park-1024x1024.jpg,,,,,,"At Muscat Movers & Packers Services, we are proud to be a trusted moving company in Oman, offering top-quality relocation solutions tailored to meet your needs. With years of expertise and a highly skilled team, we ensure your move is smooth, stress-free, and professionally managed.",,,packing;storage;international moving;office moving;residential moving,,,4.70,,,,,,21,Google,,2025-10-04,,,,,,,,https://muscatmoverspackers.com/,,,,Yes,,Yes,Yes,,Yes,Yes,,,,,,,,
ChIJM5-Zren_kT4R_wjC0Ml87VQ,muscat-packaging-movers-llc,Muscat Packaging & Movers LLC,Moving & Storage,,moving;relocation;storage;packers,,"Way 9326 Block no 293 Misfah as safil, Misfah As Safil 112, Oman",Muscat,Oman,23.468768,58.265215,https://www.google.com/maps/place/?q=place_id:ChIJM5-Zren_kT4R_wjC0Ml87VQ,http://www.mpm-movers.com/,+968 9820 1154,http://www.mpm-movers.com/,https://www.google.com/s2/favicons?domain=www.mpm-movers.com&sz=128,https://mpm-movers.com/wp-content/uploads/2024/01/2-2-150x150.png,,,,,Get a Free Quote Please enable JavaScript in your browser to complete this form.Please enable JavaScript in your browser to,"Get a Free Quote Please enable JavaScript in your browser to complete this form.Please enable JavaScript in your browser to Way 9326 Block no 293 Misfah as safil, 112, Muscat, Sultanate of Oman",,,packing;unpacking;storage;international moving;local moving;office moving,,,4.60,,,,,,32,Google,,2025-10-04,,,,,,,,,,,,Yes,Yes,Yes,Yes,Yes,Yes,,,,,,,,,
ChIJv6_PmDX5kT4R-5J0b49yPWc,muscat-pro-services,Muscat Pro Services,Moving & Storage,,moving;relocation;storage;packers,,"Summer sand hotel wadi kabir ruwi, مسقط 112, Oman",Muscat,Oman,23.600774,58.544783,https://www.google.com/maps/place/?q=place_id:ChIJv6_PmDX5kT4R-5J0b49yPWc,https://www.muscatproservices.com/,+968 9673 2626,https://www.muscatproservices.com/,https://www.google.com/s2/favicons?domain=www.muscatproservices.com&sz=128,https://www.muscatproservices.com/wp-content/uploads/2025/08/2.jpg,,,,,"Muscat Pro Services is your go-to moving and logistics company in Oman. From local to international relocations, warehousing, and transport.","Muscat Pro Services is your go-to moving and logistics company in Oman. From local to international relocations, warehousing, and transport. Your trusted partner for local, long-distance, and international relocation. From careful packing to secure delivery, we handle every step with care — so you can move stress-free.",,,packing;unpacking;storage;international moving;office moving;customs clearance,,,5.00,,,,,,21,Google,,2025-10-04,,,,,,,,https://www.muscatproservices.com/contact/,,,,Yes,Yes,Yes,Yes,,Yes,,,,,Yes,,,,
ChIJqV1vV_TJwCAR0mxxYzOoJDc,muscat-professional-movers,Muscat Professional Movers,Moving & Storage,,moving;relocation;storage;packers,,"Way no 3502, Al Khuwair St, Muscat 129, Oman",Muscat,Oman,23.597076,58.425150,https://www.google.com/maps/place/?q=place_id:ChIJqV1vV_TJwCAR0mxxYzOoJDc,https://muscatprofessionalmovers.com/,+968 9458 7860,https://muscatprofessionalmovers.com/,https://www.google.com/s2/favicons?domain=muscatprofessionalmovers.com&sz=128,https://muscatprofessionalmovers.com/wp-content/uploads/2023/12/dollar-money-free-wallpaper-4492709.jpg,,,,,,"Muscat Professional Movers is a relocation company based in the Muscat that provides a range of services related to packing, moving, and storage. They specialize in both residential and commercial moves, and have experience with local moves.",,,packing;unpacking;storage;international moving;local moving;residential moving,,,4.80,,,,,,71,Google,,2025-10-04,,,,,,,,,,,,Yes,Yes,Yes,Yes,Yes,,Yes,,,,,,,,
ChIJM70aWAz_kT4RgeBVIr8iooo,muscat-best-movers,Muscat best Movers,Moving & Storage,,moving;relocation;storage;packers,,"Near Al Khuwair Market, Muscat 133, Oman",Muscat,Oman,23.591806,58.429055,https://www.google.com/maps/place/?q=place_id:ChIJM70aWAz_kT4RgeBVIr8iooo,https://muscatbestmovers.com/,+968 9746 3197,https://muscatbestmovers.com/,https://www.google.com/s2/favicons?domain=muscatbestmovers.com&sz=128,https://muscatbestmovers.com/wp-content/uploads/2025/08/WhatsApp_Image_2025-08-18_at_2.58.28_PM-removebg-preview.png,,,,,,"Looking for trusted movers and packers in Muscat? We provide complete relocation services including house shifting, villa moving, apartment relocation, office shifting, furniture moving, packing & unpacking, storage solutions, truck rental, and Muscat to Dubai moving services.",,,packing;unpacking;storage;international moving;local moving;office moving;residential moving;boxes & supplies,,,4.70,,,,,,92,Google,,2025-10-04,,,,,,,,,,,,Yes,Yes,Yes,Yes,Yes,Yes,Yes,,,,,,Yes,,
ChIJ0agF0wH9jT4Rv_AyP-L61M0,muscat-house-shifting,Muscat house shifting,Moving & Storage,,moving;relocation;storage;packers,,"12, Muscat, Oman",Muscat,Oman,23.628083,58.234137,https://www.google.com/maps/place/?q=place_id:ChIJ0agF0wH9jT4Rv_AyP-L61M0,https://www.google.com/maps/place/?q=place_id:ChIJ0agF0wH9jT4Rv_AyP-L61M0,+968 9528 8591,https://www.google.com/maps/place/?q=place_id:ChIJ0agF0wH9jT4Rv_AyP-L61M0,https://www.google.com/s2/favicons?domain=www.google.com&sz=128,https://streetviewpixels-pa.googleapis.com/v1/thumbnail?panoid=CEp2xrFN7gsyjcizhMUrRg&cb_client=search.gws-prod.gps&w=900&h=900&yaw=114.70976&pitch=0&thumbfov=100,,,,,★★★★★ · Mover,★★★★★ · Mover,,,,,,5.00,,,,,,2,Google,,2025-10-04,,,,,,,,,,,,,,,,,,,,,,,,,,
ChIJeeoDIQD5kT4R4X4uH5l9hQs,muscatmovers13,Muscatmovers13,Moving & Storage,,moving;relocation;storage;packers,,"Ruwi Street, 4117 way 3953, suit 112, Oman",Muscat,Oman,23.601562,58.536827,https://www.google.com/maps/place/?q=place_id:ChIJeeoDIQD5kT4R4X4uH5l9hQs,https://www.google.com/maps/place/?q=place_id:ChIJeeoDIQD5kT4R4X4uH5l9hQs,,https://www.google.com/maps/place/?q=place_id:ChIJeeoDIQD5kT4R4X4uH5l9hQs,https://www.google.com/s2/favicons?domain=www.google.com&sz=128,https://maps.google.com/maps/api/staticmap?center=23.6015616%2C58.5368268&zoom=16&size=900x900&language=en&markers=23.6015616%2C58.5368268&sensor=false&client=google-maps-frontend&signature=aixfdkYdiVU_QDmj-DnVklSc_Tw,,,,,Moving and storage service,Moving and storage service,,,,,,,,,,,,,,,2025-10-04,,,,,,,,,,,,,,,,,,,,,,,,,,
ChIJJTSNZUD_kT4R1ua2_b_atd4,north-muscat-logistic-relocation,NORTH MUSCAT LOGISTIC - RELOCATION,Moving & Storage,,moving;relocation;storage;packers,,"Al Ghubrah Ash Shamaliyyah, Muscat 111, Oman",Muscat,Oman,23.588987,58.404225,https://www.google.com/maps/place/?q=place_id:ChIJJTSNZUD_kT4R1ua2_b_atd4,https://nmloman.com/,+968 7864 6556,https://nmloman.com/,https://www.google.com/s2/favicons?domain=nmloman.com&sz=128,https://nmloman.com/wp-content/uploads/2024/05/north-muscat-logo-01.png,,,,,"About Company North Muscat Transport & Service LLC Welcome to North Muscat Transport & Service LLC, we are committed to delivering exceptional logistics solutions tailored to your business needs.…","About Company North Muscat Transport & Service LLC Welcome to North Muscat Transport & Service LLC, we are committed to delivering exceptional logistics solutions tailored to your business needs. Located in the heart of Oman, our services are designed to connect businesses across the Sultanate and beyond with efficiency and reliability. Read More + Years North Muscat Logistics, we connect Oman and the world with seamless logistics services you can trust.",,,packing;storage;international moving;local moving;customs clearance,,,5.00,,,,,,7,Google,,2025-10-04,,,,,,,,https://nmloman.com/contact,,,,Yes,,Yes,Yes,Yes,,,,,,Yes,,,,
ChIJSyMY8Sv_kT4RuFYScyQ7OkM,najoom-pack-and-movers,Najoom Pack and Movers,Moving & Storage,,moving;relocation;storage;packers,,"Ghubra Roundabout Ghubra ghubrah OM, مسقط 133, Oman",Muscat,Oman,23.588782,58.407982,https://www.google.com/maps/place/?q=place_id:ChIJSyMY8Sv_kT4RuFYScyQ7OkM,https://najoommovers.com/,+968 9250 8377,https://najoommovers.com/,https://www.google.com/s2/favicons?domain=najoommovers.com&sz=128,https://najoommovers.com/upload/banner/1_banner.jpg,,,,,Moving in Oman? Struggling with heavy furniture? Our experienced movers lift the stress & furniture! Free quotes. Contact us!,"Moving in Oman? Struggling with heavy furniture? Our experienced movers lift the stress & furniture! Free quotes. Contact us! Reliable Moving Services in Oman | Your Stress-Free Relocation Partner Moving to a new home, office, or even another country can feel like tackling a mountain of tasks. Here at Najoom Movers, we understand the mix of emotions and logistics involved, and we're here to turn your relocation into a breeze. As a trusted moving company across...",,,storage,,,5.00,,,,,,2,Google,,2025-10-04,,,,,,,,https://najoommovers.com/quote,,,,,,Yes,,,,,,,,,,,,
ChIJH6KPwy75kT4RM1054RQKMfg,oman-movers,Oman Movers,Moving & Storage,,moving;relocation;storage;packers,,"4185 way, Ruwi St, مسقط 112, Oman",Muscat,Oman,23.586660,58.540644,https://www.google.com/maps/place/?q=place_id:ChIJH6KPwy75kT4RM1054RQKMfg,https://www.google.com/maps/place/?q=place_id:ChIJH6KPwy75kT4RM1054RQKMfg,+968 9693 2626,https://www.google.com/maps/place/?q=place_id:ChIJH6KPwy75kT4RM1054RQKMfg,https://www.google.com/s2/favicons?domain=www.google.com&sz=128,https://streetviewpixels-pa.googleapis.com/v1/thumbnail?panoid=I7xCI6PnuhaDEHNk3ypSAQ&cb_client=search.gws-prod.gps&w=900&h=900&yaw=151.08916&pitch=0&thumbfov=100,,,,,★★★★★ · Moving and storage service,★★★★★ · Moving and storage service,,,,,,5.00,,,,,,7,Google,,2025-10-04,,,,,,,,,,,,,,,,,,,,,,,,,,
ChIJU4807Zn_kT4RqbW7dcowZXg,oman-movers-and-packer,Oman Movers and Packer,Moving & Storage,,moving;relocation;storage;packers,,"LuLu Regional Office, Y Tower, Al Khwair muscat OM Al Khwair OM, مسقط 436, Oman",Muscat,Oman,23.595949,58.419248,https://www.google.com/maps/place/?q=place_id:ChIJU4807Zn_kT4RqbW7dcowZXg,http://omanmoversandpacker.com/,+968 9435 6510,http://omanmoversandpacker.com/,https://www.google.com/s2/favicons?domain=omanmoversandpacker.com&sz=128,https://omanmoversandpacker.com/wp-content/uploads/2024/09/Menu-Logo.png,,,,,Need reliable packers and movers in Muscat? Our Oman movers offer seamless relocation services tailored to your needs. Request a quote today!,"Need reliable packers and movers in Muscat? Our Oman movers offer seamless relocation services tailored to your needs. Request a quote today! Looking for a hassle-free relocation service that puts your peace of mind first? Oman Packers and Movers is your trusted partner for seamless, stress-free moves. With over 10 years of experience, we provide comprehensive packing and moving services that cover everything from household packing and office relocations to international shipping and automobile transport. Whether you’re moving from Oman to cities like Adam, Nizwa, or Sohar or relocating…",,,packing;storage;international moving;office moving;heavy lift;boxes & supplies,,,4.60,,,,,,47,Google,,2025-10-04,,,,,,,,https://omanmoversandpacker.com/get-a-quote/,,https://www.gps.ie/,,Yes,,Yes,Yes,,Yes,,,,,,Yes,Yes,,
ChIJX4pOFS7_kT4RkWWLpKBICCY,oman-house-shifting,Oman house shifting,Moving & Storage,,moving;relocation;storage;packers,,"19 2, شارع الخوير، مسقط 568, Oman",Muscat,Oman,23.596801,58.434033,https://www.google.com/maps/place/?q=place_id:ChIJX4pOFS7_kT4RkWWLpKBICCY,http://muscatshifting.com/,+968 9250 1348,http://muscatshifting.com/,https://www.google.com/s2/favicons?domain=muscatshifting.com&sz=128,https://www.omanobserver.om/omanobserver/uploads/images/2025/04/02/2969730.jpeg,,,,,,,,,,,,4.90,,,,,,27,Google,,2025-10-04,,,,,,,,,,,,,,,,,,,,,,,,,,
ChIJRWiEwh79jT4Rh5I5cfVKJL8,packing-and-moving,Packing and Moving,Moving & Storage,,moving;relocation;storage;packers,,"Muscat OM, السيب‎ 112, Oman",Muscat,Oman,23.632678,58.188044,https://www.google.com/maps/place/?q=place_id:ChIJRWiEwh79jT4Rh5I5cfVKJL8,https://www.google.com/maps/place/?q=place_id:ChIJRWiEwh79jT4Rh5I5cfVKJL8,+968 9572 8881,https://www.google.com/maps/place/?q=place_id:ChIJRWiEwh79jT4Rh5I5cfVKJL8,https://www.google.com/s2/favicons?domain=www.google.com&sz=128,https://maps.google.com/maps/api/staticmap?center=23.6326784%2C58.1880435&zoom=16&size=900x900&language=en&markers=23.6326784%2C58.1880435&sensor=false&client=google-maps-frontend&signature=nxE2mvSLiywDHENBDWYmuEcE2Fk,,,,,★★★★★ · Mover,★★★★★ · Mover,,,,,,5.00,,,,,,1,Google,,2025-10-04,,,,,,,,,,,,,,,,,,,,,,,,,,
ChIJfe-wjCPnjT4RJU9PVmkgZF0,professional-moving-solutions,Professional Moving Solutions,Moving & Storage,,moving;relocation;storage;packers,,"M32W+Q8C, Seeb, Oman",Muscat,Oman,23.651937,58.095750,https://www.google.com/maps/place/?q=place_id:ChIJfe-wjCPnjT4RJU9PVmkgZF0,https://www.google.com/maps/place/?q=place_id:ChIJfe-wjCPnjT4RJU9PVmkgZF0,,https://www.google.com/maps/place/?q=place_id:ChIJfe-wjCPnjT4RJU9PVmkgZF0,https://www.google.com/s2/favicons?domain=www.google.com&sz=128,https://lh3.googleusercontent.com/gps-cs-s/AC9h4nqjROYHYSvt0Mw31oRXt5UBcaI_UruRNAOr85A-IC3KTE1wztB3JkyeY0n2sOkQMH0Q3GHxoK2tfbXILyOGXb138HG8m_gkmBAOEYBZdabn94sBHDQia9JuShS6TDYiJYNW74Q=w900-h900-p-k-no,,,,,★★★★★ · Moving and storage service,★★★★★ · Moving and storage service,,,,,,4.50,,,,,,11,Google,,2025-10-04,,,,,,,,,,,,,,,,,,,,,,,,,,
ChIJfaC95zX_kT4RuxMYnII6QEU,quick-mover-oman,Quick Mover Oman,Moving & Storage,,moving;relocation;storage;packers,,"Near AI Khuwair Market, Muscat 133, Oman",Muscat,Oman,23.596801,58.434033,https://www.google.com/maps/place/?q=place_id:ChIJfaC95zX_kT4RuxMYnII6QEU,https://quickmoveroman.com/,+968 9692 5777,https://quickmoveroman.com/,https://www.google.com/s2/favicons?domain=quickmoveroman.com&sz=128,https://quickmoveroman.com/wp-content/uploads/2025/07/Quick-mover-oman-logo-1.png,,,,,"QuickMoveRoman is your reliable partner for residential and commercial moves. With years of experience, our dedicated team provides expert packing, furniture","QuickMoveRoman is your reliable partner for residential and commercial moves. With years of experience, our dedicated team provides expert packing, furniture QuickMoveRoman is your reliable partner for residential and commercial moves. With years of experience, our dedicated team provides expert packing, furniture dismantling and reassembly, transportation, and storage solutions. Our goal? To deliver a stress-free moving experience that’s fast, safe, and tailored to your needs.",,,packing;unpacking;storage;international moving;local moving;office moving;residential moving;insurance;customs clearance;heavy lift,,,4.70,,,,,,21,Google,,2025-10-04,,,,,,,,,,,,Yes,Yes,Yes,Yes,Yes,Yes,Yes,,,Yes,Yes,Yes,,,
ChIJETvX4JD5kT4RHiFGA8yBNmM,qurm,Qurm,Moving & Storage,,moving;relocation;storage;packers,,"JF3C+HF, Muscat, Oman",Muscat,Oman,23.603907,58.471219,https://www.google.com/maps/place/?q=place_id:ChIJETvX4JD5kT4RHiFGA8yBNmM,https://www.google.com/maps/place/?q=place_id:ChIJETvX4JD5kT4RHiFGA8yBNmM,+968 9595 0368,https://www.google.com/maps/place/?q=place_id:ChIJETvX4JD5kT4RHiFGA8yBNmM,https://www.google.com/s2/favicons?domain=www.google.com&sz=128,https://lh3.googleusercontent.com/gps-cs-s/AC9h4nrSHiNEDYuShOlBUhL91kHisPwp7c6PXwggtyyWDreivJfXIaxHlEt7Ho2_zB3CTuM73OiYLoScI_PUDq3H_7iCzvgpp8Yqn8t8tT5tf8IQZTvSQkaQAcEgv7VADybPgGesNFVKuQ=w900-h900-p-k-no,,,,,★★★★★ · Mover,★★★★★ · Mover,,,,,,5.00,,,,,,2,Google,,2025-10-04,,,,,,,,,,,,,,,,,,,,,,,,,,
ChIJlVqzxnfljT4R8HrxrUz4DJw,sohaib-ali-tarnsport-services,SOHAIB ALI TARNSPORT SERVICES,Moving & Storage,,moving;relocation;storage;packers,,"Seab mall, Seab, Oman",Muscat,Oman,23.682767,58.178942,https://www.google.com/maps/place/?q=place_id:ChIJlVqzxnfljT4R8HrxrUz4DJw,https://www.google.com/maps/place/?q=place_id:ChIJlVqzxnfljT4R8HrxrUz4DJw,+968 7964 0403,https://www.google.com/maps/place/?q=place_id:ChIJlVqzxnfljT4R8HrxrUz4DJw,https://www.google.com/s2/favicons?domain=www.google.com&sz=128,https://lh3.googleusercontent.com/p/AF1QipOlwxjVbfcheJruz0re59XwrIBLp2iNJnFgzhiX=w900-h900-p-k-no,,,,,★★★★★ · Trucking company,★★★★★ · Trucking company,,,,,,4.80,,,,,,6,Google,,2025-10-04,,,,,,,,,,,,,,,,,,,,,,,,,,
ChIJJQBVaM4Bjj4R84Z7OGhGt24,sama-al-fatah-logistic,Sama Al-fatah Logistic.,Moving & Storage,,moving;relocation;storage;packers,,"H9MC+Q5R, Muscat, Oman",Muscat,Oman,23.584488,58.370391,https://www.google.com/maps/place/?q=place_id:ChIJJQBVaM4Bjj4R84Z7OGhGt24,https://www.google.com/maps/place/?q=place_id:ChIJJQBVaM4Bjj4R84Z7OGhGt24,,https://www.google.com/maps/place/?q=place_id:ChIJJQBVaM4Bjj4R84Z7OGhGt24,https://www.google.com/s2/favicons?domain=www.google.com&sz=128,https://streetviewpixels-pa.googleapis.com/v1/thumbnail?panoid=gT8xt2hXKNNaW3yDoT50HA&cb_client=search.gws-prod.gps&w=900&h=900&yaw=184.1258&pitch=0&thumbfov=100,,,,,Moving and storage service,Moving and storage service,,,,,,,,,,,,,,,2025-10-04,,,,,,,,,,,,,,,,,,,,,,,,,,
ChIJIWAlVxZpXz4R2iCuuaH-QYo,self-storage-dubai,Self Storage Dubai,Moving & Storage,,moving;relocation;storage;packers,,Self Storage - Warehouse no. 23 - 18th St - Al Quoz - Al Quoz 1 - Dubai - United Arab Emirates,Muscat,Oman,25.145250,55.239194,https://www.google.com/maps/place/?q=place_id:ChIJIWAlVxZpXz4R2iCuuaH-QYo,https://www.google.com/maps/place/?q=place_id:ChIJIWAlVxZpXz4R2iCuuaH-QYo,+971 50 166 8500,https://www.google.com/maps/place/?q=place_id:ChIJIWAlVxZpXz4R2iCuuaH-QYo,https://www.google.com/s2/favicons?domain=www.google.com&sz=128,https://lh3.googleusercontent.com/p/AF1QipOjN9bXaE3SbJk2QNloDDNgwMDh7W85XZQeTGVt=w900-h900-p-k-no,,,,,★★★★★ · Storage facility,★★★★★ · Storage facility,,,,,,4.90,,,,,,36,Google,,2025-10-04,,,,,,,,,,,,,,,,,,,,,,,,,,
ChIJVzYyPGANXz4R7o93GO3JfZI,storall-llc,Storall LLC,Moving & Storage,,moving;relocation;storage;packers,,"1, St. 58, Community 599 Jebel Ali Industrial Area 2 - منطقة جبل علي الصناعية - جبل علي الصناعية الأولى - دبي - United Arab Emirates",Muscat,Oman,24.987206,55.113636,https://www.google.com/maps/place/?q=place_id:ChIJVzYyPGANXz4R7o93GO3JfZI,http://www.storall.ae/,+971 4 880 3644,http://www.storall.ae/,https://www.google.com/s2/favicons?domain=www.storall.ae&sz=128,https://www.storall.ae/wp-content/uploads/2019/05/storall_innovative.jpg,,,,,"Storall LLC offers clean, secure & fully air-conditioned self storage service in Dubai with 24/7 access. Offering tailored storage solutions for personal storage & businesses in Dubai.","Storall LLC offers clean, secure & fully air-conditioned self storage service in Dubai with 24/7 access. Offering tailored storage solutions for personal storage & businesses in Dubai. We provide a variety of services for e-commerce businesses, including warehouse management, inventory management, packaging, and shipping.",,,packing;storage;boxes & supplies,,,4.40,,,,,,100,Google,,2025-10-04,,,,,,,,https://www.storall.ae/#quote-form,,,,Yes,,Yes,,,,,,,,,,Yes,,
ChIJ4dYsn_z5kT4R9PowhFDFgcQ,swift-movers-oman,Swift Movers Oman,Moving & Storage,,moving;relocation;storage;packers,,"Ruwi High St, Muscat 112, Oman",Muscat,Oman,23.590825,58.546698,https://www.google.com/maps/place/?q=place_id:ChIJ4dYsn_z5kT4R9PowhFDFgcQ,https://swiftmoversoman.com/,+968 9776 2610,https://swiftmoversoman.com/,https://www.google.com/s2/favicons?domain=swiftmoversoman.com&sz=128,"https://assets.zyrosite.com/cdn-cgi/image/format=auto,w=260,fit=crop,q=95/AVL19gokrQF4Ea3Y/screenshot_2024-12-20_154149-removebg-preview-YanqbwBnMwHooJ2q.png",,,,,The Swift Movers Oman is team of experienced movers and packers in Oman. Swift Movers Oman provides expert moving and relocation services for residential and commercial moving. With years of…,"The Swift Movers Oman is team of experienced movers and packers in Oman. Swift Movers Oman provides expert moving and relocation services for residential and commercial moving. With years of experience and 24/7 support, we ensure customer satisfaction and seamless moving solutions. Affordable Movers Team of experienced movers and packers dedicated to your satisfaction and seamless moving and relocation experience.",,,packing;storage;international moving;local moving;office moving;residential moving,,,,,,,,,,,,2025-10-04,,,,,,,,,,,,Yes,,Yes,Yes,Yes,Yes,Yes,,,,,,,,
ChIJaUWZ4RcBjj4Reekc0JtllrE,the-movers-oman-premium-move-services-llc,THE MOVERS OMAN (Premium Move Services LLC),Moving & Storage,,moving;relocation;storage;packers,,"Suite 11, Building 434, شارع نوفمبر ١٨، مسقط 111, Oman",Muscat,Oman,23.602456,58.366148,https://www.google.com/maps/place/?q=place_id:ChIJaUWZ4RcBjj4Reekc0JtllrE,http://www.themoversoman.com/,+968 9854 6613,http://www.themoversoman.com/,https://www.google.com/s2/favicons?domain=www.themoversoman.com&sz=128,https://themoveroman.com/wp-content/uploads/2024/02/Screenshot-2024-02-16-at-15.12.47.png,,,,,"Looking for the best packers and movers in Muscat, Oman. The Movers is a FIDI certified international premium moving services provider in Duqm, Salalah, Sohar.","Looking for the best packers and movers in Muscat, Oman. The Movers is a FIDI certified international premium moving services provider in Duqm, Salalah, Sohar. At The Movers Oman , we specialize in seamless international relocations, ensuring your move is stress-free and professionally managed from start to finish. With our FIDI FAIM Plus certification and strong global partnerships, we handle every detail — from customs clearance and documentation to professional packing, shipping, and delivery at your new destination.",,,packing;unpacking;storage;international moving;local moving;office moving;pet relocation;customs clearance,,,4.80,,,,,,311,Google,,2025-10-04,,,,,,,,https://themoveroman.com/get-quote/,https://themoveroman.com/wp-content/uploads/2023/09/Sustainability-Vision-and-Mission-Statement.pdf,https://themoveroman.com/wp-content/uploads/2023/09/Sustainability-Vision-and-Mission-Statement.pdf,https://themoveroman.com/wp-content/uploads/2023/09/Sustainability-Vision-and-Mission-Statement.pdf,Yes,Yes,Yes,Yes,Yes,Yes,,,Yes,,Yes,,,,
ChIJd2N95yj_kT4RdSj1I-2a6A8,talha,Talha,Moving & Storage,,moving;relocation;storage;packers,,"H9QM+649, Muscat, Oman",Muscat,Oman,23.588031,58.382872,https://www.google.com/maps/place/?q=place_id:ChIJd2N95yj_kT4RdSj1I-2a6A8,https://www.google.com/maps/place/?q=place_id:ChIJd2N95yj_kT4RdSj1I-2a6A8,+968 9231 4632,https://www.google.com/maps/place/?q=place_id:ChIJd2N95yj_kT4RdSj1I-2a6A8,https://www.google.com/s2/favicons?domain=www.google.com&sz=128,https://streetviewpixels-pa.googleapis.com/v1/thumbnail?panoid=Od3q-V11K8TTYF0p-fdhxQ&cb_client=search.gws-prod.gps&w=900&h=900&yaw=123.89194&pitch=0&thumbfov=100,,,,,Mover,Mover,,,,,,,,,,,,,,,2025-10-04,,,,,,,,,,,,,,,,,,,,,,,,,,
ChIJwQe3Vd7_kT4RuMn3rYsh-0g,toppackers-movers-oman,TopPackers&Movers Oman,Moving & Storage,,moving;relocation;storage;packers,,"Street No 33, Al Khuwair St, Muscat 133, Oman",Muscat,Oman,23.587991,58.434205,https://www.google.com/maps/place/?q=place_id:ChIJwQe3Vd7_kT4RuMn3rYsh-0g,https://www.toppackersandsmovers.com/,+968 7956 8709,https://www.toppackersandsmovers.com/,https://www.google.com/s2/favicons?domain=www.toppackersandsmovers.com&sz=128,https://www.omanobserver.om/omanobserver/uploads/images/2025/05/11/3009009.jpeg,,,,,,,,,,,,5.00,,,,,,1,Google,,2025-10-04,,,,,,,,,,,,,,,,,,,,,,,,,,
ChIJISwWiH8Bjj4ReYxTVRId5_c,traverse-sun-logistic-services-llc,Traverse (Sun Logistic Services LLC),Moving & Storage,,moving;relocation;storage;packers,,"Hamriya post pb1390 Muscat، Muscat 131, Oman",Muscat,Oman,23.581524,58.350949,https://www.google.com/maps/place/?q=place_id:ChIJISwWiH8Bjj4ReYxTVRId5_c,http://www.srtoman.com/,+968 24 504233,http://www.srtoman.com/,https://www.google.com/s2/favicons?domain=www.srtoman.com&sz=128,https://www.srtoman.com/img/srtoman_logo_new.png,,,,,sun logistics,sun logistics Sun Logistic Services offers the best in temperature controlled warehousing facilities.,,,packing;storage;customs clearance,,,3.70,,,,,,42,Google,,2025-10-04,,,,,,,,,,,https://www.srtoman.com/profile.html,Yes,,Yes,,,,,,,,Yes,,,,
ChIJcSSy871mXj4R_Xo6v1PUmPc,we-movers-land-and-international-land-cargo-llc-movers-in-abu-dhabi-office-relocation-home-villa-shifting-packers,"We Movers Land and International Land Cargo LLC - (Movers in Abu Dhabi, Office Relocation, Home Villa Shifting & Packers)",Moving & Storage,,moving;relocation;storage;packers,,Al Kawakib 1 St - Musaffah - M33 - Abu Dhabi - United Arab Emirates,Muscat,Oman,24.358870,54.508529,https://www.google.com/maps/place/?q=place_id:ChIJcSSy871mXj4R_Xo6v1PUmPc,https://www.wemovers.ae/,+971 50 303 1084,https://www.wemovers.ae/,https://www.google.com/s2/favicons?domain=www.wemovers.ae&sz=128,https://www.omanobserver.om/omanobserver/uploads/images/2025/03/18/2958648.jpg,,,,,Trusted movers in Abu Dhabi offering expert packing services for a smooth and safe relocation.,Trusted movers in Abu Dhabi offering expert packing services for a smooth and safe relocation.,,,,,,4.90,,,,,,465,Google,,2025-10-04,,,,,,,,,,,,,,,,,,,,,,,,,,
ChIJqXXCkRYBjj4R6xgmnjaASVU,bahjat-dhofar-trading-oman,bahjat dhofar trading oman بهجة ظفار للتجارة,Moving & Storage,,moving;relocation;storage;packers,,"Ghala Industrial area Majan Hyper Market Al sukry muscat OM, Muscat 112, Oman",Muscat,Oman,23.575740,58.368404,https://www.google.com/maps/place/?q=place_id:ChIJqXXCkRYBjj4R6xgmnjaASVU,https://www.google.com/maps/place/?q=place_id:ChIJqXXCkRYBjj4R6xgmnjaASVU,+968 9767 7133,https://www.google.com/maps/place/?q=place_id:ChIJqXXCkRYBjj4R6xgmnjaASVU,https://www.google.com/s2/favicons?domain=www.google.com&sz=128,https://lh3.googleusercontent.com/p/AF1QipNjsukxithYUOJzz476rA1KWoAizcr4RNjffz6T=w900-h900-p-k-no,,,,,★★★★★ · Trucking company,★★★★★ · Trucking company,,,,,,5.00,,,,,,1,Google,,2025-10-04,,,,,,,,,,,,,,,,,,,,,,,,,,
ChIJF9h772LpST4Rf4zRZGOl7BE,kerala-movers-and-packers-house-shifting-relocating-office-and-apartment-villa-al-khobar-dammam,kerala movers and packers. House shifting.relocating office.and apartment. Villa. Al khobar dammam,Moving & Storage,,moving;relocation;storage;packers,,"King Khaled Street, Al Khobar Al Shamalia, Al Khobar 34217, Saudi Arabia",Muscat,Oman,26.290949,50.215218,https://www.google.com/maps/place/?q=place_id:ChIJF9h772LpST4Rf4zRZGOl7BE,https://keralamoversalkhobar.com/,+966 53 445 4603,https://keralamoversalkhobar.com/,https://www.google.com/s2/favicons?domain=keralamoversalkhobar.com&sz=128,https://keralamoversalkhobar.com/wp-content/uploads/2024/11/wordpress_logo_1024.png,,,,,,"Effortless moving with Kerala Movers! We specialize in providing reliable, affordable, and hassle-free relocation services across Al Khobar and Dammam.",,,packing;unpacking;office moving;residential moving,,,4.80,,,,,,60,Google,,2025-10-04,,,,,,,,,,,,Yes,Yes,,,,Yes,Yes,,,,,,,,
ChIJe73nRlYBjj4RCN1CdHQBLYY,yallah-movers-oman,yallah movers Oman,Moving & Storage,,moving;relocation;storage;packers,,"Ghala Industrial Estate, مسقط 618, Oman",Muscat,Oman,23.573213,58.358771,https://www.google.com/maps/place/?q=place_id:ChIJe73nRlYBjj4RCN1CdHQBLYY,https://www.google.com/maps/place/?q=place_id:ChIJe73nRlYBjj4RCN1CdHQBLYY,+968 9543 1020,https://www.google.com/maps/place/?q=place_id:ChIJe73nRlYBjj4RCN1CdHQBLYY,https://www.google.com/s2/favicons?domain=www.google.com&sz=128,https://lh3.googleusercontent.com/p/AF1QipOHRcVlvpoG4iivPTEsNb23sMxzEJET8t3YrNyZ=w900-h900-p-k-no,,,,,★☆☆☆☆ · Mover,★☆☆☆☆ · Mover,,,,,,1.00,,,,,,1,Google,,2025-10-04,,,,,,,,,,,,,,,,,,,,,,,,,,
ChIJOwEyGMX5kT4RfV9ulBMiIT4,,الخط السعيد مكتب روي,Moving & Storage,,moving;relocation;storage;packers,,"روي شارع 2995 مبنى 6868 مسقط مطرح روي حي التجاري OM, Muscat 112, Oman",Muscat,Oman,23.597097,58.546078,https://www.google.com/maps/place/?q=place_id:ChIJOwEyGMX5kT4RfV9ulBMiIT4,https://www.google.com/maps/place/?q=place_id:ChIJOwEyGMX5kT4RfV9ulBMiIT4,+968 24 798470,https://www.google.com/maps/place/?q=place_id:ChIJOwEyGMX5kT4RfV9ulBMiIT4,https://www.google.com/s2/favicons?domain=www.google.com&sz=128,https://lh3.googleusercontent.com/p/AF1QipNIJMCN8GJPiRIR_ejn41Uqavw2iLkJT87n6COP=w900-h900-p-k-no,,,,,★★★★★ · Mover,★★★★★ · Mover,,,,,,5.00,,,,,,5,Google,,2025-10-04,,,,,,,,,,,,,,,,,,,,,,,,,,
ChIJR0FHe1P_kT4RVrAcF-TbhFw,alasima-pest-control-cleaning-services,العاصمة لمكافحة الحشرات وخدمات التنظيف Alasima Pest Control & Cleaning Services,Moving & Storage,,moving;relocation;storage;packers,,"Muscat, Oman",Muscat,Oman,23.588500,58.427718,https://www.google.com/maps/place/?q=place_id:ChIJR0FHe1P_kT4RVrAcF-TbhFw,https://www.google.com/maps/place/?q=place_id:ChIJR0FHe1P_kT4RVrAcF-TbhFw,+968 9884 9342,https://www.google.com/maps/place/?q=place_id:ChIJR0FHe1P_kT4RVrAcF-TbhFw,https://www.google.com/s2/favicons?domain=www.google.com&sz=128,https://lh3.googleusercontent.com/p/AF1QipO_0RoBv6fb0KnmeWOz8DKCBy1qcZdbueEi2h3a=w900-h900-p-k-no,,,,,★★★★☆ · Cleaners,★★★★☆ · Cleaners,,,,,,4.40,,,,,,17,Google,,2025-10-04,,,,,,,,,,,,,,,,,,,,,,,,,,
ChIJ9aGuNQD3kT4Rf0L_m0hOSYM,,الوادي المبير,Moving & Storage,,moving;relocation;storage;packers,,"HHQ6+4H9, Muscat, Oman",Muscat,Oman,23.587782,58.561500,https://www.google.com/maps/place/?q=place_id:ChIJ9aGuNQD3kT4Rf0L_m0hOSYM,https://www.google.com/maps/place/?q=place_id:ChIJ9aGuNQD3kT4Rf0L_m0hOSYM,+968 7726 6266,https://www.google.com/maps/place/?q=place_id:ChIJ9aGuNQD3kT4Rf0L_m0hOSYM,https://www.google.com/s2/favicons?domain=www.google.com&sz=128,https://streetviewpixels-pa.googleapis.com/v1/thumbnail?panoid=2J-OoG_XwuUZ4b0JeyQ6wQ&cb_client=search.gws-prod.gps&w=900&h=900&yaw=190.15196&pitch=0&thumbfov=100,,,,,Mover,Mover,,,,,,,,,,,,,,,2025-10-04,,,,,,,,,,,,,,,,,,,,,,,,,,
ChIJUa-EIgD5kT4R2yd9R-RLsPI,,بيكاب نقل عام,Moving & Storage,,moving;relocation;storage;packers,,"HGPF+596، طريق العامرات، Muscat, Oman",Muscat,Oman,23.585415,58.523392,https://www.google.com/maps/place/?q=place_id:ChIJUa-EIgD5kT4R2yd9R-RLsPI,https://www.google.com/maps/place/?q=place_id:ChIJUa-EIgD5kT4R2yd9R-RLsPI,,https://www.google.com/maps/place/?q=place_id:ChIJUa-EIgD5kT4R2yd9R-RLsPI,https://www.google.com/s2/favicons?domain=www.google.com&sz=128,https://lh3.googleusercontent.com/gps-cs-s/AC9h4nofotk_8lVTCASetsCMZgGYmcJRzM3ZbARYPHtLwu4dELskL6QXRDVmZWt4bR76P2SJv2D6Gv5vD2aBEh8U0AaohZWxNJ9NdJX5deTtzD0bMyXGuzDG3CzIpOBkScg0Eheu72BnJMDjDHEM=w900-h900-p-k-no,,,,,Moving and storage service,Moving and storage service,,,,,,,,,,,,,,,2025-10-04,,,,,,,,,,,,,,,,,,,,,,,,,,
ChIJS6i26XT_kT4Rv5lvId6eoD0,tilal-muscat-rental-transport,تلال مسقط للتأجير و النقل TILAL MUSCAT RENTAL & TRANSPORT,Moving & Storage,,moving;relocation;storage;packers,,"بلدية بوشر بوشر - الغبرة الجنوبية، Muscat 130, Oman",Muscat,Oman,23.580992,58.403665,https://www.google.com/maps/place/?q=place_id:ChIJS6i26XT_kT4Rv5lvId6eoD0,https://www.google.com/maps/place/?q=place_id:ChIJS6i26XT_kT4Rv5lvId6eoD0,+968 9796 0000,https://www.google.com/maps/place/?q=place_id:ChIJS6i26XT_kT4Rv5lvId6eoD0,https://www.google.com/s2/favicons?domain=www.google.com&sz=128,https://lh3.googleusercontent.com/p/AF1QipPD7XxKuXBn9XzTHLoRzli64xctHHDAhXKv-CDg=w900-h900-p-k-no,,,,,★★★★★ · Mover,★★★★★ · Mover,,,,,,5.00,,,,,,2,Google,,2025-10-04,,,,,,,,,,,,,,,,,,,,,,,,,,
ChIJPb0xPhsBjj4RhKFC0g5j_po,,خط الخليج السريع,Moving & Storage,,moving;relocation;storage;packers,,"H9C4+WX7, Muscat, Oman",Muscat,Oman,23.572288,58.357430,https://www.google.com/maps/place/?q=place_id:ChIJPb0xPhsBjj4RhKFC0g5j_po,https://www.google.com/maps/place/?q=place_id:ChIJPb0xPhsBjj4RhKFC0g5j_po,,https://www.google.com/maps/place/?q=place_id:ChIJPb0xPhsBjj4RhKFC0g5j_po,https://www.google.com/s2/favicons?domain=www.google.com&sz=128,https://streetviewpixels-pa.googleapis.com/v1/thumbnail?panoid=S3QSTR_wTOr_ypyJKdh2Aw&cb_client=search.gws-prod.gps&w=900&h=900&yaw=330.40466&pitch=0&thumbfov=100,,,,,★★★★★ · Moving and storage service,★★★★★ · Moving and storage service,,,,,,5.00,,,,,,1,Google,,2025-10-04,,,,,,,,,,,,,,,,,,,,,,,,,,
ChIJkxrYxzH7kT4RcgTmRa9vPEw,recover,خط الخليل رافعه سطحه ونش recover,Moving & Storage,,moving;relocation;storage;packers,,"Unnamed Road, العامرات، روي OM، Al Amarat 112, Oman",Muscat,Oman,23.482024,58.486869,https://www.google.com/maps/place/?q=place_id:ChIJkxrYxzH7kT4RcgTmRa9vPEw,https://www.google.com/maps/place/?q=place_id:ChIJkxrYxzH7kT4RcgTmRa9vPEw,+968 9174 4626,https://www.google.com/maps/place/?q=place_id:ChIJkxrYxzH7kT4RcgTmRa9vPEw,https://www.google.com/s2/favicons?domain=www.google.com&sz=128,https://lh3.googleusercontent.com/p/AF1QipNGD1ZJwGz0iHMIBqXjJiUJ61yhq2KOo6VEmJEO=w900-h900-p-k-no,,,,,★★★★★ · Trucking company,★★★★★ · Trucking company,,,,,,4.80,,,,,,12,Google,,2025-10-04,,,,,,,,,,,,,,,,,,,,,,,,,,
ChIJEwz-Cpj_kT4R6FGC-pnpRWg,,رافعة سيارات بريك دون,Moving & Storage,,moving;relocation;storage;packers,,"flat no 21,building no 39,,Above Hamood al hadhramy & Fulla Near HSBC ATM,Opp Casa Blue Coffee Shop, Al Ghubrah، مسقط،،, مسقط،، Muscat, Oman",Muscat,Oman,23.589422,58.405570,https://www.google.com/maps/place/?q=place_id:ChIJEwz-Cpj_kT4R6FGC-pnpRWg,https://www.google.com/maps/place/?q=place_id:ChIJEwz-Cpj_kT4R6FGC-pnpRWg,+968 9828 5246,https://www.google.com/maps/place/?q=place_id:ChIJEwz-Cpj_kT4R6FGC-pnpRWg,https://www.google.com/s2/favicons?domain=www.google.com&sz=128,https://lh3.googleusercontent.com/gps-cs-s/AC9h4nrEh7n3SKHA_A3Lky-ll4sjP15F9I7kP_AFu7vbJnO4nmLSzlBL8BMfUn0W9reO4b1V2g2V2Fk6WL97rS2eFZJ7ZH_MXp-cVuFmQp2L9IjHlmOAd-4icp2C6UHsqqso2p32SQLq=w900-h900-p-k-no,,,,,★★★★★ · Trucking company,★★★★★ · Trucking company,,,,,,4.80,,,,,,21,Google,,2025-10-04,,,,,,,,,,,,,,,,,,,,,,,,,,
ChIJKeX2CDfjjT4R_wXMj_XfoF8,,رافعة نقل المركبات,Moving & Storage,,moving;relocation;storage;packers,,"شارع النور مسقط المعبيله، Sib 111, Oman",Muscat,Oman,23.629880,58.137170,https://www.google.com/maps/place/?q=place_id:ChIJKeX2CDfjjT4R_wXMj_XfoF8,https://www.google.com/maps/place/?q=place_id:ChIJKeX2CDfjjT4R_wXMj_XfoF8,+968 9202 2155,https://www.google.com/maps/place/?q=place_id:ChIJKeX2CDfjjT4R_wXMj_XfoF8,https://www.google.com/s2/favicons?domain=www.google.com&sz=128,https://lh3.googleusercontent.com/gps-cs-s/AC9h4noC2cQBSSCs5nHlSUVdWnLpsmZVtwqos_hkL4d5HWMQlgG9OKjaiCamNYG6ACJcLHUDkco4j7_wC7xLlNwypBj8KotHDqVnPDJOlYQWHKLLrFvTIMHivD_lILcwG_PRaIg0qTIS2g=w900-h900-p-k-no,,,,,★★★★★ · Mover,★★★★★ · Mover,,,,,,4.50,,,,,,6,Google,,2025-10-04,,,,,,,,,,,,,,,,,,,,,,,,,,
ChIJH5ghLwDljT4R0MC_X5NOoBw,3-5,شحن وتفريغ شاحنة 3.5 وبيكب,Moving & Storage,,moving;relocation;storage;packers,,M455+4H5، مسقط، Oman,Muscat,Oman,23.657763,58.108979,https://www.google.com/maps/place/?q=place_id:ChIJH5ghLwDljT4R0MC_X5NOoBw,https://www.google.com/maps/place/?q=place_id:ChIJH5ghLwDljT4R0MC_X5NOoBw,+968 9717 5452,https://www.google.com/maps/place/?q=place_id:ChIJH5ghLwDljT4R0MC_X5NOoBw,https://www.google.com/s2/favicons?domain=www.google.com&sz=128,https://lh3.googleusercontent.com/gps-cs-s/AC9h4nrYqbFfHBEQl6vLaY4ecktC6TyGTS9NcpCJAHmNqSCq3zjngsJDaAMMTX2UFL74S8vh5zMiU9x8-bGzhNGfu17b9RcTZYfRjTLTXVekNzNR8FVQfXPr1C-UWgCERka0oLE09XYnFpkArYkM=w900-h900-p-k-no,,,,,Moving and storage service,Moving and storage service,,,,,,,,,,,,,,,2025-10-04,,,,,,,,,,,,,,,,,,,,,,,,,,
ChIJ-ShUFwb9jT4Rqe0JDiKIU48,,شركة غزال قاسيون الدولية للنقل والشحن البري والاستيراد والتصدير,Moving & Storage,,moving;relocation;storage;packers,,"الموالح الجنوبية شارع العطاء شارع العطاء خلف سوق الخضار المركزي مسقط، Sib 112, Oman",Muscat,Oman,23.593153,58.221867,https://www.google.com/maps/place/?q=place_id:ChIJ-ShUFwb9jT4Rqe0JDiKIU48,https://www.google.com/maps/place/?q=place_id:ChIJ-ShUFwb9jT4Rqe0JDiKIU48,,https://www.google.com/maps/place/?q=place_id:ChIJ-ShUFwb9jT4Rqe0JDiKIU48,https://www.google.com/s2/favicons?domain=www.google.com&sz=128,https://lh3.googleusercontent.com/gps-cs-s/AC9h4nq6Tpn72WJWRZMMXIHt50J7F0ZPV3deVh3VYoKu6H3XlRqthMLWqhMMGAFAHZ6DjIy0ClrFBzQgogxmEXd0B21inU3A2Q57Z6Y-dGTAWpF4i2CvqFprVgKfuw2wSQsWslyO4sE=w900-h900-p-k-no,,,,,★★★★★ · Mover,★★★★★ · Mover,,,,,,5.00,,,,,,17,Google,,2025-10-04,,,,,,,,,,,,,,,,,,,,,,,,,,
ChIJ50YyPbJhGxURxNzxUoDK98s,,شركة نقل اثاث - عمان الأردن - النقل الحديث,Moving & Storage,,moving;relocation;storage;packers,,"12، Suhail Al-Majdoubah Street، Amman, Jordan",Muscat,Oman,32.044722,35.945881,https://www.google.com/maps/place/?q=place_id:ChIJ50YyPbJhGxURxNzxUoDK98s,https://www.modern-movers.com/,+962 7 9859 3123,https://www.modern-movers.com/,https://www.google.com/s2/favicons?domain=www.modern-movers.com&sz=128,https://www.modern-movers.com/wp-content/uploads/2018/08/banner1.jpg,,,,,نقل في اثاث عمان.نحن شركة نقل اثاث محترفة تقدم لزبائنها خدمات نقل الأثاث بمهارة عالية و بأسعار مناسبة للجميع. اتصل الآن لحجز موعد. 2024,نقل في اثاث عمان.نحن شركة نقل اثاث محترفة تقدم لزبائنها خدمات نقل الأثاث بمهارة عالية و بأسعار مناسبة للجميع. اتصل الآن لحجز موعد. 2024 تبحث ع خدمات نقل اثاث في عمان و الاردن ؟ هناك العديد من الاسباب التي تدعوك لاختيار شركة النقل الحديث لانتقالك القادم:,,,,,,4.70,,,,,,162,Google,,2025-10-04,,,,,,,,,,,,,,,,,,,,,,,,,,
ChIJH12gC4hpXj4RjAmyxiiO_fc,,شركة نقل اثاث ابوظبي,Moving & Storage,,moving;relocation;storage;packers,,21 - 13 Al Fintas St - Al Bateen - W18 03 - Abu Dhabi - United Arab Emirates,Muscat,Oman,24.453498,54.357496,https://www.google.com/maps/place/?q=place_id:ChIJH12gC4hpXj4RjAmyxiiO_fc,https://whirlpoolservicecenterwhirlpoolhomeappliancesrepaircentre.xyz/,,https://whirlpoolservicecenterwhirlpoolhomeappliancesrepaircentre.xyz/,https://www.google.com/s2/favicons?domain=whirlpoolservicecenterwhirlpoolhomeappliancesrepaircentre.xyz&sz=128,https://www.omanobserver.om/omanobserver/uploads/images/2025/04/02/2969730.jpeg,,,,,,,,,,,,5.00,,,,,,6,Google,,2025-10-04,,,,,,,,,,,,,,,,,,,,,,,,,,
ChIJTZBCWUsBjj4RFCEViLZHbpc,,طريق الذكي للنقيات,Moving & Storage,,moving;relocation;storage;packers,,"العذيبة الجنوبية،، H9M8+6XQ, Muscat, Oman",Muscat,Oman,23.583081,58.367481,https://www.google.com/maps/place/?q=place_id:ChIJTZBCWUsBjj4RFCEViLZHbpc,https://www.google.com/maps/place/?q=place_id:ChIJTZBCWUsBjj4RFCEViLZHbpc,,https://www.google.com/maps/place/?q=place_id:ChIJTZBCWUsBjj4RFCEViLZHbpc,https://www.google.com/s2/favicons?domain=www.google.com&sz=128,https://streetviewpixels-pa.googleapis.com/v1/thumbnail?panoid=gNCYJM85l7EYrklKcVc0DQ&cb_client=search.gws-prod.gps&w=900&h=900&yaw=26.79728&pitch=0&thumbfov=100,,,,,★★★★☆ · Moving and storage service,★★★★☆ · Moving and storage service,,,,,,4.00,,,,,,2,Google,,2025-10-04,,,,,,,,,,,,,,,,,,,,,,,,,,
ChIJoYRD6Q4Djj4RyZMf54umaiE,,ملك الصحراء للنقل البري,Moving & Storage,,moving;relocation;storage;packers,,"F7HR+GP2, Muscat, Oman",Muscat,Oman,23.478751,58.291504,https://www.google.com/maps/place/?q=place_id:ChIJoYRD6Q4Djj4RyZMf54umaiE,https://www.google.com/maps/place/?q=place_id:ChIJoYRD6Q4Djj4RyZMf54umaiE,+968 9425 8350,https://www.google.com/maps/place/?q=place_id:ChIJoYRD6Q4Djj4RyZMf54umaiE,https://www.google.com/s2/favicons?domain=www.google.com&sz=128,https://streetviewpixels-pa.googleapis.com/v1/thumbnail?panoid=apnQMsASt1_Qm3pqQtbXUQ&cb_client=search.gws-prod.gps&w=900&h=900&yaw=18.04267&pitch=0&thumbfov=100,,,,,★★★☆☆ · Mover,★★★☆☆ · Mover,,,,,,3.00,,,,,,5,Google,,2025-10-04,,,,,,,,,,,,,,,,,,,,,,,,,,
