id,slug,name,category,tagline,tags,neighborhood,address,city,country,lat,lng,maps_url,website,phone,url,logo_url,hero_url,image_credit,image_source_url,hours_raw,description,about_short,about_long,price_range,pricing,amenities,cuisines,meals,rating_overall,sub_food_quality,sub_service,sub_ambience,sub_value,sub_accessibility,review_count,review_source,review_insight,last_updated,curriculum,grades,gender_policy,tuition_range,admissions_contact,application_deadline,transport_available,accreditation,languages,year_founded
ChIJgUqOUEr7jT4R9vMMZJ_wduU,a-soud-global-school-al-seeb-muscat,"A'soud Global School, Al Seeb, Muscat",Schools,,school;education,,"شارع العاديات, Sib, Oman",Muscat,Oman,23.673848,58.192810,https://www.google.com/maps/place/?q=place_id:ChIJgUqOUEr7jT4R9vMMZJ_wduU,http://agsmuscat.com/,+968 24 423952,http://agsmuscat.com/,https://www.google.com/s2/favicons?domain=agsmuscat.com&sz=128,,,,,,,,,,,,,4.10,,,,,,9,Google,,2025-10-04,,,,,,,,,,
ChIJDQAusSD_kT4RXGfMm43aUvk,aba-oman-international-school,ABA Oman International School,Schools,,school;education,,"99 St, Muscat, Oman",Muscat,Oman,23.577990,58.304829,https://www.google.com/maps/place/?q=place_id:ChIJDQAusSD_kT4RXGfMm43aUvk,http://www.abaoman.org/,+968 24 955800,http://www.abaoman.org/,https://www.google.com/s2/favicons?domain=www.abaoman.org&sz=128,,,,,,,,,,,,,,,,,,,,,,2025-10-04,,,,,,,,,,
ChIJ8WGh_3b_kT4Rp6gxjRr3yls,abq-azzan-bin-qais-international-school-mq-campus,ABQ Azzan bin Qais International School MQ Campus - مدرسة عزان بن قيس العالمية,Schools,,school;education,,"HCMW+QCM, Muscat 115, Oman",Muscat,Oman,23.584456,58.446047,https://www.google.com/maps/place/?q=place_id:ChIJ8WGh_3b_kT4Rp6gxjRr3yls,https://abq.edu.om/azzan-bin-qais-international-school/,+968 24 210299,https://abq.edu.om/azzan-bin-qais-international-school/,https://www.google.com/s2/favicons?domain=abq.edu.om&sz=128,,,,,,,,,,,,,,,,,,,,,,2025-10-04,,,,,,,,,,
ChIJ51aoDwABjj4RnaZtPI-L0ms,abq-explorer-muscat-hills,ABQ Explorer Muscat Hills,Schools,,school;education,,"H7FX+659، Makoba Passage، Muscat, Oman",Muscat,Oman,23.574705,58.300868,https://www.google.com/maps/place/?q=place_id:ChIJ51aoDwABjj4RnaZtPI-L0ms,https://www.abq.edu.om/abq-explorer/schools/abq-explorer-muscat-hills/,+968 9826 2599,https://www.abq.edu.om/abq-explorer/schools/abq-explorer-muscat-hills/,https://www.google.com/s2/favicons?domain=www.abq.edu.om&sz=128,,,,,,,,,,,,,5.00,,,,,,1,Google,,2025-10-04,,,,,,,,,,
ChIJXy54z7H8jT4RWgAOlIEgU-k,abq-seeb-international-school,ABQ Seeb International School,Schools,,school;education,,"Al Khoudh St, Sib, Oman",Muscat,Oman,23.643926,58.197166,https://www.google.com/maps/place/?q=place_id:ChIJXy54z7H8jT4RWgAOlIEgU-k,https://abq.edu.om/seeb-international-school/,+968 24 284888,https://abq.edu.om/seeb-international-school/,https://www.google.com/s2/favicons?domain=abq.edu.om&sz=128,,,,,,,,,,,,,,,,,,,,,,2025-10-04,,,,,,,,,,
ChIJBzzNJAD_kT4RNVxXq0knhZM,al-ibdaa-kingdom-nursery,AL IBDAA KINGDOM NURSERY حضانة مملكة الإبداع,Schools,,school;education,,"H9HW+5XF, Muscat, Oman",Muscat,Oman,23.577363,58.397362,https://www.google.com/maps/place/?q=place_id:ChIJBzzNJAD_kT4RNVxXq0knhZM,https://www.google.com/maps/place/?q=place_id:ChIJBzzNJAD_kT4RNVxXq0knhZM,+968 7222 2011,https://www.google.com/maps/place/?q=place_id:ChIJBzzNJAD_kT4RNVxXq0knhZM,https://www.google.com/s2/favicons?domain=www.google.com&sz=128,,,,,,,,,,,,,5.00,,,,,,11,Google,,2025-10-04,,,,,,,,,,
ChIJ7WBilAQAjj4R0OxSlge8J-U,abjad-private-school,Abjad Private School مدرسة أبجد الخاصة,Schools,,school;education,,"4851 Way, Muscat, Oman",Muscat,Oman,23.599392,58.364634,https://www.google.com/maps/place/?q=place_id:ChIJ7WBilAQAjj4R0OxSlge8J-U,https://share.google/QNzfEU6v1fO0YCFcU,+968 24 496909,https://share.google/QNzfEU6v1fO0YCFcU,https://www.google.com/s2/favicons?domain=share.google&sz=128,,,,,,,,,,,,,,,,,,,,,,2025-10-04,,,,,,,,,,
ChIJBSuSddsBjj4ReXpuSTcfkLY,ahl-al-quran-school,Ahl Al Quran School مدرسة أهل القرآن,Schools,,school;education,,"H927+863, Muscat, Oman",Muscat,Oman,23.550767,58.363057,https://www.google.com/maps/place/?q=place_id:ChIJBSuSddsBjj4ReXpuSTcfkLY,https://www.google.com/maps/place/?q=place_id:ChIJBSuSddsBjj4ReXpuSTcfkLY,,https://www.google.com/maps/place/?q=place_id:ChIJBSuSddsBjj4ReXpuSTcfkLY,https://www.google.com/s2/favicons?domain=www.google.com&sz=128,,,,,,,,,,,,,,,,,,,,,,2025-10-04,,,,,,,,,,
ChIJo7nvMMgBjj4REnTv9Hf2Zws,al-burj-private-school,Al Burj Private School مدرسة البرج الخاصة,Schools,,school;education,,"Way 4823, مسقط، Oman",Muscat,Oman,23.599608,58.361025,https://www.google.com/maps/place/?q=place_id:ChIJo7nvMMgBjj4REnTv9Hf2Zws,https://www.google.com/maps/place/?q=place_id:ChIJo7nvMMgBjj4REnTv9Hf2Zws,+968 9392 2993,https://www.google.com/maps/place/?q=place_id:ChIJo7nvMMgBjj4REnTv9Hf2Zws,https://www.google.com/s2/favicons?domain=www.google.com&sz=128,,,,,,,,,,,,,,,,,,,,,,2025-10-04,,,,,,,,,,
ChIJjai2aFf-kT4RWNV7Y04Wqmo,al-hikma-private-school-bousher,Al Hikma Private School Bousher مدرسة الحكمة الخاصة - بوشر,Schools,,school;education,,"HC87+R96, Al Maha St, Muscat, Oman",Muscat,Oman,23.567045,58.413389,https://www.google.com/maps/place/?q=place_id:ChIJjai2aFf-kT4RWNV7Y04Wqmo,https://www.google.com/maps/place/?q=place_id:ChIJjai2aFf-kT4RWNV7Y04Wqmo,+968 9275 9438,https://www.google.com/maps/place/?q=place_id:ChIJjai2aFf-kT4RWNV7Y04Wqmo,https://www.google.com/s2/favicons?domain=www.google.com&sz=128,,,,,,,,,,,,,3.00,,,,,,2,Google,,2025-10-04,,,,,,,,,,
ChIJ61ur4hf4kT4RNN9oCNYVjPI,al-huda-private-school,Al Huda Private School مدرسة الهدی الخاصة,Schools,,school;education,,"JGGR+VPW, Muscat, Oman",Muscat,Oman,23.627248,58.541819,https://www.google.com/maps/place/?q=place_id:ChIJ61ur4hf4kT4RNN9oCNYVjPI,http://alhudasmart.org/,+968 24 797116,http://alhudasmart.org/,https://www.google.com/s2/favicons?domain=alhudasmart.org&sz=128,,,,,,,,,,,,,3.80,,,,,,38,Google,,2025-10-04,,,,,,,,,,
ChIJGTJ6nsr_kT4R65Hjv3V91DU,al-ibdaa-international-private-school,Al Ibdaa International Private School مدرسة الإبداع الدولية الخاصة,Schools,,school;education,,"شارع الغبرة، Muscat 115, Oman",Muscat,Oman,23.574141,58.394293,https://www.google.com/maps/place/?q=place_id:ChIJGTJ6nsr_kT4R65Hjv3V91DU,http://ibdaa.edu.om/,+968 24 505132,http://ibdaa.edu.om/,https://www.google.com/s2/favicons?domain=ibdaa.edu.om&sz=128,,,,,,,,,,,,,,,,,,,,,,2025-10-04,,,,,,,,,,
ChIJaS3-w-oBjj4RkDrpTBWRCyk,al-injaz-international-private-school,Al Injaz International Private School,Schools,,school;education,,"Muscat, Oman",Muscat,Oman,23.537306,58.346042,https://www.google.com/maps/place/?q=place_id:ChIJaS3-w-oBjj4RkDrpTBWRCyk,https://alinjaz.edu.om/,+968 9298 8905,https://alinjaz.edu.om/,https://www.google.com/s2/favicons?domain=alinjaz.edu.om&sz=128,,,,,,,,,,,,,5.00,,,,,,1,Google,,2025-10-04,,,,,,,,,,
ChIJg--CUSn_kT4RnsHLu3DHLJw,al-maha-private-school,Al Maha Private School مدرسة المها الخاصة,Schools,,school;education,,"Villa 2879 Way 2333، Muscat, Oman",Muscat,Oman,23.591649,58.456752,https://www.google.com/maps/place/?q=place_id:ChIJg--CUSn_kT4RnsHLu3DHLJw,https://www.almaha.edu.om/,+968 24 950422,https://www.almaha.edu.om/,https://www.google.com/s2/favicons?domain=www.almaha.edu.om&sz=128,,,,,,,,,,,,,,,,,,,,,,2025-10-04,,,,,,,,,,
ChIJGTJ0R073kT4RcCqxcTI3zX8,al-manhal-private-school,Al Manhal Private School,Schools,,school;education,,"HHG8+FW3, Muscat, Oman",Muscat,Oman,23.576130,58.567309,https://www.google.com/maps/place/?q=place_id:ChIJGTJ0R073kT4RcCqxcTI3zX8,https://www.google.com/maps/place/?q=place_id:ChIJGTJ0R073kT4RcCqxcTI3zX8,,https://www.google.com/maps/place/?q=place_id:ChIJGTJ0R073kT4RcCqxcTI3zX8,https://www.google.com/s2/favicons?domain=www.google.com&sz=128,,,,,,,,,,,,,,,,,,,,,,2025-10-04,,,,,,,,,,
ChIJk41m2af9jT4RLEoi5GSF6DA,al-mawaleh-private-school-mps,Al Mawaleh Private School (MPS),Schools,,school;education,,"J65M+XVC, Seeb, Oman",Muscat,Oman,23.610859,58.236794,https://www.google.com/maps/place/?q=place_id:ChIJk41m2af9jT4RLEoi5GSF6DA,https://mps.edu.om/,+968 24 548650,https://mps.edu.om/,https://www.google.com/s2/favicons?domain=mps.edu.om&sz=128,,,,,,,,,,,,,4.40,,,,,,30,Google,,2025-10-04,,,,,,,,,,
ChIJ_xyLNAD5kT4R44JznKHsdZU,al-noor-madrasa,Al Noor Madrasa,Schools,,school;education,,"JGHR+C48, Muscat, Oman",Muscat,Oman,23.628537,58.540319,https://www.google.com/maps/place/?q=place_id:ChIJ_xyLNAD5kT4R44JznKHsdZU,https://www.google.com/maps/place/?q=place_id:ChIJ_xyLNAD5kT4R44JznKHsdZU,,https://www.google.com/maps/place/?q=place_id:ChIJ_xyLNAD5kT4R44JznKHsdZU,https://www.google.com/s2/favicons?domain=www.google.com&sz=128,,,,,,,,,,,,,,,,,,,,,,2025-10-04,,,,,,,,,,
ChIJvWypx4z4kT4RiQ-kfq_etXg,al-qurum-school,Al Qurum School,Schools,,school;education,,"JG92+GHF, Muscat, Oman",Muscat,Oman,23.618819,58.501412,https://www.google.com/maps/place/?q=place_id:ChIJvWypx4z4kT4RiQ-kfq_etXg,https://twitter.com/AlQurumSchool?s=09,+968 24 562107,https://twitter.com/AlQurumSchool?s=09,https://www.google.com/s2/favicons?domain=twitter.com&sz=128,,,,,,,,,,,,,,,,,,,,,,2025-10-04,,,,,,,,,,
ChIJW7pO80j_kT4R1NkidE8sWCM,al-sahwa-schools,Al Sahwa Schools,Schools,,school;education,,"Postal Code:- 116، Muscat, Oman",Muscat,Oman,23.610451,58.453890,https://www.google.com/maps/place/?q=place_id:ChIJW7pO80j_kT4R1NkidE8sWCM,https://www.alsahwa.edu.om/,+968 24 607620,https://www.alsahwa.edu.om/,https://www.google.com/s2/favicons?domain=www.alsahwa.edu.om&sz=128,,,,,,,,,,,,,1.00,,,,,,2,Google,,2025-10-04,,,,,,,,,,
ChIJeyNO1-7_kT4RQB5vswZ5uDI,al-sahwa-schools-gate-1,Al Sahwa Schools Gate 1,Schools,,school;education,,"3009, مسقط، Oman",Muscat,Oman,23.610218,58.454120,https://www.google.com/maps/place/?q=place_id:ChIJeyNO1-7_kT4RQB5vswZ5uDI,https://www.google.com/maps/place/?q=place_id:ChIJeyNO1-7_kT4RQB5vswZ5uDI,,https://www.google.com/maps/place/?q=place_id:ChIJeyNO1-7_kT4RQB5vswZ5uDI,https://www.google.com/s2/favicons?domain=www.google.com&sz=128,,,,,,,,,,,,,,,,,,,,,,2025-10-04,,,,,,,,,,
ChIJmSGp3bTljT4RMov32CSBIdY,al-shomoukh-international-private-school,Al Shomoukh International Private School,Schools,,school;education,,"Hail Al Junubia Street Seeb, مسقط، Oman",Muscat,Oman,23.620109,58.226833,https://www.google.com/maps/place/?q=place_id:ChIJmSGp3bTljT4RMov32CSBIdY,https://www.alshomoukh.com/,+968 24 284771,https://www.alshomoukh.com/,https://www.google.com/s2/favicons?domain=www.alshomoukh.com&sz=128,,,,,,,,,,,,,,,,,,,,,,2025-10-04,,,,,,,,,,
ChIJ03ANF_X4kT4Ro2khCW2j0Lg,al-shumus-nursery-qurum,"Al Shumus Nursery, Qurum",Schools,,school;education,,"1026 Way, Muscat, Oman",Muscat,Oman,23.617923,58.506707,https://www.google.com/maps/place/?q=place_id:ChIJ03ANF_X4kT4Ro2khCW2j0Lg,https://www.google.com/maps/place/?q=place_id:ChIJ03ANF_X4kT4Ro2khCW2j0Lg,+968 9258 8358,https://www.google.com/maps/place/?q=place_id:ChIJ03ANF_X4kT4Ro2khCW2j0Lg,https://www.google.com/s2/favicons?domain=www.google.com&sz=128,,,,,,,,,,,,,4.70,,,,,,45,Google,,2025-10-04,,,,,,,,,,
ChIJVf_LSOH8jT4RCg1U2olILHk,al-waha-school,Al Waha School,Schools,,school;education,,"J6C8+RMV, Seeb, Oman",Muscat,Oman,23.622117,58.216683,https://www.google.com/maps/place/?q=place_id:ChIJVf_LSOH8jT4RCg1U2olILHk,https://twitter.com/Alwahaschool1_4?s=09,+968 24 535536,https://twitter.com/Alwahaschool1_4?s=09,https://www.google.com/s2/favicons?domain=twitter.com&sz=128,,,,,,,,,,,,,,,,,,,,,,2025-10-04,,,,,,,,,,
ChIJo_ic1KX_kT4RCa6CD7NDr2E,al-zain-nursery,Al Zain Nursery حضانة الزين,Schools,,school;education,,"207 Al Inshirah St, Muscat, Oman",Muscat,Oman,23.606234,58.455216,https://www.google.com/maps/place/?q=place_id:ChIJo_ic1KX_kT4RCa6CD7NDr2E,http://www.alzainnurseries.com/,+968 9626 6443,http://www.alzainnurseries.com/,https://www.google.com/s2/favicons?domain=www.alzainnurseries.com&sz=128,,,,,,,,,,,,,3.70,,,,,,24,Google,,2025-10-04,,,,,,,,,,
ChIJn28DrgQAjj4RJxA4XWGZRX8,american-lyceum-international-nursery-al-azaiba,American Lyceum International Nursery Al-Azaiba,Schools,,school;education,,"23.593800, 58.364800, مسقط 130, Oman",Muscat,Oman,23.594334,58.364723,https://www.google.com/maps/place/?q=place_id:ChIJn28DrgQAjj4RJxA4XWGZRX8,http://www.americanlyceum.com/,+968 9700 1942,http://www.americanlyceum.com/,https://www.google.com/s2/favicons?domain=www.americanlyceum.com&sz=128,,,,,,,,,,,,,4.10,,,,,,34,Google,,2025-10-04,,,,,,,,,,
ChIJ7Ucv9m3_kT4RJWkRyBhA6Tw,american-lyceum-international-nursery-ghubrah-branch,American Lyceum International Nursery Ghubrah Branch,Schools,,school;education,,"H9GR+RH5, Muscat, Oman",Muscat,Oman,23.577063,58.391437,https://www.google.com/maps/place/?q=place_id:ChIJ7Ucv9m3_kT4RJWkRyBhA6Tw,https://americanlyceum.com/,+968 9700 1941,https://americanlyceum.com/,https://www.google.com/s2/favicons?domain=americanlyceum.com&sz=128,,,,,,,,,,,,,4.80,,,,,,12,Google,,2025-10-04,,,,,,,,,,
ChIJj8bkInUAjj4Rr8j4j7YSFPk,american-lyceum-international-nursery-muscat,American Lyceum International Nursery Muscat,Schools,,school;education,,"Way No 4804,Building No 283, مسقط، Oman",Muscat,Oman,23.594394,58.364750,https://www.google.com/maps/place/?q=place_id:ChIJj8bkInUAjj4Rr8j4j7YSFPk,https://www.americanlyceum.com/nursery,+968 9700 1942,https://www.americanlyceum.com/nursery,https://www.google.com/s2/favicons?domain=www.americanlyceum.com&sz=128,,,,,,,,,,,,,3.30,,,,,,23,Google,,2025-10-04,,,,,,,,,,
ChIJj9Li74oBjj4RDGoHN0vCvcc,american-lyceum-international-school-oman,"American Lyceum International School, Oman",Schools,,school;education,,"4851 Way, Muscat 130, Oman",Muscat,Oman,23.598527,58.365366,https://www.google.com/maps/place/?q=place_id:ChIJj9Li74oBjj4RDGoHN0vCvcc,http://www.americanlyceum.com/,+968 9697 0503,http://www.americanlyceum.com/,https://www.google.com/s2/favicons?domain=www.americanlyceum.com&sz=128,,,,,,,,,,,,,,,,,,,,,,2025-10-04,,,,,,,,,,
ChIJbdRCBjLEhz4REIMrINoF1xA,aqua-tots-swim-school-muscat,Aqua-Tots Swim School Muscat,Schools,,school;education,,"Hay Al Kawthar 3454, نادي السيب، 1 3454/1, Muscat 128, Oman",Muscat,Oman,23.650586,58.198302,https://www.google.com/maps/place/?q=place_id:ChIJbdRCBjLEhz4REIMrINoF1xA,https://www.aqua-tots.com/muscat?utm_source=Google&utm_medium=Organic&utm_campaign=GMB&utm_source=Google&utm_medium=Organic&utm_campaign=LocalSEO,+968 24 288000,https://www.aqua-tots.com/muscat?utm_source=Google&utm_medium=Organic&utm_campaign=GMB&utm_source=Google&utm_medium=Organic&utm_campaign=LocalSEO,https://www.google.com/s2/favicons?domain=www.aqua-tots.com&sz=128,,,,,,,,,,,,,4.60,,,,,,454,Google,,2025-10-04,,,,,,,,,,
ChIJGzVl5Y__kT4R0mMtL_xLEA0,art-of-living-private-school,Art of Living Private School مدرسة فن الحياة الخاصة,Schools,,school;education,,"Building No. 216 Way No. 3231 Al Dayafah Street Al Ghubra، Muscat, Oman",Muscat,Oman,23.592032,58.396887,https://www.google.com/maps/place/?q=place_id:ChIJGzVl5Y__kT4R0mMtL_xLEA0,https://www.google.com/maps/place/?q=place_id:ChIJGzVl5Y__kT4R0mMtL_xLEA0,+968 9225 9757,https://www.google.com/maps/place/?q=place_id:ChIJGzVl5Y__kT4R0mMtL_xLEA0,https://www.google.com/s2/favicons?domain=www.google.com&sz=128,,,,,,,,,,,,,5.00,,,,,,2,Google,,2025-10-04,,,,,,,,,,
ChIJqzrehbn8jT4R7wed1rm-EVA,assafwah-international-school,Assafwah International School,Schools,,school;education,,"Al Khoudh St, Sib 132, Oman",Muscat,Oman,23.640458,58.202796,https://www.google.com/maps/place/?q=place_id:ChIJqzrehbn8jT4R7wed1rm-EVA,https://assafwah.net/,+968 24 546929,https://assafwah.net/,https://www.google.com/s2/favicons?domain=assafwah.net&sz=128,,,,,,,,,,,,,,,,,,,,,,2025-10-04,,,,,,,,,,
ChIJPfMkoMUBjj4RDk5BkwDSaQU,a-ssafwah-private-school,A’ssafwah Private School مدرسة الصفوة الخاصة,Schools,,school;education,,"H924+QRP, Al Ansab St, Muscat, Oman",Muscat,Oman,23.551957,58.357088,https://www.google.com/maps/place/?q=place_id:ChIJPfMkoMUBjj4RDk5BkwDSaQU,http://www.assafwah.net/,+968 24 585053,http://www.assafwah.net/,https://www.google.com/s2/favicons?domain=www.assafwah.net&sz=128,,,,,,,,,,,,,,,,,,,,,,2025-10-04,,,,,,,,,,
ChIJcXDnq87wkT4RHuVstuyIj94,baj-515,BAJ 515,Schools,,school;education,,"Way 5815, مسقط، Oman",Muscat,Oman,23.567013,58.583350,https://www.google.com/maps/place/?q=place_id:ChIJcXDnq87wkT4RHuVstuyIj94,https://www.google.com/maps/place/?q=place_id:ChIJcXDnq87wkT4RHuVstuyIj94,+968 24 826277,https://www.google.com/maps/place/?q=place_id:ChIJcXDnq87wkT4RHuVstuyIj94,https://www.google.com/s2/favicons?domain=www.google.com&sz=128,,,,,,,,,,,,,4.10,,,,,,11,Google,,2025-10-04,,,,,,,,,,
ChIJtZY0d6L_kT4RLNz4RXGtQLo,bangladesh-school-muscat,Bangladesh School Muscat,Schools,,school;education,,"HCW5+RR5, 18th November St, Muscat, Oman",Muscat,Oman,23.597021,58.409597,https://www.google.com/maps/place/?q=place_id:ChIJtZY0d6L_kT4RLNz4RXGtQLo,https://www.google.com/maps/place/?q=place_id:ChIJtZY0d6L_kT4RLNz4RXGtQLo,+968 24 497127,https://www.google.com/maps/place/?q=place_id:ChIJtZY0d6L_kT4RLNz4RXGtQLo,https://www.google.com/s2/favicons?domain=www.google.com&sz=128,,,,,,,,,,,,,,,,,,,,,,2025-10-04,,,,,,,,,,
ChIJ3zPZ5J_5kT4Rb6XluBQpXzI,bardiha-thakur,Bardiha thakur,Schools,,school;education,,"4358 4359 Way, Muscat, Oman",Muscat,Oman,23.587408,58.547382,https://www.google.com/maps/place/?q=place_id:ChIJ3zPZ5J_5kT4Rb6XluBQpXzI,https://www.google.com/maps/place/?q=place_id:ChIJ3zPZ5J_5kT4Rb6XluBQpXzI,,https://www.google.com/maps/place/?q=place_id:ChIJ3zPZ5J_5kT4Rb6XluBQpXzI,https://www.google.com/s2/favicons?domain=www.google.com&sz=128,,,,,,,,,,,,,,,,,,,,,,2025-10-04,,,,,,,,,,
ChIJtfv5zXL-kT4RCsHIbaGS7fM,bousher-elementary-school,Bousher Elementary School,Schools,,school;education,,"G9QV+FV4, Muscat, Oman",Muscat,Oman,23.538638,58.394702,https://www.google.com/maps/place/?q=place_id:ChIJtfv5zXL-kT4RCsHIbaGS7fM,https://twitter.com/boucherschool?s=09,+968 24 591951,https://twitter.com/boucherschool?s=09,https://www.google.com/s2/favicons?domain=twitter.com&sz=128,,,,,,,,,,,,,,,,,,,,,,2025-10-04,,,,,,,,,,
ChIJPaYRhm39jT4RRvsRr4zWDBs,brainobrain-mawalih,Brainobrain Mawalih,Schools,,school;education,,"H6VF+P7V, Seeb, Oman",Muscat,Oman,23.594357,58.223168,https://www.google.com/maps/place/?q=place_id:ChIJPaYRhm39jT4RRvsRr4zWDBs,http://omanbrainobrain.com/,+968 9069 6295,http://omanbrainobrain.com/,https://www.google.com/s2/favicons?domain=omanbrainobrain.com&sz=128,,,,,,,,,,,,,4.00,,,,,,12,Google,,2025-10-04,,,,,,,,,,
ChIJjYfnqzX_kT4RDzj5_ttUkWo,british-school-muscat,British School Muscat المدرسة البريطانية,Schools,,school;education,,"Box 1907, Muscat 112, Oman",Muscat,Oman,23.606196,58.460542,https://www.google.com/maps/place/?q=place_id:ChIJjYfnqzX_kT4RDzj5_ttUkWo,http://www.britishschoolmuscat.com/,+968 24 600842,http://www.britishschoolmuscat.com/,https://www.google.com/s2/favicons?domain=www.britishschoolmuscat.com&sz=128,,,,,,,,,,,,,4.30,,,,,,3,Google,,2025-10-04,,,,,,,,,,
ChIJyekd2Hv_kT4RRJwobj_sdGE,chapter-one-nursery,Chapter One Nursery,Schools,,school;education,,"Way No 3050 Villa 4047, Muscat, Oman",Muscat,Oman,23.607498,58.450686,https://www.google.com/maps/place/?q=place_id:ChIJyekd2Hv_kT4RRJwobj_sdGE,https://www.google.com/maps/place/?q=place_id:ChIJyekd2Hv_kT4RRJwobj_sdGE,+968 9199 9726,https://www.google.com/maps/place/?q=place_id:ChIJyekd2Hv_kT4RRJwobj_sdGE,https://www.google.com/s2/favicons?domain=www.google.com&sz=128,,,,,,,,,,,,,4.70,,,,,,27,Google,,2025-10-04,,,,,,,,,,
ChIJWbjdcAH9jT4R0t8QZelSRho,choueifat-school-administration-building,Choueifat School Administration Building,Schools,,school;education,,"J68J+W2H, Seeb, Oman",Muscat,Oman,23.617312,58.230101,https://www.google.com/maps/place/?q=place_id:ChIJWbjdcAH9jT4R0t8QZelSRho,https://iscmuscat.sabis.net/,,https://iscmuscat.sabis.net/,https://www.google.com/s2/favicons?domain=iscmuscat.sabis.net&sz=128,,,,,,,,,,,,,,,,,,,,,,2025-10-04,,,,,,,,,,
ChIJY_ODMSr5kT4RpKMfY8pr5Ec,compass-marine-sea-school,Compass Marine Sea School,Schools,,school;education,,"Al Nahdah St, Muscat, Oman",Muscat,Oman,23.610357,58.497148,https://www.google.com/maps/place/?q=place_id:ChIJY_ODMSr5kT4RpKMfY8pr5Ec,https://www.compass-marine.global/,+968 9281 7774,https://www.compass-marine.global/,https://www.google.com/s2/favicons?domain=www.compass-marine.global&sz=128,,,,,,,,,,,,,5.00,,,,,,23,Google,,2025-10-04,,,,,,,,,,
ChIJhTPT_qT5kT4RQs1UEvoqKBc,dar-al-ma-arej-school-for-memorizing-qur-an,Dar Al Ma’arej School for Memorizing Qur’an,Schools,,school;education,,"HGRV+9RJ, Muscat, Oman",Muscat,Oman,23.590968,58.544525,https://www.google.com/maps/place/?q=place_id:ChIJhTPT_qT5kT4RQs1UEvoqKBc,https://www.google.com/maps/place/?q=place_id:ChIJhTPT_qT5kT4RQs1UEvoqKBc,+968 9444 2667,https://www.google.com/maps/place/?q=place_id:ChIJhTPT_qT5kT4RQs1UEvoqKBc,https://www.google.com/s2/favicons?domain=www.google.com&sz=128,,,,,,,,,,,,,,,,,,,,,,2025-10-04,,,,,,,,,,
ChIJ_zMomnv_kT4RIPbUa0jcPz4,digital-private-school,Digital Private School,Schools,,school;education,,"3 Bawshar St, Muscat 133, Oman",Muscat,Oman,23.553599,58.401843,https://www.google.com/maps/place/?q=place_id:ChIJ_zMomnv_kT4RIPbUa0jcPz4,http://dps.edu.om/,+968 24 583561,http://dps.edu.om/,https://www.google.com/s2/favicons?domain=dps.edu.om&sz=128,,,,,,,,,,,,,,,,,,,,,,2025-10-04,,,,,,,,,,
ChIJk2Fz4b__kT4R-d0tc0UeDQU,dorat-al-khaleej-international-private-school-al-ghubra-branch,Dorat Al Khaleej International Private School Al Ghubra Branch مدرسة درة الدولية الخاصة فرع الغبرة,Schools,,school;education,,"H9VW+8F9, Al Dhayafa St, Muscat, Oman",Muscat,Oman,23.594016,58.395602,https://www.google.com/maps/place/?q=place_id:ChIJk2Fz4b__kT4R-d0tc0UeDQU,http://dak.edu.om/,+968 9949 8401,http://dak.edu.om/,https://www.google.com/s2/favicons?domain=dak.edu.om&sz=128,,,,,,,,,,,,,,,,,,,,,,2025-10-04,,,,,,,,,,
ChIJ2UB6TUb_kT4R-N2XsXk2GYc,dovecote-nursery,Dovecote Nursery,Schools,,school;education,,"Villa No.3422 and 3422A، Way No 3044، Muscat, Oman",Muscat,Oman,23.609136,58.449479,https://www.google.com/maps/place/?q=place_id:ChIJ2UB6TUb_kT4R-N2XsXk2GYc,https://www.google.com/maps/place/?q=place_id:ChIJ2UB6TUb_kT4R-N2XsXk2GYc,+968 9297 1611,https://www.google.com/maps/place/?q=place_id:ChIJ2UB6TUb_kT4R-N2XsXk2GYc,https://www.google.com/s2/favicons?domain=www.google.com&sz=128,,,,,,,,,,,,,5.00,,,,,,3,Google,,2025-10-04,,,,,,,,,,
ChIJ9wRmpYT8jT4RihyClCvayvE,durat-al-agyal-school,Durat Al Agyal School,Schools,,school;education,,"M64F+7M9, 2227 Way, Sib, Oman",Muscat,Oman,23.655669,58.224224,https://www.google.com/maps/place/?q=place_id:ChIJ9wRmpYT8jT4RihyClCvayvE,https://www.google.com/maps/place/?q=place_id:ChIJ9wRmpYT8jT4RihyClCvayvE,+968 24 425863,https://www.google.com/maps/place/?q=place_id:ChIJ9wRmpYT8jT4RihyClCvayvE,https://www.google.com/s2/favicons?domain=www.google.com&sz=128,,,,,,,,,,,,,,,,,,,,,,2025-10-04,,,,,,,,,,
ChIJOed1MiH9jT4Ruzc0lBfU2YY,ellesmere-muscat-international-school,Ellesmere Muscat International School,Schools,,school;education,,"Alsalam Street, Al Khoudh St, Sib 132, Oman",Muscat,Oman,23.644485,58.188079,https://www.google.com/maps/place/?q=place_id:ChIJOed1MiH9jT4Ruzc0lBfU2YY,https://ellesmeremuscat.com/,,https://ellesmeremuscat.com/,https://www.google.com/s2/favicons?domain=ellesmeremuscat.com&sz=128,,,,,,,,,,,,,,,,,,,,,,2025-10-04,,,,,,,,,,
ChIJXVPSF7r8jT4RJDg5DP7Ke4U,ghars-international-school-gis,Ghars International School GIS,Schools,,school;education,,"Al Khoudh St, Sib, Oman",Muscat,Oman,23.641409,58.202071,https://www.google.com/maps/place/?q=place_id:ChIJXVPSF7r8jT4RJDg5DP7Ke4U,http://www.gis.edu.om/,+968 9171 7691,http://www.gis.edu.om/,https://www.google.com/s2/favicons?domain=www.gis.edu.om&sz=128,,,,,,,,,,,,,,,,,,,,,,2025-10-04,,,,,,,,,,
ChIJbS2Q8Fr3kT4RcFVgr0-ZTQI,goverment-school,Goverment School,Schools,,school;education,,"HHJ7+89C, Muscat, Oman",Muscat,Oman,23.580804,58.563390,https://www.google.com/maps/place/?q=place_id:ChIJbS2Q8Fr3kT4RcFVgr0-ZTQI,https://www.google.com/maps/place/?q=place_id:ChIJbS2Q8Fr3kT4RcFVgr0-ZTQI,,https://www.google.com/maps/place/?q=place_id:ChIJbS2Q8Fr3kT4RcFVgr0-ZTQI,https://www.google.com/s2/favicons?domain=www.google.com&sz=128,,,,,,,,,,,,,,,,,,,,,,2025-10-04,,,,,,,,,,
ChIJt1Y3WfD9jT4RibUz5srU3KE,granada-private-school,Granada Private School,Schools,,school;education,,"J65P+RCC, Seeb 121, Oman",Muscat,Oman,23.609562,58.236063,https://www.google.com/maps/place/?q=place_id:ChIJt1Y3WfD9jT4RibUz5srU3KE,https://www.granadaprivateschool.com/,+968 9744 9896,https://www.granadaprivateschool.com/,https://www.google.com/s2/favicons?domain=www.granadaprivateschool.com&sz=128,,,,,,,,,,,,,,,,,,,,,,2025-10-04,,,,,,,,,,
ChIJXXTLttn_kT4RsQG8_bXHq3g,high-school-land-mark,High School Land Mark,Schools,,school;education,,"HCGJ+3JP, Muscat, Oman",Muscat,Oman,23.575200,58.431577,https://www.google.com/maps/place/?q=place_id:ChIJXXTLttn_kT4RsQG8_bXHq3g,https://www.google.com/maps/place/?q=place_id:ChIJXXTLttn_kT4RsQG8_bXHq3g,,https://www.google.com/maps/place/?q=place_id:ChIJXXTLttn_kT4RsQG8_bXHq3g,https://www.google.com/s2/favicons?domain=www.google.com&sz=128,,,,,,,,,,,,,,,,,,,,,,2025-10-04,,,,,,,,,,
ChIJVTBjo4n3kT4RmdeFij7xetg,ism-primary-school,ISM Primary School,Schools,,school;education,,"924, Muscat, Oman",Muscat,Oman,23.623463,58.556578,https://www.google.com/maps/place/?q=place_id:ChIJVTBjo4n3kT4RmdeFij7xetg,https://www.google.com/maps/place/?q=place_id:ChIJVTBjo4n3kT4RmdeFij7xetg,,https://www.google.com/maps/place/?q=place_id:ChIJVTBjo4n3kT4RmdeFij7xetg,https://www.google.com/s2/favicons?domain=www.google.com&sz=128,,,,,,,,,,,,,,,,,,,,,,2025-10-04,,,,,,,,,,
ChIJAyv2NLTwkT4RysfrHAH5s2g,iswk-kg,ISWK- KG,Schools,,school;education,,"Muscat, Oman",Muscat,Oman,23.566507,58.574255,https://www.google.com/maps/place/?q=place_id:ChIJAyv2NLTwkT4RysfrHAH5s2g,http://www.iswkoman.com/,+968 24 816633,http://www.iswkoman.com/,https://www.google.com/s2/favicons?domain=www.iswkoman.com&sz=128,,,,,,,,,,,,,,,,,,,,,,2025-10-04,,,,,,,,,,
ChIJZWiYGrbwkT4RgLepnpUVibU,iswki-international-cambridge-school,ISWKi International Cambridge School,Schools,,school;education,,"HH7G+WHV, Muscat, Oman",Muscat,Oman,23.564873,58.576436,https://www.google.com/maps/place/?q=place_id:ChIJZWiYGrbwkT4RgLepnpUVibU,http://www.iswki.org/,+968 9012 2012,http://www.iswki.org/,https://www.google.com/s2/favicons?domain=www.iswki.org&sz=128,,,,,,,,,,,,,,,,,,,,,,2025-10-04,,,,,,,,,,
ChIJQyLqA1L3kT4R3bhz160GlOQ,ibn-khaldoun-private-school,Ibn Khaldoun Private School,Schools,,school;education,,"Muscat, Oman",Muscat,Oman,23.573691,58.565343,https://www.google.com/maps/place/?q=place_id:ChIJQyLqA1L3kT4R3bhz160GlOQ,https://www.google.com/maps/place/?q=place_id:ChIJQyLqA1L3kT4R3bhz160GlOQ,+968 9593 1603,https://www.google.com/maps/place/?q=place_id:ChIJQyLqA1L3kT4R3bhz160GlOQ,https://www.google.com/s2/favicons?domain=www.google.com&sz=128,,,,,,,,,,,,,,,,,,,,,,2025-10-04,,,,,,,,,,
ChIJbaJBNr__kT4RKqlWG5owRSU,indian-school-al-ghubra,Indian School Al Ghubra,Schools,,school;education,,"H9QV+6VM Ghubra North, Al Dhayafa St, Muscat, Oman",Muscat,Oman,23.587535,58.396318,https://www.google.com/maps/place/?q=place_id:ChIJbaJBNr__kT4RKqlWG5owRSU,https://indianschool.com/,+968 24 491587,https://indianschool.com/,https://www.google.com/s2/favicons?domain=indianschool.com&sz=128,,,,,,,,,,,,,3.30,,,,,,4,Google,,2025-10-04,,,,,,,,,,
ChIJQ_adAlv3kT4Rdc3xWKncmgU,indian-school-al-wadi-al-kabir,Indian School Al Wadi Al Kabir,Schools,,school;education,,"HHJ7+F6M, Muscat, Oman",Muscat,Oman,23.581210,58.563062,https://www.google.com/maps/place/?q=place_id:ChIJQ_adAlv3kT4Rdc3xWKncmgU,http://www.iswkoman.com/,+968 24 816633,http://www.iswkoman.com/,https://www.google.com/s2/favicons?domain=www.iswkoman.com&sz=128,,,,,,,,,,,,,5.00,,,,,,1,Google,,2025-10-04,,,,,,,,,,
ChIJRe4q7Bf4kT4RxauZgJf002I,indian-school-darsait-isd-senior,Indian School Darsait (ISD) - Senior المدرسة الهندية - دارسيت,Schools,,school;education,,"JGHR+6R9, Darsayt St, Muscat, Oman",Muscat,Oman,23.627922,58.542099,https://www.google.com/maps/place/?q=place_id:ChIJRe4q7Bf4kT4RxauZgJf002I,http://www.isdoman.com/,+968 24 786693,http://www.isdoman.com/,https://www.google.com/s2/favicons?domain=www.isdoman.com&sz=128,,,,,,,,,,,,,,,,,,,,,,2025-10-04,,,,,,,,,,
ChIJU5AAtRf4kT4RUqd4IzmdXb8,indian-school-darsait-junior,Indian School Darsait - Junior,Schools,,school;education,,"JGHR+663, 1318 Way, Muscat, Oman",Muscat,Oman,23.628008,58.540540,https://www.google.com/maps/place/?q=place_id:ChIJU5AAtRf4kT4RUqd4IzmdXb8,https://www.isdoman.com/,+968 24 783995,https://www.isdoman.com/,https://www.google.com/s2/favicons?domain=www.isdoman.com&sz=128,,,,,,,,,,,,,,,,,,,,,,2025-10-04,,,,,,,,,,
ChIJJ4cuPTr4kT4RSIgb-1RN_P8,indian-school-muscat,Indian School Muscat,Schools,,school;education,,"JG9Q+3CJ Indian School، 1911 Way, Muscat, Oman",Muscat,Oman,23.617720,58.538531,https://www.google.com/maps/place/?q=place_id:ChIJJ4cuPTr4kT4RSIgb-1RN_P8,http://ismoman.com/,+968 24 702567,http://ismoman.com/,https://www.google.com/s2/favicons?domain=ismoman.com&sz=128,,,,,,,,,,,,,4.20,,,,,,11,Google,,2025-10-04,,,,,,,,,,
ChIJk47P1X73kT4RTlxnB1FqTAM,indian-school-muscat-kindergarten,Indian School Muscat - Kindergarten,Schools,,school;education,,"JHF4+664, Muscat, Oman",Muscat,Oman,23.623022,58.555569,https://www.google.com/maps/place/?q=place_id:ChIJk47P1X73kT4RTlxnB1FqTAM,http://ismoman.com/,+968 9127 7253,http://ismoman.com/,https://www.google.com/s2/favicons?domain=ismoman.com&sz=128,,,,,,,,,,,,,,,,,,,,,,2025-10-04,,,,,,,,,,
ChIJT76U3b4Ajj4RLa0bL8KLQG8,international-french-school-of-muscat-lyc-e-fran-ais-international-de-mascate,International French School of Muscat | Lycée Français International de Mascate,Schools,,school;education,,"Airport height, 99 St, Muscat, Oman",Muscat,Oman,23.575140,58.299633,https://www.google.com/maps/place/?q=place_id:ChIJT76U3b4Ajj4RLa0bL8KLQG8,https://www.lfm.om/,+968 24 348800,https://www.lfm.om/,https://www.google.com/s2/favicons?domain=www.lfm.om&sz=128,,,,,,,,,,,,,,,,,,,,,,2025-10-04,,,,,,,,,,
ChIJ1bxOv8_4kT4RFesgXc-n2jc,international-school-of-oman,International School of Oman,Schools,,school;education,,"Near Bausher medical center، Al Maha St, Muscat 130, Oman",Muscat,Oman,23.560281,58.408721,https://www.google.com/maps/place/?q=place_id:ChIJ1bxOv8_4kT4RFesgXc-n2jc,http://www.isooman.com/,+968 22 455400,http://www.isooman.com/,https://www.google.com/s2/favicons?domain=www.isooman.com&sz=128,,,,,,,,,,,,,,,,,,,,,,2025-10-04,,,,,,,,,,
ChIJb9QHg97_kT4RINJXu3TdLdo,iranian-school-muscat,Iranian School Muscat,Schools,,school;education,,"J93H+8W8, Muscat, Oman",Muscat,Oman,23.603284,58.379831,https://www.google.com/maps/place/?q=place_id:ChIJb9QHg97_kT4RINJXu3TdLdo,http://school-muscat.ir/,+968 24 493912,http://school-muscat.ir/,https://www.google.com/s2/favicons?domain=school-muscat.ir&sz=128,,,,,,,,,,,,,,,,,,,,,,2025-10-04,,,,,,,,,,
ChIJk4ZJYeQBjj4RpHSjXitFsho,itlalat-almajd-private-school,Itlalat Almajd Private School - مدرسة اطلالة المجد الخاصة,Schools,,school;education,,"H9V7+H49, 4008 Way, Muscat, Oman",Muscat,Oman,23.593921,58.362869,https://www.google.com/maps/place/?q=place_id:ChIJk4ZJYeQBjj4RpHSjXitFsho,https://www.google.com/maps/place/?q=place_id:ChIJk4ZJYeQBjj4RpHSjXitFsho,+968 24 490649,https://www.google.com/maps/place/?q=place_id:ChIJk4ZJYeQBjj4RpHSjXitFsho,https://www.google.com/s2/favicons?domain=www.google.com&sz=128,,,,,,,,,,,,,5.00,,,,,,1,Google,,2025-10-04,,,,,,,,,,
ChIJxUyT3hv9jT4RAajmuNtZpMs,jaifar-ibn-al-julanda-private-school,Jaifar Ibn Al Julanda Private School مدرسة حيفر بن الجلندى الخاصة,Schools,,school;education,,"1467 way, Al hail North Building no. 6758 Seeb OM, Sib 121, Oman",Muscat,Oman,23.633692,58.237862,https://www.google.com/maps/place/?q=place_id:ChIJxUyT3hv9jT4RAajmuNtZpMs,http://www.jijps.com/,+968 24 538652,http://www.jijps.com/,https://www.google.com/s2/favicons?domain=www.jijps.com&sz=128,,,,,,,,,,,,,,,,,,,,,,2025-10-04,,,,,,,,,,
ChIJfVft2k33kT4RpNVEQDRtIWk,jingles-nursery-daycare-playgroup-nursery,"Jingles Nursery (Daycare, Playgroup & Nursery)",Schools,,school;education,,"Muscat, Oman",Muscat,Oman,23.574589,58.569015,https://www.google.com/maps/place/?q=place_id:ChIJfVft2k33kT4RpNVEQDRtIWk,https://www.google.com/maps/place/?q=place_id:ChIJfVft2k33kT4RpNVEQDRtIWk,+968 9366 3185,https://www.google.com/maps/place/?q=place_id:ChIJfVft2k33kT4RpNVEQDRtIWk,https://www.google.com/s2/favicons?domain=www.google.com&sz=128,,,,,,,,,,,,,5.00,,,,,,4,Google,,2025-10-04,,,,,,,,,,
ChIJoTUbTZP8jT4R0D2huE6oYAI,knowledge-gate-international-school-muscat,Knowledge Gate International School Muscat,Schools,,school;education,,"Al Marafah St, Sib, Oman",Muscat,Oman,23.638920,58.218222,https://www.google.com/maps/place/?q=place_id:ChIJoTUbTZP8jT4R0D2huE6oYAI,http://kgis.edu.om/,+968 24 073500,http://kgis.edu.om/,https://www.google.com/s2/favicons?domain=kgis.edu.om&sz=128,,,,,,,,,,,,,4.50,,,,,,8,Google,,2025-10-04,,,,,,,,,,
ChIJjfsPMhb9jT4R4c3PucgMuxc,laugh-n-learn-oman,Laugh N Learn Oman,Schools,,school;education,,"The View, 208 Al Mauj St, North 138, Oman",Muscat,Oman,23.619698,58.258052,https://www.google.com/maps/place/?q=place_id:ChIJjfsPMhb9jT4R4c3PucgMuxc,https://laughnlearnoman.com/,+968 9260 3404,https://laughnlearnoman.com/,https://www.google.com/s2/favicons?domain=laughnlearnoman.com&sz=128,,,,,,,,,,,,,4.80,,,,,,18,Google,,2025-10-04,,,,,,,,,,
ChIJKeydX879jT4R86kVtZUfwnM,leaders-private-school,Leaders Private School مدرسة القادة الخاصة,Schools,,school;education,,"Al Hail South - Seeb J69M+CHX السيب‎, مسقط، Oman",Muscat,Oman,23.618562,58.233938,https://www.google.com/maps/place/?q=place_id:ChIJKeydX879jT4R86kVtZUfwnM,https://www.leadersschool.om/,+968 9850 1501,https://www.leadersschool.om/,https://www.google.com/s2/favicons?domain=www.leadersschool.om&sz=128,,,,,,,,,,,,,,,,,,,,,,2025-10-04,,,,,,,,,,
ChIJcd8X7mX5kT4R06iylbsketE,little-dreams-nursery-muscat,Little Dreams Nursery Muscat,Schools,,school;education,,"664 Way, Muscat 112, Oman",Muscat,Oman,23.614194,58.498227,https://www.google.com/maps/place/?q=place_id:ChIJcd8X7mX5kT4R06iylbsketE,https://www.google.com/maps/place/?q=place_id:ChIJcd8X7mX5kT4R06iylbsketE,+968 9244 4515,https://www.google.com/maps/place/?q=place_id:ChIJcd8X7mX5kT4R06iylbsketE,https://www.google.com/s2/favicons?domain=www.google.com&sz=128,,,,,,,,,,,,,4.50,,,,,,2,Google,,2025-10-04,,,,,,,,,,
ChIJxVlAtcT9jT4RrdeeCBuuU3o,little-feet-nursery,Little Feet Nursery | حضانة الأقدام الصغيرة,Schools,,school;education,,"Seeb, Oman",Muscat,Oman,23.603783,58.223273,https://www.google.com/maps/place/?q=place_id:ChIJxVlAtcT9jT4RrdeeCBuuU3o,https://littlefeetom.com/,+968 9696 9657,https://littlefeetom.com/,https://www.google.com/s2/favicons?domain=littlefeetom.com&sz=128,,,,,,,,,,,,,4.30,,,,,,18,Google,,2025-10-04,,,,,,,,,,
ChIJ89-p5GP5kT4Rd2Y2FYXlBSE,little-flowers-nursery,Little Flowers Nursery,Schools,,school;education,,"JG3Q+M74 way 2303 villa169, Bait Al Falaj, Muscat, Oman",Muscat,Oman,23.604139,58.538215,https://www.google.com/maps/place/?q=place_id:ChIJ89-p5GP5kT4Rd2Y2FYXlBSE,https://www.google.com/maps/place/?q=place_id:ChIJ89-p5GP5kT4Rd2Y2FYXlBSE,+968 24 703317,https://www.google.com/maps/place/?q=place_id:ChIJ89-p5GP5kT4Rd2Y2FYXlBSE,https://www.google.com/s2/favicons?domain=www.google.com&sz=128,,,,,,,,,,,,,4.00,,,,,,4,Google,,2025-10-04,,,,,,,,,,
ChIJCWKmbCz_kT4RCqrgb921Ogk,madinat-sultan-qaboos-private-school,Madinat Sultan Qaboos Private School مدرسة مدينة السلطان قابوس الخاصة,Schools,,school;education,,"HFV5+9GJ, Muscat, Oman",Muscat,Oman,23.593464,58.458774,https://www.google.com/maps/place/?q=place_id:ChIJCWKmbCz_kT4RCqrgb921Ogk,https://msqps.edu.om/,+968 24 697192,https://msqps.edu.om/,https://www.google.com/s2/favicons?domain=msqps.edu.om&sz=128,,,,,,,,,,,,,,,,,,,,,,2025-10-04,,,,,,,,,,
ChIJL4Hq6MD5kT4Rx8aFfddWLw4,manba-al-huda-islamic-school,Manba Al Huda Islamic School,Schools,,school;education,,"JH32+W7R, Muscat, Oman",Muscat,Oman,23.604860,58.550653,https://www.google.com/maps/place/?q=place_id:ChIJL4Hq6MD5kT4Rx8aFfddWLw4,https://www.google.com/maps/place/?q=place_id:ChIJL4Hq6MD5kT4Rx8aFfddWLw4,,https://www.google.com/maps/place/?q=place_id:ChIJL4Hq6MD5kT4Rx8aFfddWLw4,https://www.google.com/s2/favicons?domain=www.google.com&sz=128,,,,,,,,,,,,,,,,,,,,,,2025-10-04,,,,,,,,,,
ChIJ_1fJS9b_kT4R9CORpORWxEw,maple-bear-preschool-muscat,"Maple Bear Preschool, Muscat",Schools,,school;education,,"513، Bawsher Muscat OM, Muscat 113, Oman",Muscat,Oman,23.574944,58.412356,https://www.google.com/maps/place/?q=place_id:ChIJ_1fJS9b_kT4R9CORpORWxEw,https://www.maplebeargulfschools.com/our-location/oman/preschool-muscat/?utm_source=google&utm_medium=GMB,+968 9975 5475,https://www.maplebeargulfschools.com/our-location/oman/preschool-muscat/?utm_source=google&utm_medium=GMB,https://www.google.com/s2/favicons?domain=www.maplebeargulfschools.com&sz=128,,,,,,,,,,,,,4.60,,,,,,34,Google,,2025-10-04,,,,,,,,,,
ChIJX76iqTb4kT4RCAp9V0ZKrtQ,middle-east-nursery,Middle East Nursery حضانة الشرق الأوسط,Schools,,school;education,,"2515 Way, Muscat Villa 941 Muscat OM، Muscat 114, Oman",Muscat,Oman,23.609969,58.536954,https://www.google.com/maps/place/?q=place_id:ChIJX76iqTb4kT4RCAp9V0ZKrtQ,https://www.google.com/maps/place/?q=place_id:ChIJX76iqTb4kT4RCAp9V0ZKrtQ,+968 24 787127,https://www.google.com/maps/place/?q=place_id:ChIJX76iqTb4kT4RCAp9V0ZKrtQ,https://www.google.com/s2/favicons?domain=www.google.com&sz=128,,,,,,,,,,,,,4.10,,,,,,14,Google,,2025-10-04,,,,,,,,,,
ChIJl7Wx-gwAjj4Rcm5C-tVRGA4,mrlyndinahhschool,Mrlyndinahhschool,Schools,,school;education,,"6829 Way, Muscat, Oman",Muscat,Oman,23.598022,58.351045,https://www.google.com/maps/place/?q=place_id:ChIJl7Wx-gwAjj4Rcm5C-tVRGA4,http://www.miso.om/,+968 24 138842,http://www.miso.om/,https://www.google.com/s2/favicons?domain=www.miso.om&sz=128,,,,,,,,,,,,,4.00,,,,,,1,Google,,2025-10-04,,,,,,,,,,
ChIJa1P8MfMBjj4RGhcBAq4Z1Po,my-little-world-nursery,My Little World Nursery حضانة عالمي الصغير,Schools,,school;education,,"G8GX+WP2, Muscat, Oman",Muscat,Oman,23.527274,58.349262,https://www.google.com/maps/place/?q=place_id:ChIJa1P8MfMBjj4RGhcBAq4Z1Po,https://www.google.com/maps/place/?q=place_id:ChIJa1P8MfMBjj4RGhcBAq4Z1Po,+968 9793 9289,https://www.google.com/maps/place/?q=place_id:ChIJa1P8MfMBjj4RGhcBAq4Z1Po,https://www.google.com/s2/favicons?domain=www.google.com&sz=128,,,,,,,,,,,,,4.70,,,,,,14,Google,,2025-10-04,,,,,,,,,,
ChIJ-Uac5u_8jT4RoimplsKavE4,my-school-oman,My School Oman,Schools,,school;education,,"J6JF+33C, Seeb, Oman",Muscat,Oman,23.630178,58.222643,https://www.google.com/maps/place/?q=place_id:ChIJ-Uac5u_8jT4RoimplsKavE4,http://www.myschool.edu.om/,+968 24 555171,http://www.myschool.edu.om/,https://www.google.com/s2/favicons?domain=www.myschool.edu.om&sz=128,,,,,,,,,,,,,,,,,,,,,,2025-10-04,,,,,,,,,,
ChIJaxTBkhr_kT4RJYtkGsc4EKQ,national-private-school,National Private School,Schools,,school;education,,"Muscat, Oman",Muscat,Oman,23.590020,58.431470,https://www.google.com/maps/place/?q=place_id:ChIJaxTBkhr_kT4RJYtkGsc4EKQ,http://npschool.net/,+968 24 489721,http://npschool.net/,https://www.google.com/s2/favicons?domain=npschool.net&sz=128,,,,,,,,,,,,,3.00,,,,,,4,Google,,2025-10-04,,,,,,,,,,
ChIJ13BI9wYBjj4RJk1PasKlnEc,native-english-oman,Native English Oman,Schools,,school;education,,"HCVG+FQ7 Native English Oman, Building No. 25, 504 Al Khuwair St, Muscat 133, Oman",Muscat,Oman,23.593688,58.426937,https://www.google.com/maps/place/?q=place_id:ChIJ13BI9wYBjj4RJk1PasKlnEc,http://www.nativeenglishoman.com/,+968 9636 6761,http://www.nativeenglishoman.com/,https://www.google.com/s2/favicons?domain=www.nativeenglishoman.com&sz=128,,,,,,,,,,,,,5.00,,,,,,20,Google,,2025-10-04,,,,,,,,,,
ChIJs1hdBGf-kT4R6aH88IzrnU8,oman-private-school,Oman Private School (مدرسة عُمان الخاصة),Schools,,school;education,,"Al Safa St, Muscat, Oman",Muscat,Oman,23.552518,58.409270,https://www.google.com/maps/place/?q=place_id:ChIJs1hdBGf-kT4R6aH88IzrnU8,http://omanprivateschool.com/,+968 9655 0852,http://omanprivateschool.com/,https://www.google.com/s2/favicons?domain=omanprivateschool.com&sz=128,,,,,,,,,,,,,,,,,,,,,,2025-10-04,,,,,,,,,,
ChIJ0RlQTzb_kT4RWkkfaVNyREQ,our-planet-international-school,Our Planet International School مدرسة كوكبنا الدولية الخاصة,Schools,,school;education,,"Al-Inshirah Street Plot 95, Block 221، Muscat, Oman",Muscat,Oman,23.606027,58.455075,https://www.google.com/maps/place/?q=place_id:ChIJ0RlQTzb_kT4RWkkfaVNyREQ,http://www.ourplanet-muscat.com/,+968 22 005642,http://www.ourplanet-muscat.com/,https://www.google.com/s2/favicons?domain=www.ourplanet-muscat.com&sz=128,,,,,,,,,,,,,,,,,,,,,,2025-10-04,,,,,,,,,,
ChIJjccxuob4kT4RQus5Uz_UGAA,pdo-school,PDO School مدرسة شركة تنمية نفط عمان,Schools,,school;education,,"JGM3+934, Muscat, Oman",Muscat,Oman,23.633396,58.502704,https://www.google.com/maps/place/?q=place_id:ChIJjccxuob4kT4RQus5Uz_UGAA,http://www.pdoschool.org/,+968 24 677279,http://www.pdoschool.org/,https://www.google.com/s2/favicons?domain=www.pdoschool.org&sz=128,,,,,,,,,,,,,,,,,,,,,,2025-10-04,,,,,,,,,,
ChIJtdS1sTb4kT4RRxCEwppT64s,pakistan-school-muscat-junior-block,Pakistan School Muscat Junior Block,Schools,,school;education,,"JG5M+3H8, Muscat, Oman",Muscat,Oman,23.607656,58.533965,https://www.google.com/maps/place/?q=place_id:ChIJtdS1sTb4kT4RRxCEwppT64s,https://www.pakistanschool.edu.om/,,https://www.pakistanschool.edu.om/,https://www.google.com/s2/favicons?domain=www.pakistanschool.edu.om&sz=128,,,,,,,,,,,,,5.00,,,,,,1,Google,,2025-10-04,,,,,,,,,,
ChIJyZsyEuj_kT4R4SulR6-GVag,playday-kids-club,PlayDay Kids Club,Schools,,school;education,,"Al Maha St, Muscat, Oman",Muscat,Oman,23.562594,58.410883,https://www.google.com/maps/place/?q=place_id:ChIJyZsyEuj_kT4R4SulR6-GVag,https://www.google.com/maps/place/?q=place_id:ChIJyZsyEuj_kT4R4SulR6-GVag,+968 9670 6575,https://www.google.com/maps/place/?q=place_id:ChIJyZsyEuj_kT4R4SulR6-GVag,https://www.google.com/s2/favicons?domain=www.google.com&sz=128,,,,,,,,,,,,,4.60,,,,,,25,Google,,2025-10-04,,,,,,,,,,
ChIJ410arfD5kT4RgdOg7AkNSb0,polyglot-juniors-montessori,Polyglot juniors Montessori,Schools,,school;education,,"Muscat , Al qurum, al, مسقط 122, Oman",Muscat,Oman,23.600365,58.515615,https://www.google.com/maps/place/?q=place_id:ChIJ410arfD5kT4RgdOg7AkNSb0,https://polyglot.org/juniors/?fbclid=PAZXh0bgNhZW0CMTEAAaYW4SGdExxLeUlEXCsWxFrNjsPKKoCkh02ATAYZU-1vR_A0OmmkBlyN794_aem_HcXyXok1jrvMPVhuUauZ7A,+968 9965 3133,https://polyglot.org/juniors/?fbclid=PAZXh0bgNhZW0CMTEAAaYW4SGdExxLeUlEXCsWxFrNjsPKKoCkh02ATAYZU-1vR_A0OmmkBlyN794_aem_HcXyXok1jrvMPVhuUauZ7A,https://www.google.com/s2/favicons?domain=polyglot.org&sz=128,,,,,,,,,,,,,5.00,,,,,,2,Google,,2025-10-04,,,,,,,,,,
ChIJVbXWyKL4kT4R9DvLEjfq1pU,qurum-international-private-school,Qurum International Private School,Schools,,school;education,,"Al Shati St, Muscat 116, Oman",Muscat,Oman,23.625314,58.484679,https://www.google.com/maps/place/?q=place_id:ChIJVbXWyKL4kT4R9DvLEjfq1pU,https://www.qps.edu.om/,+968 24 562201,https://www.qps.edu.om/,https://www.google.com/s2/favicons?domain=www.qps.edu.om&sz=128,,,,,,,,,,,,,3.70,,,,,,3,Google,,2025-10-04,,,,,,,,,,
ChIJE6YFylH3kT4RcyYFNIVQ1KU,sri-lankan-school-muscat,SRI LANKAN SCHOOL MUSCAT,Schools,,school;education,,"OM, 63 St, مسقط 112, Oman",Muscat,Oman,23.575739,58.564215,https://www.google.com/maps/place/?q=place_id:ChIJE6YFylH3kT4RcyYFNIVQ1KU,https://www.slsm.edu.om/,+968 24 811005,https://www.slsm.edu.om/,https://www.google.com/s2/favicons?domain=www.slsm.edu.om&sz=128,,,,,,,,,,,,,,,,,,,,,,2025-10-04,,,,,,,,,,
ChIJoXwNN-YBjj4Ry0A-Xstd0t8,safya-school,Safya School,Schools,,school;education,,"G9R6+8H5, Muscat, Oman",Muscat,Oman,23.540758,58.361486,https://www.google.com/maps/place/?q=place_id:ChIJoXwNN-YBjj4Ry0A-Xstd0t8,https://www.google.com/maps/place/?q=place_id:ChIJoXwNN-YBjj4Ry0A-Xstd0t8,+968 24 200123,https://www.google.com/maps/place/?q=place_id:ChIJoXwNN-YBjj4Ry0A-Xstd0t8,https://www.google.com/s2/favicons?domain=www.google.com&sz=128,,,,,,,,,,,,,5.00,,,,,,1,Google,,2025-10-04,,,,,,,,,,
ChIJRwnUc2r5kT4RXJgBtVLNGJ4,sarh-alibdaa-international-school,Sarh-Alibdaa International School مدرسة الإبداع العالمية,Schools,,school;education,,"Building 4481, 1954 Way, Muscat, Oman",Muscat,Oman,23.613302,58.218013,https://www.google.com/maps/place/?q=place_id:ChIJRwnUc2r5kT4RXJgBtVLNGJ4,https://sarhalibdaa.com/,+968 24 189752,https://sarhalibdaa.com/,https://www.google.com/s2/favicons?domain=sarhalibdaa.com&sz=128,,,,,,,,,,,,,4.50,,,,,,37,Google,,2025-10-04,,,,,,,,,,
ChIJ02cStOwBjj4RUHlMa4KcVAM,school-hazim-bin-hammam,School Hazim Bin Hammam,Schools,,school;education,,"G8PX+4HW, Muscat, Oman",Muscat,Oman,23.535360,58.348961,https://www.google.com/maps/place/?q=place_id:ChIJ02cStOwBjj4RUHlMa4KcVAM,https://twitter.com/Hazeem_school?s=09,+968 24 593119,https://twitter.com/Hazeem_school?s=09,https://www.google.com/s2/favicons?domain=twitter.com&sz=128,,,,,,,,,,,,,,,,,,,,,,2025-10-04,,,,,,,,,,
ChIJufcXJI_3kT4R8cq5HuztxfM,school-saidia,School Saidia,Schools,,school;education,,"JHF6+6CP, Muscat, Oman",Muscat,Oman,23.623084,58.561081,https://www.google.com/maps/place/?q=place_id:ChIJufcXJI_3kT4R8cq5HuztxfM,https://twitter.com/alsaidia1_4?s=09,+968 24 713376,https://twitter.com/alsaidia1_4?s=09,https://www.google.com/s2/favicons?domain=twitter.com&sz=128,,,,,,,,,,,,,,,,,,,,,,2025-10-04,,,,,,,,,,
ChIJ-7o1yPz-kT4Rk0R0vbdQQbE,shams-al-marif-school,Shams Al Marif School,Schools,,school;education,,"HCJG+GRC, 4711 Way, Muscat, Oman",Muscat,Oman,23.581324,58.427031,https://www.google.com/maps/place/?q=place_id:ChIJ-7o1yPz-kT4Rk0R0vbdQQbE,https://twitter.com/SAlmaarif411?s=09,+968 24 483935,https://twitter.com/SAlmaarif411?s=09,https://www.google.com/s2/favicons?domain=twitter.com&sz=128,,,,,,,,,,,,,,,,,,,,,,2025-10-04,,,,,,,,,,
ChIJGSWgGlX9jT4RdUWvb6oPiPk,shomoukh-early-childhood-education-al-mouj-campus,Shomoukh Early Childhood Education - Al Mouj Campus,Schools,,school;education,,"Main Community Hub, Al Mauj St, Muscat 138, Oman",Muscat,Oman,23.628026,58.264714,https://www.google.com/maps/place/?q=place_id:ChIJGSWgGlX9jT4RdUWvb6oPiPk,https://shomoukh.com/,+968 24 555515,https://shomoukh.com/,https://www.google.com/s2/favicons?domain=shomoukh.com&sz=128,,,,,,,,,,,,,4.80,,,,,,40,Google,,2025-10-04,,,,,,,,,,
ChIJ5Y45xkf_kT4Ry1DQ0OpwVm4,shomoukh-early-childhood-education-al-qurum-campus,Shomoukh Early Childhood Education - Al Qurum Campus,Schools,,school;education,,"Al Saruj St., Shatti Al Qurum Way 3046 Bldg 3557، Muscat, Oman",Muscat,Oman,23.608515,58.450303,https://www.google.com/maps/place/?q=place_id:ChIJ5Y45xkf_kT4Ry1DQ0OpwVm4,https://shomoukh.com/,+968 24 600886,https://shomoukh.com/,https://www.google.com/s2/favicons?domain=shomoukh.com&sz=128,,,,,,,,,,,,,4.60,,,,,,41,Google,,2025-10-04,,,,,,,,,,
ChIJ6zyN5BD_kT4R30V1q4y6Yrg,stellar-private-school,Stellar Private School مدرسة المشاهير الخاصة,Schools,,school;education,,"HCVJ+MX3, Muscat, Oman",Muscat,Oman,23.594145,58.432409,https://www.google.com/maps/place/?q=place_id:ChIJ6zyN5BD_kT4R30V1q4y6Yrg,https://www.google.com/maps/place/?q=place_id:ChIJ6zyN5BD_kT4R30V1q4y6Yrg,+968 9333 1056,https://www.google.com/maps/place/?q=place_id:ChIJ6zyN5BD_kT4R30V1q4y6Yrg,https://www.google.com/s2/favicons?domain=www.google.com&sz=128,,,,,,,,,,,,,,,,,,,,,,2025-10-04,,,,,,,,,,
ChIJeRPRTi7_kT4RSwttmHwM-PI,the-indian-nursery-school,THE INDIAN NURSERY SCHOOL,Schools,,school;education,,"33 Al Khuwair St, Muscat, Oman",Muscat,Oman,23.587940,58.442349,https://www.google.com/maps/place/?q=place_id:ChIJeRPRTi7_kT4RSwttmHwM-PI,https://www.indian-nursery.com/,+968 24 486412,https://www.indian-nursery.com/,https://www.google.com/s2/favicons?domain=www.indian-nursery.com&sz=128,,,,,,,,,,,,,4.20,,,,,,5,Google,,2025-10-04,,,,,,,,,,
ChIJBSKUC_3_kT4RwwZmODlkK2w,tlc-oman-international-nursery-school,TLC Oman International Nursery School,Schools,,school;education,,"H9XF+7PF, Way 4494 Building 1613, Muscat, Oman",Muscat,Oman,23.598197,58.374353,https://www.google.com/maps/place/?q=place_id:ChIJBSKUC_3_kT4RwwZmODlkK2w,http://www.tlcoman.edu.om/,+968 9677 6266,http://www.tlcoman.edu.om/,https://www.google.com/s2/favicons?domain=www.tlcoman.edu.om&sz=128,,,,,,,,,,,,,4.60,,,,,,28,Google,,2025-10-04,,,,,,,,,,
ChIJWXbqJYP_kT4RFRHgfuKvFtU,tunisian-school-muscat,TUNISIAN SCHOOL Muscat المدرسة التونسية بمسقط,Schools,,school;education,,"Al Safat St, Muscat, Oman",Muscat,Oman,23.594096,58.387294,https://www.google.com/maps/place/?q=place_id:ChIJWXbqJYP_kT4RFRHgfuKvFtU,https://www.facebook.com/profile.php?id=100063836251533,+968 9540 9834,https://www.facebook.com/profile.php?id=100063836251533,https://www.google.com/s2/favicons?domain=www.facebook.com&sz=128,,,,,,,,,,,,,,,,,,,,,,2025-10-04,,,,,,,,,,
ChIJZdJ_Wy3-kT4RlkWqGEuXJkI,the-american-international-school-of-muscat-taism,The American International School of Muscat (TAISM),Schools,,school;education,,"Ghala St, Muscat, Oman",Muscat,Oman,23.569053,58.383853,https://www.google.com/maps/place/?q=place_id:ChIJZdJ_Wy3-kT4RlkWqGEuXJkI,http://www.taism.com/,+968 24 595180,http://www.taism.com/,https://www.google.com/s2/favicons?domain=www.taism.com&sz=128,,,,,,,,,,,,,,,,,,,,,,2025-10-04,,,,,,,,,,
ChIJxdwF94n5kT4Rkmi7ESCgqE4,the-champ-sports-arts-ruwi,The Champ Sports & Arts - Ruwi,Schools,,school;education,,"OM, مسقط 112, Oman",Muscat,Oman,23.593183,58.550001,https://www.google.com/maps/place/?q=place_id:ChIJxdwF94n5kT4Rkmi7ESCgqE4,http://www.thechampoman.com/,+968 9096 1234,http://www.thechampoman.com/,https://www.google.com/s2/favicons?domain=www.thechampoman.com&sz=128,,,,,,,,,,,,,4.90,,,,,,130,Google,,2025-10-04,,,,,,,,,,
ChIJMXDc2Jf_kT4RcbPguNOsQ9Q,the-indian-nursery,The Indian Nursery,Schools,,school;education,,"HCW3+FJW, Muscat, Oman",Muscat,Oman,23.596238,58.404070,https://www.google.com/maps/place/?q=place_id:ChIJMXDc2Jf_kT4RcbPguNOsQ9Q,https://www.google.com/maps/place/?q=place_id:ChIJMXDc2Jf_kT4RcbPguNOsQ9Q,+968 24 495224,https://www.google.com/maps/place/?q=place_id:ChIJMXDc2Jf_kT4RcbPguNOsQ9Q,https://www.google.com/s2/favicons?domain=www.google.com&sz=128,,,,,,,,,,,,,4.00,,,,,,9,Google,,2025-10-04,,,,,,,,,,
ChIJtU2iaQH9jT4R3VGdbqw1Szs,the-international-school-of-choueifat-muscat,The International School of Choueifat - Muscat,Schools,,school;education,,"J68H+9V7, Seeb, Oman",Muscat,Oman,23.617325,58.230099,https://www.google.com/maps/place/?q=place_id:ChIJtU2iaQH9jT4R3VGdbqw1Szs,http://www.iscmuscat.edu.om/,+968 24 534000,http://www.iscmuscat.edu.om/,https://www.google.com/s2/favicons?domain=www.iscmuscat.edu.om&sz=128,,,,,,,,,,,,,4.30,,,,,,24,Google,,2025-10-04,,,,,,,,,,
ChIJtZOgWJX8jT4R2mj0XVkXG8k,the-sultan-s-school,The Sultan's School,Schools,,school;education,,"J6Q7+P98, Seeb, Oman",Muscat,Oman,23.639278,58.213447,https://www.google.com/maps/place/?q=place_id:ChIJtZOgWJX8jT4R2mj0XVkXG8k,http://www.sultansschool.edu.om/,+968 24 536777,http://www.sultansschool.edu.om/,https://www.google.com/s2/favicons?domain=www.sultansschool.edu.om&sz=128,,,,,,,,,,,,,,,,,,,,,,2025-10-04,,,,,,,,,,
ChIJd_y2jq_jjT4RrgIbqFnVOoQ,the-wave-private-school,The Wave Private School مدرسة الموج الخاصة,Schools,,school;education,,"Unnamed Road, Sib, Oman",Muscat,Oman,23.612203,58.240871,https://www.google.com/maps/place/?q=place_id:ChIJd_y2jq_jjT4RrgIbqFnVOoQ,https://m.facebook.com/TheWavePrivateSchool/,+968 9800 0773,https://m.facebook.com/TheWavePrivateSchool/,https://www.google.com/s2/favicons?domain=m.facebook.com&sz=128,,,,,,,,,,,,,,,,,,,,,,2025-10-04,,,,,,,,,,
ChIJNR1kLEn-kT4R1dg9fYSmILo,united-private-schools-al-muna,United Private Schools - Al Muna المدارس المتحدة- فرع المنى,Schools,,school;education,,"Bawshar St, Muscat, Oman",Muscat,Oman,23.557079,58.410400,https://www.google.com/maps/place/?q=place_id:ChIJNR1kLEn-kT4R1dg9fYSmILo,http://upsschools.edu.om/,+968 9296 1198,http://upsschools.edu.om/,https://www.google.com/s2/favicons?domain=upsschools.edu.om&sz=128,,,,,,,,,,,,,,,,,,,,,,2025-10-04,,,,,,,,,,
ChIJDZ5TIrT_kT4Rc-v8MF9k6xs,willowbrook-nursery-muscat,Willowbrook Nursery Muscat,Schools,,school;education,,"Villa No.3422 and 3422A, Way No 3044، Muscat, Oman",Muscat,Oman,23.609068,58.449206,https://www.google.com/maps/place/?q=place_id:ChIJDZ5TIrT_kT4Rc-v8MF9k6xs,http://www.willowbrooknursery.org/,+968 9297 1611,http://www.willowbrooknursery.org/,https://www.google.com/s2/favicons?domain=www.willowbrooknursery.org&sz=128,,,,,,,,,,,,,4.90,,,,,,39,Google,,2025-10-04,,,,,,,,,,
ChIJ644gwMH5kT4RSoUBZ2dfAFQ,al-fitrah-islamic-pre-school,al fitrah islamic pre school,Schools,,school;education,,"Al Fitra Islamic Preschool, behind round about of central Bank of oman, مسقط 112, Oman",Muscat,Oman,23.601210,58.544092,https://www.google.com/maps/place/?q=place_id:ChIJ644gwMH5kT4RSoUBZ2dfAFQ,https://www.google.com/maps/place/?q=place_id:ChIJ644gwMH5kT4RSoUBZ2dfAFQ,,https://www.google.com/maps/place/?q=place_id:ChIJ644gwMH5kT4RSoUBZ2dfAFQ,https://www.google.com/s2/favicons?domain=www.google.com&sz=128,,,,,,,,,,,,,5.00,,,,,,3,Google,,2025-10-04,,,,,,,,,,
ChIJMQd2kOL_kT4RMV-uEwsSLUs,capital-private-school-muscat,capital private school Muscat,Schools,,school;education,,"Al Maha St, Muscat, Oman",Muscat,Oman,23.588936,58.440357,https://www.google.com/maps/place/?q=place_id:ChIJMQd2kOL_kT4RMV-uEwsSLUs,https://www.google.com/maps/place/?q=place_id:ChIJMQd2kOL_kT4RMV-uEwsSLUs,+968 9980 1655,https://www.google.com/maps/place/?q=place_id:ChIJMQd2kOL_kT4RMV-uEwsSLUs,https://www.google.com/s2/favicons?domain=www.google.com&sz=128,,,,,,,,,,,,,,,,,,,,,,2025-10-04,,,,,,,,,,
ChIJGZf324L_kT4Rcks1oC5zktQ,,اللعاب وتسالي اطفال (اكادمية المستقبل),Schools,,school;education,,"HCC8+PFV, 33 Al Maha St, Muscat, Oman",Muscat,Oman,23.571864,58.416045,https://www.google.com/maps/place/?q=place_id:ChIJGZf324L_kT4Rcks1oC5zktQ,https://www.google.com/maps/place/?q=place_id:ChIJGZf324L_kT4Rcks1oC5zktQ,+968 9784 5066,https://www.google.com/maps/place/?q=place_id:ChIJGZf324L_kT4Rcks1oC5zktQ,https://www.google.com/s2/favicons?domain=www.google.com&sz=128,,,,,,,,,,,,,,,,,,,,,,2025-10-04,,,,,,,,,,
ChIJ1Vuq8Qb3kT4RsePrDM8D3DQ,5-12,المدرسة السعيدية للتعليم الأساسي بمسقط 5-12,Schools,,school;education,,"JH7R+9V7, Muscat, Oman",Muscat,Oman,23.613409,58.592185,https://www.google.com/maps/place/?q=place_id:ChIJ1Vuq8Qb3kT4RsePrDM8D3DQ,https://m.facebook.com/%D8%A7%D9%84%D9%85%D8%AF%D8%B1%D8%B3%D8%A9-%D8%A7%D9%84%D8%B3%D8%B9%D9%8A%D8%AF%D9%8A%D8%A9-%D9%84%D9%84%D8%AA%D8%B9%D9%84%D9%8A%D9%85-%D8%A7%D9%84%D8%A3%D8%B3%D8%A7%D8%B3%D9%8A-%D8%A8%D9%85%D8%B3%D9%82%D8%B7-1439575432937944/,+968 24 722354,https://m.facebook.com/%D8%A7%D9%84%D9%85%D8%AF%D8%B1%D8%B3%D8%A9-%D8%A7%D9%84%D8%B3%D8%B9%D9%8A%D8%AF%D9%8A%D8%A9-%D9%84%D9%84%D8%AA%D8%B9%D9%84%D9%8A%D9%85-%D8%A7%D9%84%D8%A3%D8%B3%D8%A7%D8%B3%D9%8A-%D8%A8%D9%85%D8%B3%D9%82%D8%B7-1439575432937944/,https://www.google.com/s2/favicons?domain=m.facebook.com&sz=128,,,,,,,,,,,,,,,,,,,,,,2025-10-04,,,,,,,,,,
ChIJlaSdnR7_kT4RF_mwDvzRD64,al-fikriya-school,المدرسة الفكرية Al Fikriya School,Schools,,school;education,,"Al Fikriyah School, Muscat, Oman",Muscat,Oman,23.585201,58.434516,https://www.google.com/maps/place/?q=place_id:ChIJlaSdnR7_kT4RF_mwDvzRD64,https://www.google.com/maps/place/?q=place_id:ChIJlaSdnR7_kT4RF_mwDvzRD64,+968 24 255087,https://www.google.com/maps/place/?q=place_id:ChIJlaSdnR7_kT4RF_mwDvzRD64,https://www.google.com/s2/favicons?domain=www.google.com&sz=128,,,,,,,,,,,,,,,,,,,,,,2025-10-04,,,,,,,,,,
ChIJu2AybCf_kT4RGAc4O4Xm80M,philippine-school-oman,المدرسة الفلبينية Philippine School Oman,Schools,,school;education,,"HCPW+8XX, Muscat, Oman",Muscat,Oman,23.585864,58.447477,https://www.google.com/maps/place/?q=place_id:ChIJu2AybCf_kT4RGAc4O4Xm80M,https://www.pso.edu.om/,+968 24 697636,https://www.pso.edu.om/,https://www.google.com/s2/favicons?domain=www.pso.edu.om&sz=128,,,,,,,,,,,,,,,,,,,,,,2025-10-04,,,,,,,,,,
ChIJ8Y9272YBjj4Rmsj2DW9ljUc,,المدرسة المصرية مسقط - الانصب,Schools,,school;education,,"G9P2+6PJ, Unnamed Road, Muscat, Oman",Muscat,Oman,23.535592,58.351757,https://www.google.com/maps/place/?q=place_id:ChIJ8Y9272YBjj4Rmsj2DW9ljUc,https://www.google.com/maps/place/?q=place_id:ChIJ8Y9272YBjj4Rmsj2DW9ljUc,+968 24 202221,https://www.google.com/maps/place/?q=place_id:ChIJ8Y9272YBjj4Rmsj2DW9ljUc,https://www.google.com/s2/favicons?domain=www.google.com&sz=128,,,,,,,,,,,,,,,,,,,,,,2025-10-04,,,,,,,,,,
ChIJWeMyuub9jT4Rp0Rws2zvlmg,read-learn-nursery,حضانة اقرأ وتعلم Read & learn nursery,Schools,,school;education,,"2227way, شارع الروضة، مسقط، Oman",Muscat,Oman,23.652262,58.226320,https://www.google.com/maps/place/?q=place_id:ChIJWeMyuub9jT4Rp0Rws2zvlmg,https://www.google.com/maps/place/?q=place_id:ChIJWeMyuub9jT4Rp0Rws2zvlmg,+968 9484 8018,https://www.google.com/maps/place/?q=place_id:ChIJWeMyuub9jT4Rp0Rws2zvlmg,https://www.google.com/s2/favicons?domain=www.google.com&sz=128,,,,,,,,,,,,,5.00,,,,,,30,Google,,2025-10-04,,,,,,,,,,
ChIJ2eD061z3kT4RNwrruXDznoo,,حضانة جنتي,Schools,,school;education,,"HHP7+8JF, Muscat, Oman",Muscat,Oman,23.585806,58.564037,https://www.google.com/maps/place/?q=place_id:ChIJ2eD061z3kT4RNwrruXDznoo,https://www.google.com/maps/place/?q=place_id:ChIJ2eD061z3kT4RNwrruXDznoo,+968 9424 9654,https://www.google.com/maps/place/?q=place_id:ChIJ2eD061z3kT4RNwrruXDznoo,https://www.google.com/s2/favicons?domain=www.google.com&sz=128,,,,,,,,,,,,,4.10,,,,,,15,Google,,2025-10-04,,,,,,,,,,
ChIJS5YARpb5kT4RvtZ228QddQ8,kids-kingdom-nursery,حضانة مملكة الأطفال Kids Kingdom Nursery,Schools,,school;education,,"JGF2+C7H, Muscat, Oman",Muscat,Oman,23.623573,58.500726,https://www.google.com/maps/place/?q=place_id:ChIJS5YARpb5kT4RvtZ228QddQ8,https://www.google.com/maps/place/?q=place_id:ChIJS5YARpb5kT4RvtZ228QddQ8,+968 7240 6346,https://www.google.com/maps/place/?q=place_id:ChIJS5YARpb5kT4RvtZ228QddQ8,https://www.google.com/s2/favicons?domain=www.google.com&sz=128,,,,,,,,,,,,,4.70,,,,,,12,Google,,2025-10-04,,,,,,,,,,
ChIJuSnc5Sz9jT4Rv5DZ1m5veSo,ambitious-kids-private-kindergarten,روضة الطفل الطموح الخاصة Ambitious Kids Private Kindergarten,Schools,,school;education,,"3379 Way, Sib, Oman",Muscat,Oman,23.630323,58.208451,https://www.google.com/maps/place/?q=place_id:ChIJuSnc5Sz9jT4Rv5DZ1m5veSo,http://www.akpkmuscat.com/,+968 9639 2703,http://www.akpkmuscat.com/,https://www.google.com/s2/favicons?domain=www.akpkmuscat.com&sz=128,,,,,,,,,,,,,4.70,,,,,,77,Google,,2025-10-04,,,,,,,,,,
ChIJg4l1S0v_kT4REdp3ZUcIzn8,,روضه الخلد الخاصة,Schools,,school;education,,"5923, Muscat 130, Oman",Muscat,Oman,23.552040,58.404415,https://www.google.com/maps/place/?q=place_id:ChIJg4l1S0v_kT4REdp3ZUcIzn8,https://www.google.com/maps/place/?q=place_id:ChIJg4l1S0v_kT4REdp3ZUcIzn8,+968 9946 8879,https://www.google.com/maps/place/?q=place_id:ChIJg4l1S0v_kT4REdp3ZUcIzn8,https://www.google.com/s2/favicons?domain=www.google.com&sz=128,,,,,,,,,,,,,5.00,,,,,,4,Google,,2025-10-04,,,,,,,,,,
ChIJ9cbz8Hj_kT4R7N0DajvqwJ0,,كتيبة غلاء لتدريب القوات المسلحة,Schools,,school;education,,"G9WF+6H7, Muscat Expy, Muscat, Oman",Muscat,Oman,23.545704,58.373800,https://www.google.com/maps/place/?q=place_id:ChIJ9cbz8Hj_kT4R7N0DajvqwJ0,https://www.google.com/maps/place/?q=place_id:ChIJ9cbz8Hj_kT4R7N0DajvqwJ0,,https://www.google.com/maps/place/?q=place_id:ChIJ9cbz8Hj_kT4R7N0DajvqwJ0,https://www.google.com/s2/favicons?domain=www.google.com&sz=128,,,,,,,,,,,,,4.60,,,,,,11,Google,,2025-10-04,,,,,,,,,,
ChIJEbhu1F_9jT4R4-T5wObou1g,royal-grammar-school-guildford-muscat-rgsg,مدرسة ار جي اس جي العالمية Royal Grammar School Guildford Muscat (RGSG),Schools,,school;education,,"3315 Way, Muscat, Oman",Muscat,Oman,23.633285,58.202431,https://www.google.com/maps/place/?q=place_id:ChIJEbhu1F_9jT4R4-T5wObou1g,https://rgsgm.com/,+968 9012 1414,https://rgsgm.com/,https://www.google.com/s2/favicons?domain=rgsgm.com&sz=128,,,,,,,,,,,,,,,,,,,,,,2025-10-04,,,,,,,,,,
ChIJW2gisgj_kT4RmbZMo7FssWU,5-10,مدرسة اروى بنت عبدالمطلب للبنات 5-10,Schools,,school;education,,"Arwa Bint Abdul Mutalib School, Muscat, Oman",Muscat,Oman,23.540133,58.394682,https://www.google.com/maps/place/?q=place_id:ChIJW2gisgj_kT4RmbZMo7FssWU,https://twitter.com/fanaryabdullah?s=09,+968 24 590909,https://twitter.com/fanaryabdullah?s=09,https://www.google.com/s2/favicons?domain=twitter.com&sz=128,,,,,,,,,,,,,,,,,,,,,,2025-10-04,,,,,,,,,,
ChIJo_lv5fr5kT4RaMJ9_gb9dws,,مدرسة الآمال للتعليم الأساسي,Schools,,school;education,,"3240 Way, Muscat, Oman",Muscat,Oman,23.606777,58.550360,https://www.google.com/maps/place/?q=place_id:ChIJo_lv5fr5kT4RaMJ9_gb9dws,https://twitter.com/alamaalschool?s=09,+968 24 706009,https://twitter.com/alamaalschool?s=09,https://www.google.com/s2/favicons?domain=twitter.com&sz=128,,,,,,,,,,,,,,,,,,,,,,2025-10-04,,,,,,,,,,
ChIJKxDN_V74kT4R8JPHnYfvxus,,مدرسة الإمام جابر بن زيد,Schools,,school;education,,"JG86+VQ6, Muscat, Oman",Muscat,Oman,23.617153,58.511876,https://www.google.com/maps/place/?q=place_id:ChIJKxDN_V74kT4R8JPHnYfvxus,https://twitter.com/jaberschools?s=09,+968 24 563161,https://twitter.com/jaberschools?s=09,https://www.google.com/s2/favicons?domain=twitter.com&sz=128,,,,,,,,,,,,,,,,,,,,,,2025-10-04,,,,,,,,,,
ChIJrXUYUMz5kT4RZE7JCBOVSFw,,مدرسة البراعة للتعليم الاساسي,Schools,,school;education,,"JG2R+W22, Muscat 112, Oman",Muscat,Oman,23.602260,58.540006,https://www.google.com/maps/place/?q=place_id:ChIJrXUYUMz5kT4RZE7JCBOVSFw,https://www.google.com/maps/place/?q=place_id:ChIJrXUYUMz5kT4RZE7JCBOVSFw,+968 22 716121,https://www.google.com/maps/place/?q=place_id:ChIJrXUYUMz5kT4RZE7JCBOVSFw,https://www.google.com/s2/favicons?domain=www.google.com&sz=128,,,,,,,,,,,,,,,,,,,,,,2025-10-04,,,,,,,,,,
ChIJPVdOFZj9jT4RZ7DR_srp3Tc,albayan-private-school,مدرسة البيان الخاصة Albayan private school,Schools,,school;education,,"1331, مسقط، Oman",Muscat,Oman,23.601332,58.216101,https://www.google.com/maps/place/?q=place_id:ChIJPVdOFZj9jT4RZ7DR_srp3Tc,https://instagram.com/albayan.private.school?igshid=MzRlODBiNWFlZA==,+968 9807 3131,https://instagram.com/albayan.private.school?igshid=MzRlODBiNWFlZA==,https://www.google.com/s2/favicons?domain=instagram.com&sz=128,,,,,,,,,,,,,,,,,,,,,,2025-10-04,,,,,,,,,,
ChIJaexU6Rr3kT4RL4V1BFQYQnY,,مدرسة التوفيق للتعليم الأساسي,Schools,,school;education,,"HHWW+FPG، Unnamed Road، Muscat, Oman",Muscat,Oman,23.596193,58.596838,https://www.google.com/maps/place/?q=place_id:ChIJaexU6Rr3kT4RL4V1BFQYQnY,https://www.google.com/maps/place/?q=place_id:ChIJaexU6Rr3kT4RL4V1BFQYQnY,+968 24 736945,https://www.google.com/maps/place/?q=place_id:ChIJaexU6Rr3kT4RL4V1BFQYQnY,https://www.google.com/s2/favicons?domain=www.google.com&sz=128,,,,,,,,,,,,,,,,,,,,,,2025-10-04,,,,,,,,,,
ChIJ8ai4J8f9jT4RYag6Qoe8MX4,,مدرسة الجيل المبدع الخاصة,Schools,,school;education,,"119, السيب‎، Oman",Muscat,Oman,23.607587,58.229531,https://www.google.com/maps/place/?q=place_id:ChIJ8ai4J8f9jT4RYag6Qoe8MX4,https://www.google.com/maps/place/?q=place_id:ChIJ8ai4J8f9jT4RYag6Qoe8MX4,+968 9821 4841,https://www.google.com/maps/place/?q=place_id:ChIJ8ai4J8f9jT4RYag6Qoe8MX4,https://www.google.com/s2/favicons?domain=www.google.com&sz=128,,,,,,,,,,,,,5.00,,,,,,1,Google,,2025-10-04,,,,,,,,,,
ChIJN0q4SJH5kT4RXoFvayqOhWw,,مدرسة الحضاره للتعليم الاساسي,Schools,,school;education,,"HGQV+9JM, Village, Muscat, Oman",Muscat,Oman,23.588470,58.544040,https://www.google.com/maps/place/?q=place_id:ChIJN0q4SJH5kT4RXoFvayqOhWw,https://twitter.com/alhadarah1?s=09,+968 24 833202,https://twitter.com/alhadarah1?s=09,https://www.google.com/s2/favicons?domain=twitter.com&sz=128,,,,,,,,,,,,,,,,,,,,,,2025-10-04,,,,,,,,,,
ChIJjSuZuAv3kT4R7w6EjfX1LVw,,مدرسة الزهراء للتعليم الاساسي,Schools,,school;education,,"JH7Q+7M2, Muscat, Oman",Muscat,Oman,23.613142,58.589133,https://www.google.com/maps/place/?q=place_id:ChIJjSuZuAv3kT4R7w6EjfX1LVw,https://www.google.com/maps/place/?q=place_id:ChIJjSuZuAv3kT4R7w6EjfX1LVw,+968 24 738249,https://www.google.com/maps/place/?q=place_id:ChIJjSuZuAv3kT4R7w6EjfX1LVw,https://www.google.com/s2/favicons?domain=www.google.com&sz=128,,,,,,,,,,,,,,,,,,,,,,2025-10-04,,,,,,,,,,
ChIJWXPiyE33kT4RTV8aJ3oU5ms,,مدرسة الشريعة الخالدة الخاصة (تعليم القرآن الكريم),Schools,,school;education,,"الوادي الكبير، Muscat, Oman",Muscat,Oman,23.573877,58.567780,https://www.google.com/maps/place/?q=place_id:ChIJWXPiyE33kT4RTV8aJ3oU5ms,https://www.google.com/maps/place/?q=place_id:ChIJWXPiyE33kT4RTV8aJ3oU5ms,+968 24 819112,https://www.google.com/maps/place/?q=place_id:ChIJWXPiyE33kT4RTV8aJ3oU5ms,https://www.google.com/s2/favicons?domain=www.google.com&sz=128,,,,,,,,,,,,,,,,,,,,,,2025-10-04,,,,,,,,,,
ChIJHfoAupX7kT4RmXofW6oGiq4,,مدرسة الطلائع الواعده الخاصة,Schools,,school;education,,"العامرات،، الخامسة خلف مسجد, Al Ehsan St, Al Amarat, Oman",Muscat,Oman,23.494614,58.492908,https://www.google.com/maps/place/?q=place_id:ChIJHfoAupX7kT4RmXofW6oGiq4,https://www.google.com/maps/place/?q=place_id:ChIJHfoAupX7kT4RmXofW6oGiq4,+968 9227 7235,https://www.google.com/maps/place/?q=place_id:ChIJHfoAupX7kT4RmXofW6oGiq4,https://www.google.com/s2/favicons?domain=www.google.com&sz=128,,,,,,,,,,,,,,,,,,,,,,2025-10-04,,,,,,,,,,
ChIJZfBwrHr_kT4RA7j7I3wHEl4,al-ghubra-private-school,مدرسة الغبرة الخاصة Al Ghubra Private School,Schools,,school;education,,"18 18th November St, Muscat 111, Oman",Muscat,Oman,23.593651,58.383898,https://www.google.com/maps/place/?q=place_id:ChIJZfBwrHr_kT4RA7j7I3wHEl4,https://ghubrapvts.com/,+968 9987 0789,https://ghubrapvts.com/,https://www.google.com/s2/favicons?domain=ghubrapvts.com&sz=128,,,,,,,,,,,,,,,,,,,,,,2025-10-04,,,,,,,,,,
ChIJUceCvC3_kT4RpergSCf3H4I,,مدرسة القارئ العبقري فرع بوشر,Schools,,school;education,,"العذيبة, Muscat 130, Oman",Muscat,Oman,23.550620,58.403999,https://www.google.com/maps/place/?q=place_id:ChIJUceCvC3_kT4RpergSCf3H4I,https://g-reader-school.com/,+968 9771 9795,https://g-reader-school.com/,https://www.google.com/s2/favicons?domain=g-reader-school.com&sz=128,,,,,,,,,,,,,,,,,,,,,,2025-10-04,,,,,,,,,,
ChIJt70bqH_9jT4RH6mBycw1G5Q,,مدرسة المعرفة الحديثة الخاصة,Schools,,school;education,,"J65J+366, Seeb, Oman",Muscat,Oman,23.607658,58.230504,https://www.google.com/maps/place/?q=place_id:ChIJt70bqH_9jT4RH6mBycw1G5Q,https://instagram.com/mkps_oman?utm_medium=copy_link,,https://instagram.com/mkps_oman?utm_medium=copy_link,https://www.google.com/s2/favicons?domain=instagram.com&sz=128,,,,,,,,,,,,,,,,,,,,,,2025-10-04,,,,,,,,,,
ChIJDV99Y835kT4R99B6VvCbg-M,,مدرسة النجاح الخاصة,Schools,,school;education,,"JG3V+M2V, Muscat, Oman",Muscat,Oman,23.604230,58.542558,https://www.google.com/maps/place/?q=place_id:ChIJDV99Y835kT4R99B6VvCbg-M,https://www.google.com/maps/place/?q=place_id:ChIJDV99Y835kT4R99B6VvCbg-M,+968 24 790282,https://www.google.com/maps/place/?q=place_id:ChIJDV99Y835kT4R99B6VvCbg-M,https://www.google.com/s2/favicons?domain=www.google.com&sz=128,,,,,,,,,,,,,,,,,,,,,,2025-10-04,,,,,,,,,,
ChIJ5V135Vv3kT4RmGaCC14dmBw,,مدرسة الوادي الكبير لتعليم الاساسي بنات,Schools,,school;education,,"HHJ8+936, Muscat, Oman",Muscat,Oman,23.581381,58.564541,https://www.google.com/maps/place/?q=place_id:ChIJ5V135Vv3kT4RmGaCC14dmBw,https://www.google.com/maps/place/?q=place_id:ChIJ5V135Vv3kT4RmGaCC14dmBw,+968 24 817353,https://www.google.com/maps/place/?q=place_id:ChIJ5V135Vv3kT4RmGaCC14dmBw,https://www.google.com/s2/favicons?domain=www.google.com&sz=128,,,,,,,,,,,,,,,,,,,,,,2025-10-04,,,,,,,,,,
ChIJ_UrrUQD5kT4Rv_tiD-VuLV4,,مدرسة تحفيظ القرآن الكريم,Schools,,school;education,,"1920 Darsayt St, Muscat, Oman",Muscat,Oman,23.617082,58.541269,https://www.google.com/maps/place/?q=place_id:ChIJ_UrrUQD5kT4Rv_tiD-VuLV4,https://www.google.com/maps/place/?q=place_id:ChIJ_UrrUQD5kT4Rv_tiD-VuLV4,,https://www.google.com/maps/place/?q=place_id:ChIJ_UrrUQD5kT4Rv_tiD-VuLV4,https://www.google.com/s2/favicons?domain=www.google.com&sz=128,,,,,,,,,,,,,,,,,,,,,,2025-10-04,,,,,,,,,,
ChIJhQlusdT5kT4RCkgIFG7ndg0,,مدرسة حسان بن ثابت,Schools,,school;education,,"JG4X+VRH, Muscat, Oman",Muscat,Oman,23.607190,58.549610,https://www.google.com/maps/place/?q=place_id:ChIJhQlusdT5kT4RCkgIFG7ndg0,https://twitter.com/hassan777school?s=09,+968 24 795566,https://twitter.com/hassan777school?s=09,https://www.google.com/s2/favicons?domain=twitter.com&sz=128,,,,,,,,,,,,,5.00,,,,,,1,Google,,2025-10-04,,,,,,,,,,
ChIJLfoiKOb3kT4RRlAv2xQaQAY,,مدرسة راشد بن النضر,Schools,,school;education,,"HHWW+GJJ, Al Saidiya St, Muscat, Oman",Muscat,Oman,23.596339,58.596528,https://www.google.com/maps/place/?q=place_id:ChIJLfoiKOb3kT4RRlAv2xQaQAY,https://twitter.com/rashidmoe1103?s=09,+968 24 737644,https://twitter.com/rashidmoe1103?s=09,https://www.google.com/s2/favicons?domain=twitter.com&sz=128,,,,,,,,,,,,,,,,,,,,,,2025-10-04,,,,,,,,,,
ChIJIad_gcv3kT4RrSifzF8cmRg,,مدرسة زبيدة أم الأمين,Schools,,school;education,,"HHQX+WCX, Al Saidiya St, Muscat, Oman",Muscat,Oman,23.589856,58.598623,https://www.google.com/maps/place/?q=place_id:ChIJIad_gcv3kT4RrSifzF8cmRg,https://www.instagram.com/zubidaschool83/,+968 24 737881,https://www.instagram.com/zubidaschool83/,https://www.google.com/s2/favicons?domain=www.instagram.com&sz=128,,,,,,,,,,,,,,,,,,,,,,2025-10-04,,,,,,,,,,
ChIJMfU2zHf9jT4Rl5ymE31Uk3Q,maps-school,مدرسة متعة التعليم الخاصة maps school,Schools,,school;education,,"muscat, Seeb 111, Oman",Muscat,Oman,23.602415,58.219300,https://www.google.com/maps/place/?q=place_id:ChIJMfU2zHf9jT4Rl5ymE31Uk3Q,http://muscatmaps.com/,+968 7119 0923,http://muscatmaps.com/,https://www.google.com/s2/favicons?domain=muscatmaps.com&sz=128,,,,,,,,,,,,,,,,,,,,,,2025-10-04,,,,,,,,,,
ChIJfSohogMAjj4RDba5mNhbzv0,,مدرسة معاذ بن جبل الخاصة,Schools,,school;education,,"4852 Way, Muscat, Oman",Muscat,Oman,23.601427,58.367523,https://www.google.com/maps/place/?q=place_id:ChIJfSohogMAjj4RDba5mNhbzv0,https://www.google.com/maps/place/?q=place_id:ChIJfSohogMAjj4RDba5mNhbzv0,+968 9511 1049,https://www.google.com/maps/place/?q=place_id:ChIJfSohogMAjj4RDba5mNhbzv0,https://www.google.com/s2/favicons?domain=www.google.com&sz=128,,,,,,,,,,,,,,,,,,,,,,2025-10-04,,,,,,,,,,
ChIJ9UGhlgnjjT4RXWbjtuT4FEw,manazil-al-huroof-school,مدرسة منازل الحروف Manazil Al Huroof School,Schools,,school;education,,"Unnamed Road, السيب‎، Oman",Muscat,Oman,23.606664,58.186267,https://www.google.com/maps/place/?q=place_id:ChIJ9UGhlgnjjT4RXWbjtuT4FEw,https://www.google.com/maps/place/?q=place_id:ChIJ9UGhlgnjjT4RXWbjtuT4FEw,+968 7997 1990,https://www.google.com/maps/place/?q=place_id:ChIJ9UGhlgnjjT4RXWbjtuT4FEw,https://www.google.com/s2/favicons?domain=www.google.com&sz=128,,,,,,,,,,,,,5.00,,,,,,25,Google,,2025-10-04,,,,,,,,,,
ChIJX6cBst0Bjj4RwHXlVTRCt34,,مدرسة منبع الإيمان للتعليم الأساسي,Schools,,school;education,,"G9W7+PGX, Muscat, Oman",Muscat,Oman,23.546857,58.363862,https://www.google.com/maps/place/?q=place_id:ChIJX6cBst0Bjj4RwHXlVTRCt34,https://twitter.com/manbaleman?s=09,+968 24 587339,https://twitter.com/manbaleman?s=09,https://www.google.com/s2/favicons?domain=twitter.com&sz=128,,,,,,,,,,,,,,,,,,,,,,2025-10-04,,,,,,,,,,
ChIJER5rKArykT4RCauM4zUKDrs,,مدرسة يتي للتعليم الاساسي,Schools,,school;education,,"GM47+W68, Yiti, Oman",Muscat,Oman,23.507295,58.663089,https://www.google.com/maps/place/?q=place_id:ChIJER5rKArykT4RCauM4zUKDrs,https://twitter.com/yittischool?s=09,+968 9931 4439,https://twitter.com/yittischool?s=09,https://www.google.com/s2/favicons?domain=twitter.com&sz=128,,,,,,,,,,,,,,,,,,,,,,2025-10-04,,,,,,,,,,
ChIJv0NbHpT3kT4RkZhOb2jm7ek,,مقر الارسالية العربية في مسقط,Schools,,school;education,,"JH7Q+V9W, Muscat, Oman",Muscat,Oman,23.614745,58.588465,https://www.google.com/maps/place/?q=place_id:ChIJv0NbHpT3kT4RkZhOb2jm7ek,https://www.google.com/maps/place/?q=place_id:ChIJv0NbHpT3kT4RkZhOb2jm7ek,,https://www.google.com/maps/place/?q=place_id:ChIJv0NbHpT3kT4RkZhOb2jm7ek,https://www.google.com/s2/favicons?domain=www.google.com&sz=128,,,,,,,,,,,,,,,,,,,,,,2025-10-04,,,,,,,,,,
ChIJl56KVa79jT4RicFOkTkFrG4,n,من يبين n,Schools,,school;education,,"J63F+CFV, Souq_1, Sib, Oman",Muscat,Oman,23.603603,58.223672,https://www.google.com/maps/place/?q=place_id:ChIJl56KVa79jT4RicFOkTkFrG4,https://www.google.com/maps/place/?q=place_id:ChIJl56KVa79jT4RicFOkTkFrG4,+968 9407 0946,https://www.google.com/maps/place/?q=place_id:ChIJl56KVa79jT4RicFOkTkFrG4,https://www.google.com/s2/favicons?domain=www.google.com&sz=128,,,,,,,,,,,,,,,,,,,,,,2025-10-04,,,,,,,,,,
